order_id,customer_id,order_date,total_amount,payment_method
1,1,2021-09-30,3973.6,Credit Card
2,1,2021-10-21,1903.68,Wallet
3,1,2022-01-24,7053.11,Cash on Delivery
4,1,2022-02-11,564.9,Cash on Delivery
5,1,2022-03-16,2098.93,Net Banking
6,1,2022-04-19,551.68,UPI
7,1,2022-05-11,3829.17,Wallet
8,1,2022-05-26,11436.84,Debit Card
9,1,2022-05-31,18381.98,Debit Card
10,1,2022-07-06,6133.88,UPI
11,1,2022-08-31,2715.63,Cash on Delivery
12,1,2022-09-07,12892.11,Cash on Delivery
13,1,2022-09-16,4764.34,Net Banking
14,1,2022-10-01,10030.55,Wallet
15,1,2022-12-16,7651.16,Debit Card
16,1,2023-03-19,998.92,Net Banking
17,1,2023-04-10,3571.66,Net Banking
18,1,2023-04-26,586.53,Net Banking
19,1,2023-04-29,7034.28,Debit Card
20,1,2023-10-04,1152.24,Wallet
21,1,2023-11-18,9173.18,Net Banking
22,1,2023-12-10,1860.48,Debit Card
23,1,2024-01-27,3884.78,Debit Card
24,1,2024-03-20,3497.79,Debit Card
25,1,2024-06-01,5709.7,Net Banking
26,1,2024-06-10,7951.17,Wallet
27,1,2024-07-08,2706.64,Net Banking
28,1,2024-07-13,9989.34,Cash on Delivery
29,1,2024-07-18,17318.44,Credit Card
30,1,2024-09-05,1759.24,Credit Card
31,1,2024-09-28,14705.81,UPI
32,1,2025-03-28,4507.21,Credit Card
33,1,2025-04-25,1957.83,Credit Card
34,1,2025-04-27,679.23,Net Banking
35,1,2025-05-15,3518.83,Debit Card
36,1,2025-05-22,4795.35,Debit Card
37,1,2025-06-08,2075.64,Credit Card
38,1,2025-08-19,1847.88,Debit Card
39,1,2025-08-20,14339.33,Wallet
40,1,2025-08-26,488.03,UPI
41,1,2025-10-08,7495.09,Debit Card
42,1,2025-11-04,3569.52,Net Banking
43,1,2025-12-12,11808.24,Debit Card
44,2,2023-12-13,3418.49,UPI
45,2,2024-04-28,8175.57,Wallet
46,2,2024-06-22,6416.1,Net Banking
47,2,2024-08-02,3696.63,Net Banking
48,2,2024-12-08,3223.04,Cash on Delivery
49,2,2025-10-13,12030.25,Wallet
50,2,2025-12-10,791.64,UPI
51,3,2022-09-19,2367.69,Debit Card
52,3,2022-09-21,2071.9,Cash on Delivery
53,3,2022-10-14,9685.64,Wallet
54,3,2022-10-20,7895.73,Debit Card
55,3,2022-10-28,13948.6,Wallet
56,3,2022-10-28,15376.9,Wallet
57,3,2022-11-04,11817.8,Debit Card
58,3,2022-12-16,3932.71,Cash on Delivery
59,3,2022-12-26,8161.98,Credit Card
60,3,2023-02-05,4599.6,Credit Card
61,3,2023-03-16,499.66,Cash on Delivery
62,3,2023-03-19,3455.21,Wallet
63,3,2023-04-02,1946.02,UPI
64,3,2023-05-10,7258.44,Cash on Delivery
65,3,2023-07-16,17689.86,Net Banking
66,3,2023-07-30,5430.8,Debit Card
67,3,2023-08-05,2816.35,Debit Card
68,3,2023-10-25,115.19,Net Banking
69,3,2023-11-27,823.78,UPI
70,3,2023-12-07,2333.72,Net Banking
71,3,2024-01-09,7504.72,Credit Card
72,3,2024-01-27,2170.68,Cash on Delivery
73,3,2024-02-22,1722.86,Cash on Delivery
74,3,2024-03-07,1991.89,Credit Card
75,3,2024-03-12,10970.88,Debit Card
76,3,2024-04-02,2831.68,Credit Card
77,3,2024-05-05,1738.8,Credit Card
78,3,2024-05-24,6796.29,Wallet
79,3,2024-05-31,5913.84,UPI
80,3,2024-06-16,5480.01,Cash on Delivery
81,3,2024-06-18,4557.0,Wallet
82,3,2024-07-13,7988.55,Net Banking
83,3,2024-07-22,7626.52,Wallet
84,3,2024-08-01,4205.01,Net Banking
85,3,2024-08-30,9768.49,UPI
86,3,2024-10-04,13377.23,Debit Card
87,3,2024-10-07,8520.7,Wallet
88,3,2025-03-04,20209.34,Wallet
89,3,2025-03-30,3578.62,Net Banking
90,3,2025-05-05,6741.71,Cash on Delivery
91,3,2025-05-07,1667.86,UPI
92,3,2025-05-22,6355.61,Net Banking
93,3,2025-07-26,6507.4,UPI
94,3,2025-08-03,4173.27,UPI
95,3,2025-08-14,1154.46,Cash on Delivery
96,3,2025-11-02,1263.12,Wallet
97,3,2025-12-10,4369.15,Cash on Delivery
98,3,2025-12-30,2551.6,UPI
99,4,2023-10-18,414.51,Debit Card
100,4,2023-11-06,13662.63,Cash on Delivery
101,4,2023-11-06,2413.68,UPI
102,4,2024-06-05,5945.45,UPI
103,4,2024-06-26,2318.55,Net Banking
104,4,2024-06-28,10791.59,Credit Card
105,4,2024-07-14,9818.96,Cash on Delivery
106,4,2024-11-09,4492.85,Debit Card
107,4,2025-01-24,1866.79,UPI
108,4,2025-02-17,6997.68,Credit Card
109,4,2025-03-26,6681.13,Debit Card
110,4,2025-05-30,1099.78,Credit Card
111,4,2025-06-14,4324.96,Cash on Delivery
112,4,2025-07-20,700.8,Wallet
113,4,2025-07-21,8324.54,UPI
114,4,2025-09-11,596.04,Net Banking
115,5,2024-06-14,289.12,Cash on Delivery
116,5,2024-06-27,475.5,Credit Card
117,5,2025-05-16,2259.0,Wallet
118,5,2025-06-01,5563.07,Wallet
119,5,2025-08-31,6542.36,Wallet
120,5,2025-09-29,6516.24,Cash on Delivery
121,6,2025-11-12,5426.11,Net Banking
122,7,2022-08-13,16057.91,Wallet
123,7,2022-09-11,6277.07,Net Banking
124,7,2022-12-31,7222.23,Cash on Delivery
125,7,2023-01-06,2427.0,Debit Card
126,7,2023-03-08,2786.8,Credit Card
127,7,2023-03-14,17077.53,Cash on Delivery
128,7,2023-05-14,5698.7,Credit Card
129,7,2023-05-29,7339.66,Wallet
130,7,2023-07-22,11856.91,Wallet
131,7,2023-08-28,10561.01,UPI
132,7,2023-09-06,19830.79,Credit Card
133,7,2024-01-04,3532.75,Cash on Delivery
134,7,2024-06-15,10757.44,Net Banking
135,7,2024-12-02,11213.24,UPI
136,7,2025-01-19,1466.62,Debit Card
137,7,2025-01-26,4959.81,Debit Card
138,7,2025-04-17,7857.85,Cash on Delivery
139,7,2025-06-26,6422.84,Net Banking
140,7,2025-07-13,5852.37,Debit Card
141,7,2025-07-15,4631.96,Credit Card
142,7,2025-09-03,10111.4,Debit Card
143,7,2025-09-20,1213.0,UPI
144,7,2025-12-08,3898.91,Debit Card
145,8,2022-04-01,14142.11,Debit Card
146,8,2022-07-15,530.74,Debit Card
147,8,2022-07-30,3732.06,UPI
148,8,2022-10-26,2193.35,UPI
149,8,2023-08-15,14633.98,Net Banking
150,8,2024-03-11,5375.52,Wallet
151,8,2024-05-28,2407.25,Net Banking
152,8,2024-10-17,2580.63,Net Banking
153,8,2024-11-14,4964.59,Credit Card
154,8,2025-03-08,7015.9,UPI
155,8,2025-05-05,1407.27,Credit Card
156,8,2025-08-04,3750.56,Cash on Delivery
157,8,2025-09-08,11754.61,Net Banking
158,8,2025-09-23,6091.62,Cash on Delivery
159,8,2025-12-20,5744.29,Wallet
160,9,2023-06-20,12885.18,Cash on Delivery
161,9,2023-07-04,9068.8,UPI
162,9,2023-09-05,9228.03,Cash on Delivery
163,9,2024-08-26,11903.57,Cash on Delivery
164,9,2025-01-30,2138.7,Wallet
165,9,2025-08-01,5532.36,Net Banking
166,10,2025-03-26,9455.88,Cash on Delivery
167,10,2025-03-31,6497.93,Wallet
168,10,2025-09-21,5307.29,UPI
169,10,2025-10-10,10230.78,Cash on Delivery
170,11,2024-07-06,14895.39,Net Banking
171,11,2024-07-27,8595.8,Debit Card
172,11,2024-08-30,10190.48,Wallet
173,11,2024-11-04,4769.63,Credit Card
174,11,2024-11-14,1397.1,Wallet
175,11,2024-11-24,2872.83,Debit Card
176,11,2025-07-04,9556.21,Cash on Delivery
177,11,2025-08-14,11747.21,UPI
178,11,2025-09-14,7523.7,UPI
179,11,2025-11-08,2890.77,Net Banking
180,11,2025-11-21,8682.67,Cash on Delivery
181,11,2025-11-25,618.18,Net Banking
182,11,2025-12-11,6583.23,Wallet
183,12,2025-08-03,8193.44,UPI
184,12,2025-12-19,7380.43,Wallet
185,13,2023-11-23,5219.62,UPI
186,13,2024-03-02,14503.54,Net Banking
187,13,2024-03-06,11546.26,Debit Card
188,13,2024-07-21,1016.04,UPI
189,13,2024-07-27,2468.86,Cash on Delivery
190,13,2024-10-13,2398.04,Debit Card
191,13,2025-01-01,13297.15,Credit Card
192,13,2025-01-27,9108.39,Net Banking
193,13,2025-04-29,965.0,Credit Card
194,13,2025-07-20,937.98,UPI
195,13,2025-10-06,3459.02,Credit Card
196,14,2021-09-09,2733.38,UPI
197,14,2022-01-16,11154.08,Debit Card
198,14,2022-09-15,4591.81,Wallet
199,14,2022-10-24,4640.49,Debit Card
200,14,2022-10-26,845.74,Wallet
201,14,2022-11-25,1234.45,UPI
202,14,2022-12-12,8191.2,UPI
203,14,2023-03-17,12813.45,Wallet
204,14,2023-05-27,2695.24,Credit Card
205,14,2023-10-29,4782.76,Debit Card
206,14,2023-11-14,6198.45,Credit Card
207,14,2024-02-24,8506.68,Net Banking
208,14,2024-04-30,10398.6,Cash on Delivery
209,14,2024-05-27,1918.8,Net Banking
210,14,2024-06-01,7523.48,Debit Card
211,14,2024-11-05,8759.19,UPI
212,14,2025-01-03,13941.84,Cash on Delivery
213,14,2025-04-28,5801.33,Credit Card
214,14,2025-05-24,9912.04,Net Banking
215,14,2025-07-04,4941.52,Cash on Delivery
216,14,2025-07-11,1301.33,Debit Card
217,14,2025-08-13,5506.69,Net Banking
218,14,2025-08-29,3111.24,Net Banking
219,14,2025-12-16,1464.24,Debit Card
220,15,2022-10-30,5422.11,Net Banking
221,15,2022-11-26,4261.71,Net Banking
222,15,2025-04-06,1041.2,Credit Card
223,15,2025-07-13,1029.48,Credit Card
224,16,2024-08-23,7618.47,Debit Card
225,16,2025-02-13,5568.26,Net Banking
226,16,2025-05-14,4304.35,Debit Card
227,16,2025-06-12,7931.36,Debit Card
228,16,2025-08-23,3184.65,Wallet
229,16,2025-09-09,5310.42,UPI
230,16,2025-09-27,2581.24,Net Banking
231,16,2025-11-08,3469.59,Debit Card
232,16,2025-11-19,536.52,Net Banking
233,16,2025-11-28,4049.58,Wallet
234,16,2025-12-22,6630.01,Wallet
235,17,2025-11-25,5142.66,UPI
236,18,2023-12-24,27207.67,Wallet
237,18,2024-03-03,2883.66,Net Banking
238,18,2024-04-02,4848.27,Wallet
239,18,2024-04-17,1720.78,Debit Card
240,18,2024-06-02,10774.67,Cash on Delivery
241,18,2024-06-15,5295.22,Net Banking
242,18,2024-07-27,4314.82,Wallet
243,18,2024-12-05,7922.78,Wallet
244,19,2023-03-28,9407.66,UPI
245,19,2023-07-03,7138.32,Net Banking
246,19,2023-07-22,908.44,UPI
247,19,2023-08-02,4001.08,Net Banking
248,19,2023-08-17,18227.21,Credit Card
249,19,2023-10-05,14311.32,Wallet
250,19,2023-10-18,7341.48,UPI
251,19,2023-11-17,2838.25,Cash on Delivery
252,19,2023-12-09,9013.76,Wallet
253,19,2023-12-15,13481.43,Net Banking
254,19,2024-02-12,10971.02,Wallet
255,19,2024-03-01,26753.65,UPI
256,19,2024-04-13,16489.71,Debit Card
257,19,2024-09-27,14507.78,UPI
258,19,2024-10-10,4647.1,UPI
259,19,2024-11-10,3752.07,Wallet
260,19,2024-11-14,6145.74,Net Banking
261,19,2025-01-21,6365.31,Debit Card
262,19,2025-04-17,7724.5,Debit Card
263,19,2025-09-29,23377.66,Net Banking
264,19,2025-12-05,4722.3,Wallet
265,20,2023-12-03,381.96,Credit Card
266,20,2024-01-22,6681.66,Debit Card
267,20,2024-03-14,5728.66,Net Banking
268,20,2024-05-16,1663.06,Net Banking
269,20,2024-07-13,7790.02,Wallet
270,20,2024-07-22,922.08,Wallet
271,20,2024-09-19,12259.7,Debit Card
272,20,2024-10-19,1375.96,Credit Card
273,20,2024-10-25,4328.74,Cash on Delivery
274,20,2024-11-26,6448.59,Cash on Delivery
275,20,2024-12-09,1464.34,Net Banking
276,20,2025-01-07,1138.72,Cash on Delivery
277,20,2025-01-20,771.75,Net Banking
278,20,2025-02-20,1233.48,Wallet
279,20,2025-04-16,4923.09,Net Banking
280,20,2025-05-02,13192.29,Net Banking
281,20,2025-07-09,10024.29,Net Banking
282,20,2025-07-19,208.84,Cash on Delivery
283,20,2025-07-27,7922.84,Credit Card
284,20,2025-07-27,6428.82,Debit Card
285,20,2025-11-13,8332.97,Wallet
286,20,2025-12-01,7585.09,Net Banking
287,20,2025-12-25,1826.97,Debit Card
288,21,2025-01-27,2775.71,Credit Card
289,21,2025-08-22,933.01,Debit Card
290,21,2025-10-10,6068.35,Cash on Delivery
291,21,2025-12-17,6608.15,UPI
292,22,2024-06-24,8427.49,Cash on Delivery
293,22,2024-07-22,5147.34,Debit Card
294,23,2024-07-03,9324.19,Credit Card
295,23,2024-09-03,5911.66,Wallet
296,23,2024-12-25,724.62,Credit Card
297,23,2025-03-14,4728.26,Wallet
298,23,2025-04-23,10364.28,Net Banking
299,23,2025-06-11,3087.87,Net Banking
300,23,2025-11-11,7342.56,Debit Card
301,23,2025-11-11,7147.91,Net Banking
302,23,2025-12-30,2792.82,UPI
303,24,2025-02-13,8882.82,UPI
304,24,2025-03-05,7612.32,UPI
305,24,2025-04-08,9605.3,Cash on Delivery
306,24,2025-06-06,3687.62,Wallet
307,24,2025-06-27,9948.37,UPI
308,24,2025-09-24,14072.64,UPI
309,24,2025-10-08,9984.05,Net Banking
310,24,2025-10-14,4597.83,Debit Card
311,24,2025-12-27,4530.42,Wallet
312,24,2025-12-28,4834.24,Credit Card
313,25,2023-03-19,6512.54,Wallet
314,25,2023-03-26,238.94,Net Banking
315,25,2023-04-09,126.57,Net Banking
316,25,2023-04-16,903.1,Wallet
317,25,2023-05-01,3998.88,Debit Card
318,25,2023-06-04,434.8,Cash on Delivery
319,25,2023-06-23,3253.36,Cash on Delivery
320,25,2023-10-04,5730.2,Cash on Delivery
321,25,2023-10-28,537.32,Debit Card
322,25,2023-12-21,6077.7,Credit Card
323,25,2024-01-10,2373.38,Wallet
324,25,2024-02-18,3969.63,Cash on Delivery
325,25,2024-06-13,6390.6,UPI
326,25,2024-07-11,4349.16,Credit Card
327,25,2024-07-19,6637.2,UPI
328,25,2025-01-19,4088.0,Cash on Delivery
329,25,2025-01-30,3982.08,Cash on Delivery
330,25,2025-02-27,1669.29,Net Banking
331,25,2025-03-10,5221.72,Debit Card
332,25,2025-04-27,4396.24,Credit Card
333,25,2025-05-08,2859.73,Cash on Delivery
334,25,2025-05-19,345.91,Wallet
335,25,2025-05-22,15928.52,Wallet
336,25,2025-11-07,3171.24,Debit Card
337,25,2025-12-16,2828.64,Net Banking
338,26,2023-04-12,1926.08,Wallet
339,26,2023-07-10,8913.21,UPI
340,26,2024-12-03,2923.03,Wallet
341,26,2024-12-09,15220.48,Debit Card
342,26,2025-10-18,4661.12,Wallet
343,27,2023-05-25,1560.68,Wallet
344,27,2023-06-23,4814.11,Net Banking
345,27,2023-07-15,8164.33,UPI
346,27,2023-07-17,4684.55,Credit Card
347,27,2023-08-19,2167.07,UPI
348,27,2023-08-30,6925.41,Credit Card
349,27,2023-11-13,3924.05,Credit Card
350,27,2023-12-13,11420.29,Cash on Delivery
351,27,2024-06-13,11048.43,Debit Card
352,27,2024-10-27,7326.08,Credit Card
353,27,2025-01-28,828.96,Cash on Delivery
354,27,2025-03-25,1877.64,UPI
355,27,2025-10-14,9153.14,Net Banking
356,27,2025-12-03,7045.9,UPI
357,28,2024-01-28,2818.68,Wallet
358,29,2021-10-15,5287.3,Net Banking
359,29,2022-01-21,15147.59,Cash on Delivery
360,29,2022-04-15,10116.44,Net Banking
361,29,2022-04-30,13176.68,Net Banking
362,29,2022-05-25,13467.17,Cash on Delivery
363,29,2022-09-26,4284.97,Wallet
364,29,2022-10-12,270.5,Wallet
365,29,2023-05-09,17168.23,UPI
366,29,2023-05-12,1873.26,Cash on Delivery
367,29,2023-06-10,13994.16,Credit Card
368,29,2023-06-13,10727.94,Net Banking
369,29,2023-09-26,6549.39,Debit Card
370,29,2023-10-19,4140.51,UPI
371,29,2023-12-21,8824.87,Credit Card
372,29,2024-01-01,3326.77,Debit Card
373,29,2024-01-24,5587.81,Net Banking
374,29,2024-04-11,4346.5,Wallet
375,29,2024-07-29,6452.43,Net Banking
376,29,2024-07-30,8809.36,Wallet
377,29,2024-08-27,1587.32,Net Banking
378,29,2024-09-24,2346.94,UPI
379,29,2024-10-22,2958.05,Credit Card
380,29,2024-10-28,8544.51,Cash on Delivery
381,29,2024-11-10,833.08,Credit Card
382,29,2024-11-20,4587.88,UPI
383,29,2025-02-21,992.34,Cash on Delivery
384,29,2025-03-01,8810.8,Debit Card
385,29,2025-04-29,6533.28,Cash on Delivery
386,29,2025-07-01,2082.38,Wallet
387,29,2025-07-01,2791.19,UPI
388,30,2023-12-29,4851.18,Debit Card
389,30,2023-12-29,15567.83,Credit Card
390,30,2024-01-10,8406.67,Wallet
391,30,2024-02-08,5293.8,Wallet
392,30,2024-02-13,9944.41,Cash on Delivery
393,30,2024-03-20,1715.41,Wallet
394,30,2024-06-28,10250.58,Cash on Delivery
395,30,2024-07-20,3844.38,Credit Card
396,30,2024-08-10,3594.5,Cash on Delivery
397,30,2024-08-11,10783.06,Credit Card
398,30,2024-08-30,8893.77,Wallet
399,30,2024-09-08,363.03,Cash on Delivery
400,30,2024-11-15,4858.18,Wallet
401,30,2024-11-21,11490.87,Credit Card
402,30,2024-11-28,2120.44,Debit Card
403,30,2025-01-25,6441.1,UPI
404,30,2025-01-31,14154.57,Cash on Delivery
405,30,2025-02-04,12145.61,Credit Card
406,30,2025-03-24,2863.59,Wallet
407,30,2025-04-30,4247.86,Net Banking
408,30,2025-07-04,14278.31,Credit Card
409,30,2025-07-04,1593.12,UPI
410,30,2025-07-20,6443.38,UPI
411,30,2025-08-22,12385.96,Cash on Delivery
412,30,2025-09-05,18743.16,UPI
413,30,2025-10-14,3658.16,Credit Card
414,30,2025-11-03,8932.05,Cash on Delivery
415,30,2025-12-02,3738.08,Net Banking
416,30,2025-12-27,5791.98,UPI
417,30,2025-12-29,3311.81,Debit Card
418,31,2023-07-26,4646.37,Debit Card
419,31,2023-08-13,3570.03,Debit Card
420,31,2023-08-16,4449.74,Credit Card
421,31,2023-09-09,17109.57,Debit Card
422,31,2024-07-04,6148.18,Debit Card
423,31,2024-09-11,12242.58,UPI
424,31,2024-10-04,2428.87,Debit Card
425,31,2024-11-15,3673.01,UPI
426,31,2025-02-13,2644.94,Net Banking
427,31,2025-05-12,14381.16,UPI
428,31,2025-09-21,6564.56,Credit Card
429,31,2025-10-25,3935.42,Cash on Delivery
430,31,2025-11-04,5233.94,UPI
431,31,2025-11-06,2477.05,Wallet
432,32,2020-11-10,11772.04,Net Banking
433,32,2020-12-02,8526.4,UPI
434,32,2021-05-06,12495.55,Cash on Delivery
435,32,2021-05-12,4860.0,Debit Card
436,32,2021-07-06,330.64,Wallet
437,32,2021-07-20,421.26,Cash on Delivery
438,32,2021-09-28,1694.01,Credit Card
439,32,2021-11-16,495.4,Wallet
440,32,2021-11-18,5135.45,Wallet
441,32,2021-12-10,1699.74,Net Banking
442,32,2022-02-12,1555.73,UPI
443,32,2022-05-04,7496.1,Wallet
444,32,2022-05-16,9054.64,Net Banking
445,32,2022-07-31,5738.5,Net Banking
446,32,2022-09-09,1603.35,Wallet
447,32,2022-11-10,8921.29,Wallet
448,32,2022-12-25,5416.88,Wallet
449,32,2023-02-11,8269.78,Credit Card
450,32,2023-04-01,2621.43,Net Banking
451,32,2023-05-27,3296.55,Debit Card
452,32,2023-07-09,2948.4,Cash on Delivery
453,32,2023-08-18,5697.76,Net Banking
454,32,2023-09-11,2219.22,Credit Card
455,32,2023-11-19,6823.21,Net Banking
456,32,2023-11-25,6274.08,Cash on Delivery
457,32,2023-12-15,3747.48,Debit Card
458,32,2024-01-18,1808.83,Net Banking
459,32,2024-03-26,5731.44,Credit Card
460,32,2024-04-22,5266.98,UPI
461,32,2024-05-18,8744.94,Cash on Delivery
462,32,2024-06-15,4212.13,Credit Card
463,32,2024-06-16,20513.43,UPI
464,32,2024-07-19,8077.44,UPI
465,32,2024-07-22,7353.72,Wallet
466,32,2024-10-14,7222.76,Net Banking
467,32,2024-10-16,2880.22,Credit Card
468,32,2024-12-10,5526.01,Cash on Delivery
469,32,2025-01-02,13103.54,Credit Card
470,32,2025-01-08,3314.94,Credit Card
471,32,2025-04-22,2914.19,Cash on Delivery
472,32,2025-04-26,13780.54,Cash on Delivery
473,32,2025-04-28,7689.3,Net Banking
474,32,2025-06-09,9630.92,Debit Card
475,32,2025-06-28,6338.96,Cash on Delivery
476,32,2025-08-04,4057.97,Debit Card
477,32,2025-08-18,15312.41,Credit Card
478,32,2025-12-08,1598.4,UPI
479,32,2025-12-17,8434.26,Net Banking
480,33,2025-12-21,2500.56,Wallet
481,34,2025-10-25,14854.26,Cash on Delivery
482,35,2023-02-09,15547.01,Cash on Delivery
483,35,2023-10-29,5876.27,UPI
484,35,2023-12-20,2538.96,Net Banking
485,35,2024-07-04,10047.89,Wallet
486,35,2024-09-04,6870.88,UPI
487,35,2025-07-30,9430.55,Wallet
488,36,2024-02-23,2423.26,Net Banking
489,36,2024-04-08,6099.34,Credit Card
490,36,2024-05-20,11664.11,Net Banking
491,36,2024-12-13,4968.03,Credit Card
492,36,2024-12-30,5512.7,Wallet
493,36,2025-01-16,1054.78,Wallet
494,36,2025-03-03,4126.08,Credit Card
495,36,2025-03-07,6994.41,Debit Card
496,36,2025-06-25,12241.02,Net Banking
497,36,2025-09-15,2435.34,UPI
498,36,2025-12-28,2196.27,Wallet
499,37,2020-10-31,566.76,Debit Card
500,37,2020-11-02,3544.67,Cash on Delivery
501,37,2020-11-09,6685.02,UPI
502,37,2021-01-07,4048.65,Debit Card
503,37,2021-04-01,4460.97,Credit Card
504,37,2021-04-09,812.56,Cash on Delivery
505,37,2021-04-28,1006.04,Net Banking
506,37,2021-07-22,11595.62,Credit Card
507,37,2021-07-25,1309.2,Debit Card
508,37,2021-07-31,6355.08,Credit Card
509,37,2021-08-18,9110.54,Wallet
510,37,2021-10-12,6814.6,Net Banking
511,37,2022-03-11,2932.7,Wallet
512,37,2022-05-29,4323.04,Cash on Delivery
513,37,2022-06-28,4214.32,Credit Card
514,37,2022-07-16,2836.42,UPI
515,37,2022-07-18,13933.63,Debit Card
516,37,2022-09-16,6747.36,UPI
517,37,2022-09-21,1305.4,UPI
518,37,2022-09-26,3279.96,Cash on Delivery
519,37,2022-09-29,6710.59,Credit Card
520,37,2022-11-24,16605.62,Cash on Delivery
521,37,2022-12-14,982.84,UPI
522,37,2023-01-15,5964.62,Net Banking
523,37,2023-03-10,16565.14,Credit Card
524,37,2023-04-16,3963.1,Net Banking
525,37,2023-06-28,6606.91,Cash on Delivery
526,37,2023-07-02,8676.82,Wallet
527,37,2024-01-06,1984.67,Cash on Delivery
528,37,2024-03-03,5368.0,Cash on Delivery
529,37,2024-03-23,17326.02,Cash on Delivery
530,37,2024-05-10,2995.44,Debit Card
531,37,2024-08-01,1722.54,Cash on Delivery
532,37,2024-08-26,1317.32,Cash on Delivery
533,37,2024-09-24,5687.06,Credit Card
534,37,2024-10-04,2769.86,Credit Card
535,37,2024-10-15,5303.72,Debit Card
536,37,2024-10-16,2831.13,Cash on Delivery
537,37,2024-10-16,6199.74,Debit Card
538,37,2024-12-14,7937.18,Net Banking
539,37,2024-12-22,15628.59,Wallet
540,37,2025-02-05,1409.23,Wallet
541,37,2025-03-03,6684.96,Net Banking
542,37,2025-04-08,4429.79,Wallet
543,37,2025-04-30,6234.65,Cash on Delivery
544,37,2025-07-10,8377.7,Net Banking
545,37,2025-07-19,12070.32,Debit Card
546,37,2025-08-31,6284.64,Cash on Delivery
547,38,2022-07-09,2829.92,Wallet
548,38,2022-10-31,8479.41,Net Banking
549,38,2023-04-19,5230.84,Cash on Delivery
550,38,2023-07-10,7995.15,Net Banking
551,38,2023-07-12,2392.86,Debit Card
552,38,2023-08-10,2232.18,UPI
553,38,2023-09-27,12068.01,Wallet
554,38,2023-10-16,4113.65,UPI
555,38,2024-04-04,14151.67,Debit Card
556,38,2024-09-21,2149.26,UPI
557,38,2024-10-13,12570.84,Net Banking
558,38,2025-01-03,1410.9,UPI
559,38,2025-06-14,5461.17,Debit Card
560,38,2025-08-30,13900.8,Cash on Delivery
561,39,2023-04-19,7421.23,Cash on Delivery
562,39,2023-04-28,9865.17,Debit Card
563,39,2023-07-07,8694.06,Cash on Delivery
564,39,2024-05-02,919.99,Wallet
565,40,2022-04-22,6762.04,Debit Card
566,40,2022-09-04,11302.16,Credit Card
567,40,2023-03-03,8682.86,Net Banking
568,40,2023-04-17,904.78,Wallet
569,40,2023-06-16,6475.7,Credit Card
570,40,2023-08-26,4704.47,Net Banking
571,40,2023-09-08,8248.03,UPI
572,40,2023-09-23,9299.73,Debit Card
573,40,2023-09-27,5956.05,Cash on Delivery
574,40,2023-10-04,10843.5,UPI
575,40,2023-10-08,14306.01,Debit Card
576,40,2023-11-02,1017.64,Wallet
577,40,2023-11-23,2284.69,Debit Card
578,40,2024-02-07,2239.23,Debit Card
579,40,2024-02-09,10442.16,Cash on Delivery
580,40,2024-03-01,1928.84,Debit Card
581,40,2024-03-08,5066.18,UPI
582,40,2024-04-14,3520.05,Net Banking
583,40,2024-06-08,2400.33,Wallet
584,40,2024-07-02,6342.38,Cash on Delivery
585,40,2024-07-03,6752.38,Debit Card
586,40,2024-12-02,3491.56,Debit Card
587,40,2025-01-02,8499.16,Cash on Delivery
588,40,2025-01-09,2280.96,Debit Card
589,40,2025-04-12,234.83,Credit Card
590,40,2025-04-29,7429.93,Debit Card
591,40,2025-05-14,6045.02,Wallet
592,40,2025-06-03,2012.86,Net Banking
593,40,2025-06-06,8819.37,Wallet
594,40,2025-09-30,366.42,Wallet
595,40,2025-11-03,383.01,Net Banking
596,41,2025-05-01,8758.63,Cash on Delivery
597,41,2025-05-12,3798.72,Credit Card
598,41,2025-08-25,1227.14,Cash on Delivery
599,41,2025-09-29,2667.47,Wallet
600,42,2023-06-28,411.51,Wallet
601,42,2023-09-06,20414.88,Debit Card
602,42,2023-10-05,5832.27,Net Banking
603,42,2023-10-10,14191.8,Net Banking
604,42,2023-10-18,1902.52,UPI
605,42,2023-11-03,11494.36,UPI
606,42,2023-12-28,2073.02,Cash on Delivery
607,42,2024-03-20,851.85,Cash on Delivery
608,42,2024-03-28,6355.27,Net Banking
609,42,2024-03-31,12268.51,Wallet
610,42,2024-05-08,22034.48,Debit Card
611,42,2024-06-03,777.63,Wallet
612,42,2024-06-24,1397.69,Debit Card
613,42,2024-09-17,4987.16,Debit Card
614,42,2024-11-21,5135.95,Debit Card
615,42,2025-02-19,9274.3,Cash on Delivery
616,42,2025-04-05,4425.96,Wallet
617,42,2025-04-09,7361.05,Debit Card
618,42,2025-06-10,4702.07,Debit Card
619,42,2025-07-18,5300.28,UPI
620,42,2025-07-23,1009.2,Wallet
621,42,2025-10-05,5402.3,Net Banking
622,42,2025-11-14,8549.39,Net Banking
623,42,2025-12-01,6100.7,Wallet
624,42,2025-12-09,8740.89,Debit Card
625,42,2025-12-13,4699.51,Credit Card
626,42,2025-12-21,4103.43,UPI
627,42,2025-12-24,14196.92,Credit Card
628,43,2020-06-19,2824.23,Wallet
629,43,2020-06-29,4769.32,Cash on Delivery
630,43,2021-02-14,3976.9,Net Banking
631,43,2021-04-19,10883.39,Cash on Delivery
632,43,2021-05-05,6812.03,UPI
633,43,2021-08-10,10506.13,Credit Card
634,43,2021-12-10,5082.45,Wallet
635,43,2022-07-06,11142.34,Credit Card
636,43,2022-12-29,11638.84,Wallet
637,43,2023-01-15,13274.42,Debit Card
638,43,2023-04-04,6550.94,Debit Card
639,43,2023-05-21,7556.22,Credit Card
640,43,2023-07-30,2488.82,UPI
641,43,2023-10-24,7007.13,Cash on Delivery
642,43,2023-12-20,5984.01,UPI
643,43,2024-01-31,4106.05,Net Banking
644,43,2024-03-18,22782.11,Net Banking
645,43,2024-06-19,9535.74,Wallet
646,43,2024-10-20,6564.39,UPI
647,43,2024-12-25,4879.2,Debit Card
648,43,2025-03-24,6018.1,Cash on Delivery
649,43,2025-04-30,9993.23,UPI
650,43,2025-05-26,5704.64,Credit Card
651,43,2025-06-12,992.04,Cash on Delivery
652,43,2025-09-27,4860.52,Wallet
653,44,2025-11-20,9876.49,UPI
654,45,2024-03-23,1605.57,Net Banking
655,45,2024-03-28,7856.47,Debit Card
656,45,2024-07-15,7488.52,Credit Card
657,45,2025-02-26,14303.38,Net Banking
658,45,2025-04-30,10004.17,Credit Card
659,45,2025-09-08,4568.9,Wallet
660,46,2025-02-03,21674.17,Cash on Delivery
661,46,2025-07-23,9120.99,Wallet
662,46,2025-12-13,11738.4,Credit Card
663,47,2023-01-03,2645.92,Cash on Delivery
664,47,2023-01-24,2636.54,Cash on Delivery
665,47,2023-06-03,3280.49,Debit Card
666,47,2023-08-29,4448.55,Wallet
667,47,2023-11-04,6869.83,Net Banking
668,47,2024-02-24,4978.82,Net Banking
669,47,2024-07-14,1345.8,Credit Card
670,47,2025-04-13,11206.01,Net Banking
671,47,2025-10-20,4957.41,Net Banking
672,48,2022-03-07,1594.51,Net Banking
673,48,2022-03-21,750.8,Debit Card
674,48,2022-05-03,1067.82,Wallet
675,48,2022-06-19,2936.97,Debit Card
676,48,2022-07-24,2657.54,Cash on Delivery
677,48,2022-08-01,7620.65,UPI
678,48,2022-08-11,1429.52,Cash on Delivery
679,48,2022-09-16,4024.6,Credit Card
680,48,2022-10-28,197.11,Net Banking
681,48,2022-11-11,336.04,UPI
682,48,2023-01-07,5739.56,UPI
683,48,2023-01-13,764.5,Wallet
684,48,2023-05-16,3876.47,Debit Card
685,48,2023-10-13,10421.0,Credit Card
686,48,2023-12-12,3098.08,Net Banking
687,48,2024-01-11,6687.02,Wallet
688,48,2024-04-05,8639.66,Cash on Delivery
689,48,2024-06-15,781.44,Net Banking
690,48,2024-07-14,7154.93,Credit Card
691,48,2024-07-17,10648.65,Wallet
692,48,2024-07-31,15334.01,Wallet
693,48,2024-09-19,10382.65,Debit Card
694,48,2025-02-26,6514.44,Debit Card
695,48,2025-07-11,2223.49,Credit Card
696,48,2025-07-23,8764.27,Debit Card
697,48,2025-08-19,5774.65,UPI
698,48,2025-09-20,5227.33,UPI
699,48,2025-10-05,18790.71,Wallet
700,48,2025-11-14,2439.72,Credit Card
701,48,2025-11-16,4812.21,Credit Card
702,48,2025-12-06,12256.55,Credit Card
703,48,2025-12-28,4128.61,Credit Card
704,49,2025-01-31,7756.24,Net Banking
705,49,2025-06-11,7961.82,Wallet
706,49,2025-07-21,7558.59,Debit Card
707,49,2025-08-24,4351.09,Debit Card
708,49,2025-09-25,21983.32,UPI
709,49,2025-11-13,1276.36,UPI
710,50,2023-08-03,18999.48,Credit Card
711,50,2023-08-27,421.74,Net Banking
712,50,2023-09-19,9602.58,Cash on Delivery
713,50,2023-09-27,10686.66,Net Banking
714,50,2024-01-24,5063.92,Net Banking
715,50,2024-02-29,9231.37,UPI
716,50,2024-03-13,7113.09,Credit Card
717,50,2024-07-04,5039.58,UPI
718,50,2024-07-05,6236.59,Wallet
719,50,2024-07-10,3420.96,Net Banking
720,50,2024-09-27,4709.18,Net Banking
721,50,2024-12-17,375.78,Debit Card
722,50,2025-05-03,9105.82,Cash on Delivery
723,50,2025-09-07,2457.59,UPI
724,50,2025-09-14,9430.02,Wallet
725,50,2025-09-15,12941.82,Credit Card
726,50,2025-11-24,3528.46,Cash on Delivery
727,51,2021-10-26,470.31,UPI
728,51,2022-01-23,11072.06,Debit Card
729,51,2023-01-05,283.36,Cash on Delivery
730,51,2024-01-04,6832.02,UPI
731,51,2024-04-18,1827.48,Credit Card
732,51,2024-08-06,453.48,Wallet
733,51,2024-10-03,411.03,Net Banking
734,51,2024-11-21,668.2,Credit Card
735,51,2025-07-18,4444.24,Net Banking
736,51,2025-08-29,6156.48,Credit Card
737,52,2023-09-14,3769.53,Cash on Delivery
738,52,2023-10-25,1900.5,Debit Card
739,52,2024-03-26,4466.42,Cash on Delivery
740,52,2024-07-18,2415.6,Debit Card
741,52,2024-10-18,2353.65,Cash on Delivery
742,52,2025-02-03,11626.68,Debit Card
743,53,2025-03-27,10666.6,Wallet
744,53,2025-03-29,529.32,Wallet
745,53,2025-04-12,7129.77,Cash on Delivery
746,53,2025-07-30,4883.87,Wallet
747,53,2025-09-18,2227.75,Wallet
748,53,2025-12-09,3572.94,Debit Card
749,53,2025-12-19,4461.86,Cash on Delivery
750,54,2022-11-08,3219.72,Debit Card
751,54,2022-11-14,7879.81,Debit Card
752,54,2022-12-13,2499.15,Credit Card
753,54,2023-02-07,9358.66,Credit Card
754,54,2023-04-03,4948.96,Cash on Delivery
755,54,2023-04-10,8679.17,Net Banking
756,54,2023-06-11,4649.86,Net Banking
757,54,2023-07-15,367.74,Cash on Delivery
758,54,2023-10-12,5118.57,UPI
759,54,2024-05-22,473.28,Credit Card
760,54,2024-08-27,3979.69,Net Banking
761,54,2024-12-12,7932.74,Net Banking
762,54,2024-12-28,13203.46,Wallet
763,54,2025-01-12,7091.58,Net Banking
764,54,2025-05-22,5812.5,Wallet
765,54,2025-12-13,1230.88,Debit Card
766,55,2020-09-19,5471.08,Credit Card
767,55,2021-02-23,2405.83,UPI
768,55,2022-02-24,1310.64,Debit Card
769,55,2022-03-21,8578.62,Net Banking
770,55,2022-07-14,4565.65,Cash on Delivery
771,55,2022-08-29,2344.84,Credit Card
772,55,2022-10-12,8065.4,Debit Card
773,55,2022-10-13,12044.52,UPI
774,55,2024-03-11,2937.54,UPI
775,55,2025-05-02,10574.21,UPI
776,56,2025-08-06,5164.3,Net Banking
777,56,2025-09-01,4074.82,Cash on Delivery
778,56,2025-11-03,1299.15,UPI
779,56,2025-11-22,5607.55,Cash on Delivery
780,57,2024-08-29,12934.91,Wallet
781,57,2024-12-05,6910.31,Cash on Delivery
782,57,2024-12-22,15541.34,Net Banking
783,57,2025-02-06,3095.64,Net Banking
784,57,2025-02-28,2535.68,Wallet
785,57,2025-07-14,10921.5,Debit Card
786,57,2025-08-01,2120.49,Cash on Delivery
787,57,2025-08-24,7140.61,Cash on Delivery
788,57,2025-12-03,7691.73,Wallet
789,58,2023-12-19,3397.4,UPI
790,58,2024-01-13,1229.92,UPI
791,58,2024-01-27,1171.16,Wallet
792,58,2024-02-14,772.34,Net Banking
793,58,2025-01-01,5494.87,UPI
794,59,2022-10-07,6610.8,UPI
795,59,2022-12-18,7645.9,Net Banking
796,59,2022-12-21,6243.92,Cash on Delivery
797,59,2023-05-26,1602.27,Cash on Delivery
798,59,2023-05-31,965.28,Credit Card
799,59,2023-07-26,10690.4,Debit Card
800,59,2023-08-26,13328.2,Debit Card
801,59,2023-08-31,2203.44,Net Banking
802,59,2023-10-14,8390.43,Debit Card
803,59,2023-10-30,4305.3,Cash on Delivery
804,59,2023-11-08,4664.35,UPI
805,59,2023-11-09,2810.02,Debit Card
806,59,2024-03-03,641.7,Credit Card
807,59,2024-03-16,8323.03,Cash on Delivery
808,59,2024-04-08,6510.31,Debit Card
809,59,2024-04-20,3079.39,Credit Card
810,59,2024-04-25,7290.93,Cash on Delivery
811,59,2024-06-22,4234.46,Cash on Delivery
812,59,2024-07-29,3178.26,UPI
813,59,2024-08-11,6263.14,Credit Card
814,59,2024-09-17,10172.67,Net Banking
815,59,2024-10-06,3742.38,Wallet
816,59,2024-11-20,531.37,Cash on Delivery
817,59,2024-11-29,2494.88,Cash on Delivery
818,59,2024-12-16,5319.88,Credit Card
819,59,2025-01-27,6571.77,Net Banking
820,59,2025-02-03,5047.74,UPI
821,59,2025-02-18,5932.56,Debit Card
822,59,2025-03-11,8673.4,Debit Card
823,59,2025-04-27,772.43,Wallet
824,59,2025-05-23,4728.02,UPI
825,59,2025-06-04,6254.27,Net Banking
826,59,2025-06-19,119.11,UPI
827,59,2025-10-30,5642.11,Cash on Delivery
828,59,2025-12-12,5461.24,Credit Card
829,60,2023-05-17,13942.67,Net Banking
830,60,2023-05-25,8483.82,Debit Card
831,60,2023-05-30,2371.31,UPI
832,60,2023-06-12,277.56,Net Banking
833,60,2023-08-27,2355.82,Credit Card
834,60,2024-02-21,16291.13,Net Banking
835,60,2024-03-11,6824.31,Net Banking
836,60,2024-10-12,6677.8,Cash on Delivery
837,60,2025-01-18,5106.92,Wallet
838,60,2025-03-06,859.92,Cash on Delivery
839,60,2025-09-25,15452.82,Cash on Delivery
840,61,2022-09-12,6247.23,UPI
841,61,2022-09-26,19998.44,Wallet
842,61,2022-11-02,5952.9,Net Banking
843,61,2022-11-15,943.12,Debit Card
844,61,2022-12-07,1304.55,Wallet
845,61,2022-12-29,1046.42,Wallet
846,61,2023-02-05,7403.52,Net Banking
847,61,2023-03-16,8618.8,Net Banking
848,61,2023-03-24,8301.4,Credit Card
849,61,2023-04-11,9722.44,UPI
850,61,2023-04-11,2189.48,Net Banking
851,61,2023-06-23,5126.87,Cash on Delivery
852,61,2023-06-30,4335.27,Debit Card
853,61,2023-07-30,772.4,Cash on Delivery
854,61,2023-09-27,4393.2,Wallet
855,61,2023-11-08,10567.84,Net Banking
856,61,2023-11-25,12925.82,Credit Card
857,61,2023-12-15,4841.98,Cash on Delivery
858,61,2024-03-05,2033.64,Wallet
859,61,2024-03-07,8901.52,Debit Card
860,61,2024-05-26,2491.1,Debit Card
861,61,2024-08-04,21977.74,Wallet
862,61,2024-08-11,6938.58,Wallet
863,61,2024-09-21,5660.88,Wallet
864,61,2024-10-22,3892.52,Wallet
865,61,2025-01-30,2550.94,Wallet
866,61,2025-04-24,3229.96,Debit Card
867,61,2025-04-27,7296.68,Net Banking
868,61,2025-07-30,12360.93,Cash on Delivery
869,61,2025-08-02,4763.98,Debit Card
870,61,2025-08-03,16951.29,Credit Card
871,61,2025-09-23,2662.33,Cash on Delivery
872,61,2025-10-20,13939.65,Net Banking
873,61,2025-11-21,613.11,UPI
874,61,2025-12-21,2318.4,Debit Card
875,61,2025-12-23,11689.04,Credit Card
876,62,2020-10-29,5838.27,Net Banking
877,62,2020-11-19,2227.72,UPI
878,62,2020-12-04,4851.78,Debit Card
879,62,2020-12-20,3885.93,Debit Card
880,62,2021-03-23,8910.74,Credit Card
881,62,2021-04-15,499.66,Wallet
882,62,2021-06-10,12586.74,Wallet
883,62,2021-09-25,803.42,UPI
884,62,2021-12-20,16658.98,Cash on Delivery
885,62,2022-03-04,3501.66,Wallet
886,62,2022-03-09,8783.57,Net Banking
887,62,2022-03-25,16774.9,UPI
888,62,2022-04-22,1381.29,Credit Card
889,62,2022-05-08,9799.74,Debit Card
890,62,2022-05-14,6073.84,Net Banking
891,62,2022-07-14,18210.67,Credit Card
892,62,2022-07-29,1517.82,Wallet
893,62,2022-09-27,151.27,Credit Card
894,62,2022-10-17,8012.33,Credit Card
895,62,2022-11-12,4811.4,Credit Card
896,62,2022-11-18,6922.12,Credit Card
897,62,2022-12-07,1708.54,UPI
898,62,2023-01-08,17207.48,Net Banking
899,62,2023-02-02,1267.2,Wallet
900,62,2023-03-03,3568.77,Cash on Delivery
901,62,2023-03-26,1016.31,UPI
902,62,2023-04-20,2747.85,Wallet
903,62,2023-06-11,6461.57,Credit Card
904,62,2023-08-20,3081.38,Debit Card
905,62,2024-01-14,12673.27,Wallet
906,62,2024-01-16,7966.53,Net Banking
907,62,2024-01-22,6837.82,Debit Card
908,62,2024-05-08,1825.7,Credit Card
909,62,2024-06-11,2201.97,Wallet
910,62,2024-07-14,2056.71,Debit Card
911,62,2024-11-06,1665.48,Cash on Delivery
912,62,2024-12-29,1844.08,UPI
913,62,2025-02-16,4223.11,Wallet
914,62,2025-03-05,3544.38,Net Banking
915,62,2025-03-08,7321.56,Debit Card
916,62,2025-05-01,5299.47,Wallet
917,62,2025-05-01,2595.69,Debit Card
918,62,2025-05-18,9883.99,Wallet
919,62,2025-05-22,4658.12,Debit Card
920,62,2025-08-11,3261.48,Debit Card
921,62,2025-08-21,11993.17,Wallet
922,62,2025-11-06,13462.14,Net Banking
923,62,2025-12-03,2481.17,Cash on Delivery
924,63,2023-11-03,7180.19,Debit Card
925,63,2024-05-08,11212.43,Credit Card
926,63,2024-05-25,16896.26,Credit Card
927,63,2024-09-25,9745.56,Credit Card
928,63,2024-11-03,3911.82,Wallet
929,63,2025-03-04,5246.78,Debit Card
930,63,2025-05-25,2055.18,Cash on Delivery
931,64,2024-10-16,4353.96,Credit Card
932,64,2025-02-03,11608.22,Wallet
933,64,2025-03-04,1013.31,Wallet
934,64,2025-04-12,10004.33,Debit Card
935,65,2023-07-19,4541.44,Cash on Delivery
936,65,2023-08-08,9176.88,Cash on Delivery
937,65,2023-12-02,4012.58,Wallet
938,65,2023-12-08,6693.74,Net Banking
939,65,2023-12-11,6755.91,UPI
940,65,2024-04-07,1658.64,Cash on Delivery
941,65,2024-07-26,13876.38,Credit Card
942,65,2024-09-02,15351.0,Cash on Delivery
943,65,2024-11-25,4510.28,Credit Card
944,65,2025-02-24,110.37,Debit Card
945,65,2025-05-07,1747.18,Credit Card
946,65,2025-05-13,204.04,Net Banking
947,65,2025-05-20,6331.5,Credit Card
948,65,2025-07-30,13472.58,Wallet
949,65,2025-08-12,4946.43,UPI
950,65,2025-09-04,10595.26,Cash on Delivery
951,65,2025-10-24,1630.21,UPI
952,65,2025-11-28,4750.5,Credit Card
953,66,2021-06-23,4523.72,Debit Card
954,66,2021-12-26,9966.95,UPI
955,66,2022-02-09,9526.68,Debit Card
956,66,2022-02-26,534.24,Wallet
957,66,2022-07-04,8383.66,Wallet
958,66,2023-01-22,13219.51,Debit Card
959,66,2023-02-15,238.38,UPI
960,66,2023-07-07,1831.96,Credit Card
961,66,2024-05-26,5422.71,Wallet
962,66,2024-06-21,11459.39,UPI
963,66,2024-11-13,14269.25,Net Banking
964,66,2025-01-29,4534.89,Wallet
965,67,2023-10-04,4676.05,Cash on Delivery
966,67,2023-11-09,11963.52,UPI
967,67,2023-12-15,4253.96,Net Banking
968,67,2024-05-23,12583.85,Debit Card
969,67,2024-05-23,6627.24,Net Banking
970,67,2025-03-10,13746.46,Wallet
971,67,2025-06-06,7466.87,Cash on Delivery
972,67,2025-07-05,10643.63,Net Banking
973,67,2025-07-17,373.94,Wallet
974,67,2025-07-28,1212.1,UPI
975,67,2025-07-30,8276.36,Debit Card
976,67,2025-08-02,2344.15,Wallet
977,67,2025-08-14,11736.42,UPI
978,67,2025-09-13,9858.62,Wallet
979,67,2025-11-12,4392.0,UPI
980,67,2025-12-29,4432.66,UPI
981,68,2022-09-27,3061.32,UPI
982,68,2023-03-11,4376.58,Cash on Delivery
983,68,2023-05-24,12950.66,Wallet
984,68,2023-09-25,273.26,Net Banking
985,68,2024-03-22,3616.85,Cash on Delivery
986,68,2024-06-19,2413.25,Cash on Delivery
987,68,2024-08-05,778.02,Credit Card
988,68,2024-09-26,1149.22,Credit Card
989,68,2024-12-08,6418.23,Debit Card
990,68,2025-01-20,11728.75,Wallet
991,68,2025-05-11,7639.27,Cash on Delivery
992,68,2025-06-26,7181.02,Debit Card
993,68,2025-07-10,2867.99,UPI
994,68,2025-10-17,494.54,Debit Card
995,68,2025-12-16,4070.25,Net Banking
996,69,2023-04-02,1136.4,Wallet
997,69,2023-05-02,1246.7,Cash on Delivery
998,69,2023-10-29,3481.3,Net Banking
999,69,2024-03-31,5007.39,UPI
1000,69,2024-05-10,4080.39,Credit Card
1001,69,2024-07-19,4226.16,Wallet
1002,69,2024-10-14,11415.24,Cash on Delivery
1003,69,2024-12-21,11584.96,Wallet
1004,69,2025-02-04,3099.21,Wallet
1005,69,2025-02-18,7824.46,Cash on Delivery
1006,69,2025-02-18,174.61,Wallet
1007,70,2024-01-10,8284.2,Wallet
1008,70,2024-03-17,6651.67,Net Banking
1009,70,2024-04-16,11513.38,Credit Card
1010,70,2024-10-07,405.27,Net Banking
1011,70,2024-10-18,6306.88,Net Banking
1012,70,2024-12-12,482.12,Wallet
1013,70,2024-12-29,8788.16,Debit Card
1014,70,2025-01-16,6847.67,Cash on Delivery
1015,70,2025-11-12,2030.73,Credit Card
1016,71,2024-07-11,14053.39,Net Banking
1017,72,2022-04-24,4677.4,Net Banking
1018,72,2022-05-02,3082.07,Cash on Delivery
1019,72,2022-06-10,5628.33,Wallet
1020,72,2022-07-13,1072.52,Debit Card
1021,72,2022-08-28,1337.26,Net Banking
1022,72,2022-10-07,3248.1,Cash on Delivery
1023,72,2022-10-12,6370.01,Credit Card
1024,72,2023-02-19,2534.44,Cash on Delivery
1025,72,2023-05-10,13888.97,Debit Card
1026,72,2023-07-14,8598.02,Credit Card
1027,72,2023-09-18,8067.42,Cash on Delivery
1028,72,2024-03-08,4378.88,Wallet
1029,72,2024-11-04,937.73,Wallet
1030,72,2024-11-14,6542.85,UPI
1031,72,2024-11-24,2739.24,Wallet
1032,72,2024-12-05,7034.71,Net Banking
1033,72,2024-12-14,11749.92,Net Banking
1034,72,2025-01-14,1057.5,Net Banking
1035,72,2025-10-05,7369.0,Credit Card
1036,72,2025-12-28,338.4,UPI
1037,73,2024-04-28,8055.31,UPI
1038,73,2024-04-30,775.68,Debit Card
1039,73,2024-09-05,8027.8,UPI
1040,73,2025-02-17,11591.85,Credit Card
1041,73,2025-03-23,1788.27,Debit Card
1042,73,2025-04-13,4324.98,Credit Card
1043,73,2025-05-23,757.62,Cash on Delivery
1044,73,2025-08-04,2288.4,Wallet
1045,73,2025-08-21,709.24,Credit Card
1046,73,2025-08-31,1740.75,UPI
1047,73,2025-10-18,23334.96,Credit Card
1048,74,2024-06-20,2625.73,Wallet
1049,74,2024-11-29,18675.82,Credit Card
1050,74,2025-05-15,3583.2,Cash on Delivery
1051,75,2025-11-17,8630.75,Wallet
1052,76,2024-06-28,2157.93,Cash on Delivery
1053,76,2024-08-25,11362.39,Debit Card
1054,76,2024-11-14,8133.54,Debit Card
1055,76,2025-01-31,2280.33,Cash on Delivery
1056,76,2025-02-02,6342.12,Debit Card
1057,76,2025-02-26,2069.16,Wallet
1058,76,2025-03-04,6860.32,Cash on Delivery
1059,76,2025-05-07,4687.52,Credit Card
1060,76,2025-06-17,8612.02,Wallet
1061,76,2025-10-15,1167.82,Debit Card
1062,76,2025-10-30,9681.58,Net Banking
1063,76,2025-10-30,3149.82,UPI
1064,77,2024-05-20,14559.96,Cash on Delivery
1065,77,2024-06-29,6860.03,UPI
1066,77,2024-07-21,1904.16,Wallet
1067,77,2024-12-10,2028.72,Cash on Delivery
1068,77,2025-03-28,6698.08,Net Banking
1069,77,2025-08-19,10000.56,Debit Card
1070,77,2025-12-15,3480.85,Cash on Delivery
1071,78,2023-06-19,16913.73,Cash on Delivery
1072,78,2023-07-31,5028.93,UPI
1073,78,2023-11-29,4136.47,Credit Card
1074,78,2023-12-22,1901.74,UPI
1075,78,2024-01-18,1986.85,Wallet
1076,78,2024-02-02,5481.81,Debit Card
1077,78,2024-09-17,3133.18,Credit Card
1078,79,2024-06-13,10348.82,Net Banking
1079,79,2024-07-09,9616.04,UPI
1080,79,2024-08-17,3861.28,Wallet
1081,79,2024-10-06,6721.38,Wallet
1082,79,2025-02-24,11978.52,Credit Card
1083,79,2025-07-27,13000.28,Cash on Delivery
1084,80,2025-12-02,8281.35,Net Banking
1085,81,2023-03-19,8061.37,Cash on Delivery
1086,81,2023-03-25,4118.94,Debit Card
1087,81,2023-04-24,206.11,Wallet
1088,81,2023-06-21,5368.65,UPI
1089,81,2023-07-20,3848.04,Credit Card
1090,81,2024-02-22,7175.59,Credit Card
1091,81,2024-12-08,4104.6,Cash on Delivery
1092,81,2025-03-19,683.07,Net Banking
1093,81,2025-07-07,5948.28,UPI
1094,82,2023-01-29,2309.9,Cash on Delivery
1095,82,2023-05-28,5408.24,Debit Card
1096,82,2024-03-11,1589.23,Credit Card
1097,82,2024-04-08,3970.76,Debit Card
1098,82,2024-04-30,3208.21,UPI
1099,82,2024-06-14,4871.04,Debit Card
1100,82,2024-11-25,3905.07,Wallet
1101,82,2025-02-25,2238.6,Credit Card
1102,82,2025-03-31,2496.04,Wallet
1103,82,2025-05-04,1601.58,Net Banking
1104,82,2025-05-24,4020.57,UPI
1105,82,2025-12-02,10049.09,Debit Card
1106,83,2024-11-25,2915.34,Debit Card
1107,83,2025-01-22,7861.54,Cash on Delivery
1108,83,2025-01-24,3187.2,UPI
1109,83,2025-03-14,3098.34,UPI
1110,83,2025-05-24,5375.44,Wallet
1111,83,2025-07-29,5009.63,Credit Card
1112,83,2025-09-29,8633.88,Debit Card
1113,83,2025-11-04,15988.04,Credit Card
1114,84,2024-01-10,8906.02,UPI
1115,84,2025-03-30,7720.94,Credit Card
1116,85,2024-07-26,4142.36,Credit Card
1117,85,2024-09-01,4062.13,Cash on Delivery
1118,85,2024-12-01,1890.46,Credit Card
1119,85,2025-10-24,5964.28,Wallet
1120,86,2024-01-03,2705.4,Credit Card
1121,86,2024-05-07,6130.89,UPI
1122,86,2024-06-24,694.48,Debit Card
1123,86,2024-09-03,5553.58,Wallet
1124,86,2024-10-05,6284.73,UPI
1125,86,2024-12-14,665.52,Credit Card
1126,86,2025-02-22,13240.32,Debit Card
1127,86,2025-03-17,23335.43,Cash on Delivery
1128,86,2025-04-26,4236.73,Debit Card
1129,86,2025-05-07,14658.06,UPI
1130,86,2025-06-05,4241.58,Net Banking
1131,86,2025-06-11,20409.58,Debit Card
1132,86,2025-06-22,8284.13,Debit Card
1133,86,2025-07-02,1413.39,Net Banking
1134,86,2025-11-23,4675.98,Debit Card
1135,86,2025-12-13,11408.2,Debit Card
1136,87,2023-06-05,3977.83,Debit Card
1137,87,2023-06-21,3889.48,Wallet
1138,87,2023-07-04,1616.0,Cash on Delivery
1139,87,2023-07-06,8479.02,Credit Card
1140,87,2023-07-23,3258.48,Debit Card
1141,87,2023-08-16,6360.05,Net Banking
1142,87,2023-09-24,7795.82,UPI
1143,87,2023-10-31,614.2,Debit Card
1144,87,2023-11-04,1041.12,Net Banking
1145,87,2023-12-09,5162.3,Credit Card
1146,87,2023-12-27,526.48,Net Banking
1147,87,2024-01-20,1950.08,Cash on Delivery
1148,87,2024-01-25,5829.98,Debit Card
1149,87,2024-06-24,15696.41,Debit Card
1150,87,2024-09-02,6319.28,Cash on Delivery
1151,87,2024-09-23,3681.69,Wallet
1152,87,2024-09-28,8006.52,UPI
1153,87,2024-10-08,1588.28,UPI
1154,87,2024-12-05,1947.2,Credit Card
1155,87,2024-12-27,936.56,Credit Card
1156,87,2025-01-16,726.12,Wallet
1157,87,2025-07-13,4085.76,UPI
1158,88,2024-07-23,8222.75,Debit Card
1159,88,2024-09-19,4244.88,Cash on Delivery
1160,88,2024-10-31,5005.5,UPI
1161,88,2025-03-03,9376.5,UPI
1162,88,2025-05-22,5875.37,Wallet
1163,88,2025-11-06,7661.16,Credit Card
1164,88,2025-12-19,8389.46,Debit Card
1165,89,2025-02-13,9129.31,Credit Card
1166,89,2025-06-15,3716.5,Cash on Delivery
1167,89,2025-06-28,3794.33,Net Banking
1168,90,2020-10-07,801.67,Cash on Delivery
1169,90,2021-02-27,320.48,Net Banking
1170,90,2021-05-06,9281.73,Credit Card
1171,90,2021-08-16,9543.34,Net Banking
1172,90,2022-01-28,1749.82,Net Banking
1173,90,2022-02-03,11582.44,UPI
1174,90,2022-06-24,4867.64,UPI
1175,90,2022-07-15,12783.12,Cash on Delivery
1176,90,2022-11-17,7822.94,Debit Card
1177,90,2023-02-23,240.29,Debit Card
1178,90,2023-06-12,15993.36,Cash on Delivery
1179,90,2023-07-28,6066.68,Cash on Delivery
1180,90,2023-09-24,3169.8,Credit Card
1181,90,2023-12-15,2841.97,Net Banking
1182,90,2025-03-09,563.52,Net Banking
1183,90,2025-07-20,7414.13,UPI
1184,90,2025-10-24,5973.1,Wallet
1185,91,2023-11-03,5512.47,Wallet
1186,91,2023-11-17,2094.99,Wallet
1187,91,2023-12-20,1283.54,Credit Card
1188,91,2024-03-14,4276.93,UPI
1189,91,2024-04-09,6140.32,Net Banking
1190,91,2024-05-15,6320.65,Debit Card
1191,91,2024-06-11,4839.15,Net Banking
1192,91,2024-07-31,5285.38,Net Banking
1193,91,2024-09-26,9732.77,Debit Card
1194,91,2024-11-06,6157.0,UPI
1195,91,2025-05-01,6070.81,Credit Card
1196,91,2025-05-06,7117.13,Wallet
1197,91,2025-05-08,13441.9,Cash on Delivery
1198,91,2025-07-17,11199.93,UPI
1199,91,2025-08-24,450.2,Net Banking
1200,91,2025-10-16,760.58,Net Banking
1201,91,2025-11-13,9555.59,UPI
1202,91,2025-11-25,10521.65,Net Banking
1203,91,2025-12-02,6860.8,Credit Card
1204,91,2025-12-24,9751.2,Net Banking
1205,92,2023-04-05,3825.88,Wallet
1206,92,2023-11-01,12294.81,Debit Card
1207,92,2024-06-18,3959.67,UPI
1208,92,2024-09-02,12381.84,Credit Card
1209,92,2025-10-31,5988.04,Credit Card
1210,93,2021-12-12,5382.21,Debit Card
1211,93,2022-03-15,3826.8,Debit Card
1212,93,2022-03-17,4471.6,Wallet
1213,93,2022-06-25,4207.55,Debit Card
1214,93,2022-06-26,2214.32,Net Banking
1215,93,2023-01-20,3076.11,Credit Card
1216,93,2023-07-19,7497.97,Cash on Delivery
1217,93,2023-07-20,9578.36,Wallet
1218,93,2023-07-24,7122.52,Credit Card
1219,93,2023-09-16,1815.93,Credit Card
1220,93,2024-02-13,10414.92,Net Banking
1221,93,2024-03-12,14682.9,Credit Card
1222,93,2024-09-19,12907.7,UPI
1223,93,2025-05-11,7398.93,UPI
1224,93,2025-08-17,9272.54,Cash on Delivery
1225,93,2025-12-20,10119.17,Net Banking
1226,94,2022-01-01,522.51,UPI
1227,94,2022-01-21,18856.77,Debit Card
1228,94,2022-04-02,15612.38,UPI
1229,94,2022-05-05,10875.97,Credit Card
1230,94,2022-06-25,1404.08,Net Banking
1231,94,2022-08-11,6485.98,Debit Card
1232,94,2022-09-29,8848.69,Wallet
1233,94,2023-09-13,2262.55,Net Banking
1234,94,2023-09-17,2750.11,Debit Card
1235,94,2024-11-17,5582.78,Cash on Delivery
1236,94,2024-11-29,5569.56,Net Banking
1237,94,2025-04-08,2149.92,Credit Card
1238,94,2025-04-16,3682.55,Credit Card
1239,94,2025-07-10,12810.26,UPI
1240,94,2025-09-08,4989.51,Credit Card
1241,94,2025-09-26,5514.43,Credit Card
1242,94,2025-11-13,3551.2,Credit Card
1243,94,2025-12-22,19018.53,Wallet
1244,95,2025-01-23,660.84,Wallet
1245,95,2025-02-18,8544.66,Debit Card
1246,95,2025-03-23,6379.7,UPI
1247,95,2025-07-01,3945.54,Wallet
1248,95,2025-07-04,18884.22,Net Banking
1249,95,2025-08-20,14258.81,Credit Card
1250,95,2025-08-22,1926.36,Wallet
1251,95,2025-10-21,2926.41,Credit Card
1252,95,2025-10-25,2995.68,Net Banking
1253,95,2025-11-29,1553.27,Credit Card
1254,95,2025-12-10,4258.04,Cash on Delivery
1255,95,2025-12-15,8773.28,UPI
1256,96,2024-05-08,2214.34,Net Banking
1257,96,2024-06-06,21411.81,Cash on Delivery
1258,96,2024-07-28,8268.8,Net Banking
1259,96,2024-08-10,3383.84,Cash on Delivery
1260,96,2024-09-01,15229.34,Net Banking
1261,96,2024-09-05,6882.9,Cash on Delivery
1262,96,2024-09-05,1164.0,Wallet
1263,96,2024-09-22,11698.85,Debit Card
1264,96,2024-12-11,5849.26,UPI
1265,96,2025-01-01,3935.89,Wallet
1266,96,2025-01-12,5147.61,Net Banking
1267,96,2025-01-29,1655.92,Net Banking
1268,96,2025-02-07,4968.8,Cash on Delivery
1269,96,2025-03-14,2289.23,Credit Card
1270,96,2025-06-08,2001.12,Wallet
1271,96,2025-06-22,3749.06,UPI
1272,96,2025-06-23,3525.44,UPI
1273,96,2025-07-18,3093.74,Net Banking
1274,96,2025-07-28,10747.88,Wallet
1275,96,2025-07-31,2430.41,Wallet
1276,96,2025-08-10,1592.91,Cash on Delivery
1277,96,2025-08-31,3720.0,UPI
1278,96,2025-12-19,1428.96,Cash on Delivery
1279,97,2019-03-20,2640.06,Net Banking
1280,97,2019-04-07,7550.04,Debit Card
1281,97,2019-07-01,8906.35,Cash on Delivery
1282,97,2019-08-05,7517.07,Net Banking
1283,97,2019-10-23,690.7,Credit Card
1284,97,2020-01-07,2402.46,Debit Card
1285,97,2020-01-11,2316.59,Credit Card
1286,97,2020-03-14,4612.03,Cash on Delivery
1287,97,2020-04-30,5955.86,Net Banking
1288,97,2020-07-29,8148.59,Cash on Delivery
1289,97,2020-10-18,3249.12,Cash on Delivery
1290,97,2020-12-08,5985.18,Net Banking
1291,97,2020-12-14,376.14,Cash on Delivery
1292,97,2021-01-07,6458.9,Wallet
1293,97,2021-01-22,811.3,Debit Card
1294,97,2021-02-02,4068.56,UPI
1295,97,2021-02-10,10635.4,Credit Card
1296,97,2021-07-04,1707.15,Credit Card
1297,97,2022-01-07,4935.93,Credit Card
1298,97,2022-01-18,3213.81,Net Banking
1299,97,2022-02-07,647.86,Wallet
1300,97,2022-05-13,15043.41,Debit Card
1301,97,2022-06-25,2489.46,Wallet
1302,97,2022-10-03,9612.2,UPI
1303,97,2022-10-14,2576.97,Wallet
1304,97,2022-11-06,7918.86,Wallet
1305,97,2022-12-03,224.62,Net Banking
1306,97,2023-01-04,16192.89,UPI
1307,97,2023-05-03,10573.66,Cash on Delivery
1308,97,2023-07-29,2227.52,Debit Card
1309,97,2023-08-27,8750.8,UPI
1310,97,2023-09-16,7347.92,Debit Card
1311,97,2023-10-08,8357.04,Cash on Delivery
1312,97,2023-11-03,5088.72,Wallet
1313,97,2024-06-09,8086.79,UPI
1314,97,2024-10-27,4390.28,Cash on Delivery
1315,97,2024-10-27,4624.65,Debit Card
1316,97,2024-11-23,4470.65,Credit Card
1317,97,2024-12-20,100.85,Net Banking
1318,97,2025-02-20,6077.52,Credit Card
1319,97,2025-06-30,3635.24,Wallet
1320,97,2025-08-15,6930.39,Credit Card
1321,98,2023-06-10,4538.1,UPI
1322,98,2023-07-12,7531.24,Cash on Delivery
1323,98,2023-09-18,3007.7,Debit Card
1324,98,2023-09-22,7413.23,UPI
1325,98,2023-09-25,1708.64,UPI
1326,98,2023-10-04,14533.08,Wallet
1327,98,2023-10-08,5061.8,UPI
1328,98,2023-10-15,8816.08,UPI
1329,98,2023-10-27,125.95,Debit Card
1330,98,2023-10-27,7377.55,Net Banking
1331,98,2023-11-06,1209.38,Credit Card
1332,98,2023-12-10,339.42,Net Banking
1333,98,2023-12-17,3821.84,UPI
1334,98,2024-02-15,4723.21,Debit Card
1335,98,2024-03-10,1112.49,Net Banking
1336,98,2024-03-29,3489.15,Net Banking
1337,98,2024-04-19,13203.75,Debit Card
1338,98,2024-05-11,638.2,Credit Card
1339,98,2024-07-17,15431.94,Net Banking
1340,98,2024-09-01,17030.96,Wallet
1341,98,2024-11-05,10456.59,Debit Card
1342,98,2025-01-19,5264.9,Cash on Delivery
1343,98,2025-02-20,5973.32,Credit Card
1344,98,2025-05-18,4057.24,Debit Card
1345,98,2025-05-22,1852.16,Wallet
1346,98,2025-06-18,2054.01,Wallet
1347,98,2025-07-17,1999.59,Cash on Delivery
1348,98,2025-09-07,10142.03,Debit Card
1349,98,2025-11-14,10048.34,UPI
1350,98,2025-12-01,3016.53,Credit Card
1351,98,2025-12-01,18508.6,Debit Card
1352,98,2025-12-14,15289.35,UPI
1353,98,2025-12-27,5193.73,Cash on Delivery
1354,99,2022-05-13,3275.56,Wallet
1355,99,2022-07-04,1646.02,UPI
1356,99,2022-08-25,8134.02,Debit Card
1357,99,2022-09-09,2771.88,UPI
1358,99,2022-11-11,9742.64,Debit Card
1359,99,2022-12-23,4295.21,Credit Card
1360,99,2022-12-26,5151.2,Wallet
1361,99,2023-01-30,19296.22,Credit Card
1362,99,2023-02-17,8155.2,Credit Card
1363,99,2023-05-26,6119.34,Credit Card
1364,99,2023-05-30,8013.04,Wallet
1365,99,2023-07-23,5940.92,Cash on Delivery
1366,99,2023-08-25,8524.53,Net Banking
1367,99,2023-10-03,11451.14,Wallet
1368,99,2023-10-21,6125.94,UPI
1369,99,2023-10-22,1052.91,UPI
1370,99,2023-11-03,7620.24,Debit Card
1371,99,2023-11-20,2394.73,Cash on Delivery
1372,99,2023-12-20,1024.92,UPI
1373,99,2024-03-11,8691.34,Net Banking
1374,99,2024-03-26,775.64,Net Banking
1375,99,2024-04-03,8068.05,Cash on Delivery
1376,99,2024-04-08,7174.98,UPI
1377,99,2024-04-20,8064.1,Wallet
1378,99,2024-04-20,5644.8,Credit Card
1379,99,2024-07-27,2088.28,Cash on Delivery
1380,99,2024-08-26,847.24,Wallet
1381,99,2024-10-22,6025.89,Net Banking
1382,99,2025-02-04,3012.84,UPI
1383,99,2025-03-31,21081.33,Net Banking
1384,99,2025-04-04,19599.97,Debit Card
1385,99,2025-04-18,5783.68,Credit Card
1386,99,2025-04-22,2163.32,Net Banking
1387,99,2025-04-23,1147.96,Cash on Delivery
1388,99,2025-06-18,8941.46,Debit Card
1389,99,2025-07-28,7509.92,Net Banking
1390,99,2025-09-02,9849.85,Credit Card
1391,99,2025-10-17,4249.08,Wallet
1392,99,2025-10-22,3636.8,Wallet
1393,100,2023-03-08,5109.78,UPI
1394,100,2023-04-10,12857.71,Cash on Delivery
1395,100,2023-06-21,440.88,Debit Card
1396,100,2023-07-10,2038.64,Credit Card
1397,100,2023-08-23,4064.89,Debit Card
1398,100,2023-10-21,7587.28,UPI
1399,100,2023-10-24,10275.42,UPI
1400,100,2023-11-10,1971.08,Credit Card
1401,100,2023-11-19,6668.56,Cash on Delivery
1402,100,2024-06-20,1751.1,Debit Card
1403,100,2024-08-31,5891.32,Cash on Delivery
1404,100,2024-11-11,8559.0,Cash on Delivery
1405,100,2025-03-18,14988.72,Net Banking
1406,100,2025-05-30,13606.44,Debit Card
1407,100,2025-09-11,9500.8,Wallet
1408,101,2024-02-23,3127.68,Cash on Delivery
1409,101,2024-05-17,4654.97,Cash on Delivery
1410,101,2024-05-21,7575.34,Wallet
1411,101,2024-06-14,9330.98,Credit Card
1412,101,2024-07-02,3014.76,Debit Card
1413,101,2024-08-30,13973.16,Wallet
1414,101,2024-09-30,10615.27,Net Banking
1415,101,2024-10-09,1254.66,UPI
1416,101,2024-12-16,4242.82,Wallet
1417,101,2024-12-21,6204.26,UPI
1418,101,2025-01-03,7637.08,UPI
1419,101,2025-03-12,8437.26,Debit Card
1420,101,2025-06-12,6760.31,Net Banking
1421,101,2025-06-14,2752.55,Cash on Delivery
1422,101,2025-10-20,3224.36,UPI
1423,101,2025-11-25,10560.06,Credit Card
1424,101,2025-12-14,9083.14,Credit Card
1425,101,2025-12-22,1593.42,Cash on Delivery
1426,102,2023-06-28,5547.31,Wallet
1427,102,2023-07-25,5556.72,Cash on Delivery
1428,102,2023-09-13,11495.46,Cash on Delivery
1429,102,2024-03-30,8191.57,Wallet
1430,102,2024-04-17,2945.5,Debit Card
1431,102,2024-05-28,5953.35,Net Banking
1432,102,2024-07-12,2743.95,Credit Card
1433,102,2024-09-09,1525.58,Credit Card
1434,102,2024-10-15,9300.68,Wallet
1435,102,2025-02-21,4302.29,Credit Card
1436,102,2025-06-02,15206.82,Wallet
1437,102,2025-06-22,12242.9,Cash on Delivery
1438,102,2025-09-17,6812.31,UPI
1439,102,2025-10-18,3829.37,Cash on Delivery
1440,103,2023-03-20,4583.14,Wallet
1441,103,2023-04-04,9114.01,Net Banking
1442,103,2023-05-28,6298.29,Credit Card
1443,103,2023-06-30,3641.2,Credit Card
1444,103,2023-12-01,13191.59,Cash on Delivery
1445,103,2023-12-16,4589.44,Credit Card
1446,103,2024-01-19,7114.07,Debit Card
1447,103,2024-01-30,6080.37,Credit Card
1448,103,2024-05-30,4790.45,Net Banking
1449,103,2024-07-29,6771.46,Cash on Delivery
1450,103,2024-09-27,7776.63,Debit Card
1451,103,2024-12-02,6640.56,Net Banking
1452,103,2025-01-01,2975.62,Credit Card
1453,103,2025-02-16,1557.78,UPI
1454,103,2025-03-08,10100.42,Credit Card
1455,103,2025-05-17,162.3,Cash on Delivery
1456,103,2025-06-11,3415.4,Cash on Delivery
1457,103,2025-09-09,937.64,Net Banking
1458,104,2023-01-17,5808.13,Net Banking
1459,104,2023-03-06,3834.4,Wallet
1460,104,2023-04-13,4737.26,Wallet
1461,104,2023-08-01,7770.62,Net Banking
1462,104,2023-09-10,1440.76,Wallet
1463,104,2023-10-18,6391.34,Wallet
1464,104,2023-11-10,1106.27,Net Banking
1465,104,2024-01-23,6424.41,UPI
1466,104,2024-03-14,5198.28,Net Banking
1467,104,2024-03-19,1402.28,UPI
1468,104,2024-07-25,510.12,Wallet
1469,104,2024-08-20,8131.94,Net Banking
1470,104,2024-09-15,2322.53,Wallet
1471,104,2024-11-04,2013.25,Net Banking
1472,104,2025-02-04,1752.2,Credit Card
1473,104,2025-02-13,7502.02,UPI
1474,104,2025-03-29,3810.26,Cash on Delivery
1475,104,2025-04-05,9712.82,Credit Card
1476,104,2025-04-06,4496.27,Wallet
1477,104,2025-05-16,10535.32,Net Banking
1478,104,2025-06-06,11704.42,Cash on Delivery
1479,104,2025-06-27,2780.78,Credit Card
1480,104,2025-07-24,5654.43,UPI
1481,104,2025-08-12,4984.0,Credit Card
1482,104,2025-08-30,1480.94,Debit Card
1483,104,2025-09-20,9351.84,UPI
1484,104,2025-11-07,9651.32,Credit Card
1485,104,2025-11-09,6173.43,Wallet
1486,104,2025-12-02,354.0,Wallet
1487,105,2025-10-18,2840.47,Net Banking
1488,106,2024-09-20,16565.95,Credit Card
1489,106,2025-01-02,10194.84,Net Banking
1490,106,2025-03-28,14169.18,Cash on Delivery
1491,106,2025-07-14,7797.15,Credit Card
1492,106,2025-07-21,3494.02,UPI
1493,106,2025-08-11,5179.35,Cash on Delivery
1494,106,2025-09-19,5491.44,Wallet
1495,107,2024-10-08,4074.39,Cash on Delivery
1496,107,2024-10-13,4064.53,Debit Card
1497,107,2024-11-16,6499.04,UPI
1498,107,2024-12-27,746.22,Net Banking
1499,107,2025-05-14,3616.53,Net Banking
1500,107,2025-05-16,5282.94,UPI
1501,107,2025-07-28,8124.2,UPI
1502,107,2025-10-07,8058.88,Credit Card
1503,108,2025-10-04,4078.23,Credit Card
1504,109,2024-12-10,9293.28,Credit Card
1505,109,2025-06-15,3433.54,Debit Card
1506,109,2025-08-20,3328.8,UPI
1507,109,2025-09-15,803.04,Wallet
1508,109,2025-12-28,5740.48,Net Banking
1509,110,2025-12-01,9520.58,Debit Card
1510,111,2020-12-28,11109.43,Wallet
1511,111,2021-01-10,4186.48,Debit Card
1512,111,2021-04-14,4515.36,Wallet
1513,111,2021-04-23,110.97,UPI
1514,111,2021-04-25,5643.76,Wallet
1515,111,2021-08-03,7521.58,Wallet
1516,111,2021-09-02,2143.67,Debit Card
1517,111,2021-09-23,10499.9,Wallet
1518,111,2021-11-01,5290.86,Net Banking
1519,111,2022-06-05,2186.74,Wallet
1520,111,2022-08-24,2318.37,Credit Card
1521,111,2022-10-19,9021.55,Cash on Delivery
1522,111,2022-10-24,9794.28,Cash on Delivery
1523,111,2023-02-04,10395.37,Credit Card
1524,111,2023-03-27,3318.81,Net Banking
1525,111,2023-08-17,2791.74,UPI
1526,111,2024-02-18,1053.12,Credit Card
1527,111,2024-02-18,5626.64,Net Banking
1528,111,2024-03-08,3879.63,Net Banking
1529,111,2024-03-21,6371.55,Cash on Delivery
1530,111,2024-03-21,1232.78,Debit Card
1531,111,2024-05-10,2314.32,Wallet
1532,111,2024-09-26,10707.36,Wallet
1533,111,2024-12-04,8943.34,Net Banking
1534,111,2025-05-01,4537.33,Cash on Delivery
1535,111,2025-06-01,8179.59,Credit Card
1536,111,2025-09-25,11179.84,UPI
1537,111,2025-10-13,1950.32,Cash on Delivery
1538,111,2025-10-17,2280.78,UPI
1539,111,2025-11-18,7470.34,Net Banking
1540,112,2024-09-05,2827.38,Net Banking
1541,112,2024-11-04,5760.48,Debit Card
1542,112,2025-02-16,9721.87,Wallet
1543,112,2025-06-23,626.19,Cash on Delivery
1544,112,2025-07-20,2820.09,Credit Card
1545,113,2024-09-15,10457.34,Debit Card
1546,113,2024-11-01,20712.54,UPI
1547,113,2024-11-17,7481.04,UPI
1548,113,2025-01-19,6775.79,Net Banking
1549,113,2025-02-04,13276.65,UPI
1550,113,2025-02-17,9480.82,UPI
1551,113,2025-04-21,8741.6,Cash on Delivery
1552,113,2025-07-29,5605.26,Credit Card
1553,113,2025-10-11,4691.57,Credit Card
1554,113,2025-10-25,3495.22,Wallet
1555,114,2022-08-23,3305.02,Wallet
1556,114,2023-07-28,8470.76,Debit Card
1557,114,2023-12-10,4321.45,UPI
1558,114,2024-01-18,5771.75,Cash on Delivery
1559,114,2024-02-18,1596.46,UPI
1560,114,2025-02-17,9201.63,Cash on Delivery
1561,115,2024-01-26,3046.52,UPI
1562,115,2024-02-04,8760.35,Net Banking
1563,115,2024-02-10,6191.07,Credit Card
1564,115,2024-04-24,8029.2,Cash on Delivery
1565,115,2024-04-24,1455.8,Cash on Delivery
1566,115,2024-05-19,1620.99,Net Banking
1567,115,2024-06-10,9920.4,Net Banking
1568,115,2024-06-13,4399.37,Debit Card
1569,115,2024-07-10,6792.1,Credit Card
1570,115,2024-09-05,3290.95,Debit Card
1571,115,2024-09-29,6102.57,UPI
1572,115,2024-10-18,2364.42,Net Banking
1573,115,2025-01-23,4247.18,Debit Card
1574,115,2025-02-26,8341.97,Credit Card
1575,115,2025-03-05,2002.79,UPI
1576,115,2025-05-10,1782.36,Wallet
1577,115,2025-05-24,5625.15,Credit Card
1578,115,2025-06-11,3173.68,Debit Card
1579,115,2025-06-14,7934.55,Cash on Delivery
1580,115,2025-07-25,3515.52,Debit Card
1581,115,2025-08-12,15747.64,Debit Card
1582,115,2025-11-25,622.23,UPI
1583,115,2025-12-08,9542.42,UPI
1584,115,2025-12-29,4999.02,UPI
1585,116,2022-08-30,2242.53,Debit Card
1586,116,2022-10-27,6238.18,Net Banking
1587,116,2023-01-14,4644.6,Cash on Delivery
1588,116,2023-01-29,10551.56,Debit Card
1589,116,2023-04-06,12684.27,Credit Card
1590,116,2023-06-19,11274.12,Wallet
1591,116,2024-01-26,3252.15,Credit Card
1592,116,2024-02-24,4080.16,Debit Card
1593,116,2024-03-16,4477.52,Debit Card
1594,116,2024-11-07,5158.2,Net Banking
1595,116,2025-01-08,14547.12,UPI
1596,116,2025-04-18,8950.55,Credit Card
1597,116,2025-07-26,8080.24,Net Banking
1598,116,2025-08-23,2446.71,Net Banking
1599,116,2025-09-27,7357.23,Net Banking
1600,116,2025-10-04,1468.32,UPI
1601,117,2024-04-08,13199.08,Wallet
1602,117,2024-04-26,1574.18,Credit Card
1603,117,2024-05-27,9627.92,Cash on Delivery
1604,117,2024-06-27,4276.8,Credit Card
1605,117,2024-07-13,11121.05,Net Banking
1606,117,2024-10-06,721.02,Wallet
1607,117,2024-10-07,2780.31,Wallet
1608,117,2024-10-23,5236.38,Credit Card
1609,117,2024-11-02,3837.65,Credit Card
1610,117,2024-12-21,4206.45,Cash on Delivery
1611,117,2025-03-27,16907.57,Net Banking
1612,117,2025-04-16,5214.72,Cash on Delivery
1613,117,2025-05-19,1369.32,Cash on Delivery
1614,117,2025-06-23,12726.19,Cash on Delivery
1615,117,2025-08-24,16799.3,Credit Card
1616,117,2025-09-12,3932.24,Net Banking
1617,117,2025-09-13,3292.18,UPI
1618,117,2025-09-20,9413.04,Debit Card
1619,118,2024-05-21,4565.42,Cash on Delivery
1620,118,2024-06-08,1413.6,Credit Card
1621,118,2024-09-21,499.37,Cash on Delivery
1622,118,2024-12-06,11364.51,Debit Card
1623,118,2025-02-17,1950.96,Debit Card
1624,118,2025-02-17,4038.68,UPI
1625,118,2025-11-12,3893.77,Debit Card
1626,118,2025-12-17,1335.48,Credit Card
1627,119,2024-02-22,10739.06,Cash on Delivery
1628,119,2024-04-09,5145.69,Cash on Delivery
1629,119,2024-06-28,2583.99,Net Banking
1630,119,2024-07-24,2945.28,Net Banking
1631,119,2024-08-10,8318.28,Net Banking
1632,119,2024-08-31,7399.11,Credit Card
1633,119,2024-10-26,1495.06,UPI
1634,119,2024-11-25,389.22,Cash on Delivery
1635,119,2024-12-27,8382.72,Wallet
1636,119,2024-12-28,5644.73,Cash on Delivery
1637,119,2025-01-02,4868.04,UPI
1638,119,2025-02-26,3898.77,Cash on Delivery
1639,119,2025-03-27,1122.84,Debit Card
1640,119,2025-04-16,13164.26,Credit Card
1641,119,2025-04-16,3196.62,Net Banking
1642,119,2025-06-15,3678.15,UPI
1643,119,2025-06-19,6192.08,Net Banking
1644,119,2025-07-23,8370.97,Wallet
1645,119,2025-09-09,458.06,Wallet
1646,119,2025-11-17,1278.76,Net Banking
1647,119,2025-12-03,3884.48,UPI
1648,120,2023-06-21,461.74,Net Banking
1649,120,2023-09-14,19081.86,UPI
1650,120,2023-10-04,2573.19,UPI
1651,120,2023-12-30,1835.3,UPI
1652,120,2024-03-17,2198.49,Credit Card
1653,120,2024-04-21,1225.16,Wallet
1654,121,2024-07-15,5995.12,Cash on Delivery
1655,121,2024-07-20,1146.36,Debit Card
1656,121,2025-03-23,1860.82,Debit Card
1657,122,2025-10-13,4007.12,Wallet
1658,122,2025-11-14,1482.52,UPI
1659,123,2023-07-02,20058.35,UPI
1660,123,2023-07-21,16730.18,Credit Card
1661,123,2023-07-26,6177.23,Credit Card
1662,123,2023-07-27,7167.04,UPI
1663,123,2023-08-03,9457.15,UPI
1664,123,2023-12-19,4472.37,Wallet
1665,123,2024-02-22,2147.57,Net Banking
1666,123,2024-03-18,14197.66,Cash on Delivery
1667,123,2024-06-19,9154.03,Wallet
1668,123,2024-07-09,7876.55,Cash on Delivery
1669,123,2024-09-11,2357.44,Net Banking
1670,123,2025-01-23,10860.0,Credit Card
1671,123,2025-05-07,10344.11,Debit Card
1672,123,2025-05-19,1668.27,Credit Card
1673,123,2025-06-30,3133.38,Wallet
1674,123,2025-08-01,4176.0,Credit Card
1675,123,2025-11-06,19259.04,Cash on Delivery
1676,123,2025-12-08,11279.16,UPI
1677,123,2025-12-11,489.55,Credit Card
1678,124,2022-04-11,6007.09,Net Banking
1679,124,2022-04-24,5550.31,Cash on Delivery
1680,124,2022-12-03,770.7,Net Banking
1681,124,2023-03-13,11842.71,UPI
1682,124,2023-08-11,311.36,UPI
1683,124,2024-05-02,5019.87,Credit Card
1684,124,2024-07-12,13390.35,Credit Card
1685,124,2024-09-05,9068.74,Debit Card
1686,124,2024-10-08,6973.64,Net Banking
1687,124,2025-01-04,12816.79,Debit Card
1688,124,2025-09-10,1624.24,Credit Card
1689,125,2024-10-29,13971.69,Debit Card
1690,125,2025-04-02,1519.02,Debit Card
1691,125,2025-04-27,2711.3,Credit Card
1692,125,2025-11-22,1515.92,Cash on Delivery
1693,126,2025-03-16,6539.11,Debit Card
1694,126,2025-03-28,1478.73,Cash on Delivery
1695,126,2025-04-28,3950.32,Wallet
1696,126,2025-05-06,8046.28,Wallet
1697,126,2025-06-03,5682.05,Net Banking
1698,126,2025-06-18,2534.82,Net Banking
1699,126,2025-06-24,3500.81,Wallet
1700,126,2025-07-24,5485.23,Cash on Delivery
1701,126,2025-08-02,4735.86,Wallet
1702,126,2025-08-18,15200.61,Net Banking
1703,126,2025-08-19,2218.76,Net Banking
1704,126,2025-09-17,3177.11,Wallet
1705,126,2025-09-20,2059.96,Credit Card
1706,126,2025-10-05,9271.77,Net Banking
1707,126,2025-12-25,3699.75,Cash on Delivery
1708,126,2025-12-26,2617.37,Credit Card
1709,127,2024-08-10,3213.61,Wallet
1710,127,2024-09-30,13131.57,Debit Card
1711,127,2024-11-26,6512.86,Net Banking
1712,127,2025-01-14,3038.44,Cash on Delivery
1713,127,2025-01-27,6071.51,Debit Card
1714,127,2025-02-13,3080.85,UPI
1715,127,2025-04-17,4929.68,UPI
1716,127,2025-06-28,6558.67,Net Banking
1717,127,2025-07-02,2694.57,Credit Card
1718,127,2025-08-30,217.25,Net Banking
1719,127,2025-09-03,4273.56,Debit Card
1720,127,2025-11-09,11170.27,Wallet
1721,127,2025-11-20,12714.89,Wallet
1722,127,2025-12-01,1403.07,UPI
1723,128,2025-11-22,10769.3,Cash on Delivery
1724,129,2025-02-16,7650.29,Debit Card
1725,129,2025-08-06,532.77,Credit Card
1726,129,2025-09-26,6645.63,Wallet
1727,130,2024-12-22,7031.48,Credit Card
1728,130,2025-02-03,3036.43,UPI
1729,130,2025-05-12,5011.9,UPI
1730,130,2025-11-19,10370.2,Credit Card
1731,130,2025-12-06,1807.01,Cash on Delivery
1732,131,2022-12-07,7938.07,Debit Card
1733,131,2023-07-21,2193.21,UPI
1734,131,2023-07-30,14515.78,Credit Card
1735,131,2023-08-01,16912.09,Net Banking
1736,131,2024-01-25,1728.92,Cash on Delivery
1737,131,2024-04-08,8116.73,UPI
1738,131,2024-10-22,9486.13,Net Banking
1739,131,2024-11-06,14538.13,Net Banking
1740,131,2025-02-20,8203.0,Net Banking
1741,131,2025-03-09,5931.84,Debit Card
1742,131,2025-03-19,1729.62,Wallet
1743,131,2025-04-15,6480.6,Debit Card
1744,131,2025-11-13,2090.14,Cash on Delivery
1745,132,2024-04-01,9220.49,UPI
1746,132,2024-05-24,7754.44,Debit Card
1747,132,2024-06-29,6088.64,UPI
1748,132,2024-07-19,7180.24,Wallet
1749,132,2024-08-13,2345.0,Cash on Delivery
1750,132,2024-09-01,2684.63,Net Banking
1751,132,2024-09-28,3171.8,Debit Card
1752,132,2024-10-06,1079.46,Debit Card
1753,132,2024-10-27,5090.15,Net Banking
1754,132,2024-11-14,1590.96,Net Banking
1755,132,2024-12-20,2735.54,UPI
1756,132,2025-01-26,3463.13,Net Banking
1757,132,2025-01-30,11802.56,Net Banking
1758,132,2025-02-08,8232.62,UPI
1759,132,2025-02-21,4607.54,Net Banking
1760,132,2025-03-08,10187.3,Credit Card
1761,132,2025-07-11,8329.27,Debit Card
1762,132,2025-08-01,11300.5,Cash on Delivery
1763,132,2025-08-04,12227.35,Cash on Delivery
1764,132,2025-08-08,4990.41,Cash on Delivery
1765,132,2025-09-07,13555.54,Net Banking
1766,132,2025-09-29,8973.67,UPI
1767,132,2025-10-21,5913.36,UPI
1768,132,2025-10-27,7277.0,Net Banking
1769,132,2025-12-14,166.9,Net Banking
1770,132,2025-12-31,2273.34,Wallet
1771,133,2022-11-09,2879.55,Net Banking
1772,133,2022-11-10,2670.66,Credit Card
1773,133,2022-11-19,1580.59,Net Banking
1774,133,2022-11-27,8015.9,Debit Card
1775,133,2023-01-17,1036.78,Wallet
1776,133,2023-03-31,458.19,Debit Card
1777,133,2023-04-12,4243.29,Cash on Delivery
1778,133,2023-05-15,941.59,UPI
1779,133,2023-06-18,2009.42,UPI
1780,133,2023-07-23,8900.52,UPI
1781,133,2023-08-21,4879.92,Wallet
1782,133,2024-02-20,2373.49,Net Banking
1783,133,2024-05-23,6042.18,Wallet
1784,133,2024-06-01,705.0,Credit Card
1785,133,2024-06-04,5650.38,Cash on Delivery
1786,133,2024-06-27,11813.66,Credit Card
1787,133,2024-08-06,2936.28,Net Banking
1788,133,2024-08-30,6751.32,Credit Card
1789,133,2024-09-18,3587.74,Cash on Delivery
1790,133,2024-12-21,937.29,Credit Card
1791,133,2025-03-19,3406.8,Net Banking
1792,133,2025-05-05,11592.48,Debit Card
1793,133,2025-05-28,425.6,Credit Card
1794,133,2025-06-26,4469.15,Net Banking
1795,133,2025-11-10,4728.97,Cash on Delivery
1796,134,2025-08-07,4918.47,Cash on Delivery
1797,134,2025-09-09,3340.6,Credit Card
1798,134,2025-09-25,5308.52,Cash on Delivery
1799,134,2025-10-26,11482.83,UPI
1800,134,2025-11-13,3566.18,UPI
1801,134,2025-12-19,3719.92,Cash on Delivery
1802,135,2020-05-31,6654.59,UPI
1803,135,2021-03-22,7770.77,Net Banking
1804,135,2021-08-06,491.46,UPI
1805,135,2022-03-13,12582.04,Credit Card
1806,135,2022-07-06,3795.04,UPI
1807,135,2022-11-16,2587.17,Net Banking
1808,135,2023-06-21,7176.92,Net Banking
1809,135,2023-06-28,6591.07,Net Banking
1810,135,2023-08-17,6029.1,Credit Card
1811,135,2024-02-23,8268.59,Credit Card
1812,135,2024-04-10,1399.72,Wallet
1813,135,2024-04-24,5146.41,Wallet
1814,135,2024-11-18,11076.5,Wallet
1815,135,2025-05-31,3463.68,Wallet
1816,135,2025-06-19,5640.48,Credit Card
1817,136,2025-04-17,4345.96,Cash on Delivery
1818,137,2025-05-02,7611.46,Net Banking
1819,137,2025-06-08,4864.5,Credit Card
1820,137,2025-07-14,9643.43,Net Banking
1821,137,2025-08-03,12024.6,Net Banking
1822,137,2025-09-12,5693.76,Debit Card
1823,137,2025-09-24,7650.67,UPI
1824,138,2021-10-05,6900.15,Net Banking
1825,138,2021-12-19,416.34,Debit Card
1826,138,2022-05-04,1122.84,UPI
1827,138,2022-06-26,18454.14,Cash on Delivery
1828,138,2022-07-10,1747.11,Net Banking
1829,138,2022-07-17,1635.12,UPI
1830,138,2022-08-09,9799.72,Debit Card
1831,138,2022-08-21,2521.11,Credit Card
1832,138,2022-12-16,6504.17,Wallet
1833,138,2022-12-24,1724.18,UPI
1834,138,2023-02-02,7386.21,Credit Card
1835,138,2023-02-05,4594.76,Debit Card
1836,138,2023-08-13,11396.64,Cash on Delivery
1837,138,2023-11-24,5425.2,Cash on Delivery
1838,138,2023-12-05,10151.68,Credit Card
1839,138,2023-12-07,4871.11,Credit Card
1840,138,2024-01-13,1213.98,Credit Card
1841,138,2024-02-26,10369.0,Credit Card
1842,138,2024-03-11,2953.25,Credit Card
1843,138,2025-07-07,6020.07,Cash on Delivery
1844,138,2025-07-17,12303.16,Net Banking
1845,139,2025-04-23,5745.31,UPI
1846,139,2025-09-10,15621.75,Debit Card
1847,139,2025-10-02,4607.53,Cash on Delivery
1848,139,2025-10-26,12145.8,UPI
1849,139,2025-12-02,8925.37,Credit Card
1850,140,2024-03-06,13642.99,Net Banking
1851,140,2024-03-16,9538.0,Net Banking
1852,140,2024-04-11,4557.52,Debit Card
1853,140,2024-12-23,2133.96,Debit Card
1854,140,2025-03-05,865.16,Credit Card
1855,140,2025-03-12,13828.17,UPI
1856,140,2025-09-14,7506.3,Net Banking
1857,140,2025-10-13,5961.25,UPI
1858,140,2025-11-12,5667.8,Debit Card
1859,140,2025-11-15,1278.08,Cash on Delivery
1860,140,2025-12-05,5555.96,Cash on Delivery
1861,141,2019-05-20,16648.32,Credit Card
1862,141,2019-07-12,1370.96,Wallet
1863,141,2019-08-15,9077.02,Net Banking
1864,141,2019-09-21,15203.92,Wallet
1865,141,2019-10-19,6086.27,Cash on Delivery
1866,141,2019-11-03,1895.15,Credit Card
1867,141,2019-12-09,3903.63,UPI
1868,141,2019-12-13,5659.64,Net Banking
1869,141,2020-02-17,5545.27,Net Banking
1870,141,2020-03-02,5707.49,Cash on Delivery
1871,141,2020-09-20,13341.54,Wallet
1872,141,2020-09-23,2451.87,Credit Card
1873,141,2020-12-20,3969.09,Wallet
1874,141,2021-02-09,7202.07,Cash on Delivery
1875,141,2021-03-05,6973.67,Wallet
1876,141,2021-03-31,2316.9,Debit Card
1877,141,2021-05-28,5226.38,UPI
1878,141,2021-06-21,3918.16,Wallet
1879,141,2022-01-19,17015.04,Credit Card
1880,141,2022-04-26,6135.02,Credit Card
1881,141,2022-05-10,9089.71,Credit Card
1882,141,2022-05-17,15410.61,Wallet
1883,141,2022-07-01,1248.9,Net Banking
1884,141,2022-12-10,7943.7,Wallet
1885,141,2023-04-18,6041.94,Cash on Delivery
1886,141,2023-04-22,221.48,Credit Card
1887,141,2023-06-11,982.08,Credit Card
1888,141,2023-06-20,1101.0,Credit Card
1889,141,2023-08-08,1501.2,UPI
1890,141,2024-01-04,9923.75,Net Banking
1891,141,2024-06-03,4616.58,Net Banking
1892,141,2024-06-04,275.62,Credit Card
1893,141,2024-12-19,11620.08,UPI
1894,141,2024-12-19,11740.32,Credit Card
1895,141,2025-04-13,11380.44,Net Banking
1896,141,2025-07-05,350.38,Net Banking
1897,141,2025-07-18,3484.38,UPI
1898,141,2025-10-27,12977.93,Net Banking
1899,141,2025-12-28,3759.84,Cash on Delivery
1900,142,2025-07-15,9074.76,Credit Card
1901,143,2025-10-05,4230.62,Credit Card
1902,144,2023-07-04,2467.41,UPI
1903,144,2023-07-14,5327.18,Cash on Delivery
1904,144,2023-08-26,6642.68,Net Banking
1905,144,2023-08-29,10159.28,Cash on Delivery
1906,144,2023-10-20,9615.45,Credit Card
1907,144,2023-11-23,4190.42,Credit Card
1908,144,2024-08-08,4890.62,UPI
1909,144,2025-01-04,879.16,UPI
1910,144,2025-10-15,6626.76,Wallet
1911,144,2025-10-26,1022.25,UPI
1912,144,2025-11-04,3064.29,Cash on Delivery
1913,144,2025-11-24,7306.88,UPI
1914,145,2024-08-21,1750.62,UPI
1915,145,2024-09-17,1648.04,Wallet
1916,145,2024-09-30,3532.28,UPI
1917,145,2025-03-27,5684.12,Cash on Delivery
1918,145,2025-06-27,433.42,Debit Card
1919,145,2025-08-03,7876.35,Credit Card
1920,145,2025-11-08,3359.53,Wallet
1921,146,2025-08-01,8475.36,Credit Card
1922,146,2025-08-09,2516.84,Debit Card
1923,147,2022-12-14,11290.47,Credit Card
1924,147,2023-02-19,6968.28,Credit Card
1925,147,2023-04-17,11684.64,Wallet
1926,147,2023-04-20,1182.52,UPI
1927,147,2023-11-06,661.44,Credit Card
1928,147,2024-03-09,11255.23,Debit Card
1929,147,2024-03-26,16315.7,Net Banking
1930,147,2024-05-25,10675.44,Wallet
1931,147,2024-06-12,8617.79,Net Banking
1932,147,2024-07-02,5232.08,Credit Card
1933,147,2024-09-28,3094.5,Wallet
1934,147,2024-11-24,3415.05,UPI
1935,147,2024-12-11,1783.81,Debit Card
1936,147,2024-12-30,7343.03,Wallet
1937,147,2025-03-23,2863.48,UPI
1938,147,2025-04-13,5658.52,Wallet
1939,147,2025-08-15,5476.06,Wallet
1940,147,2025-11-02,4281.08,Wallet
1941,147,2025-11-07,14085.99,Credit Card
1942,147,2025-12-11,6246.33,Net Banking
1943,147,2025-12-12,9270.53,Wallet
1944,147,2025-12-19,7811.22,Wallet
1945,147,2025-12-22,2273.2,UPI
1946,147,2025-12-30,6498.1,Wallet
1947,148,2022-04-06,3320.64,UPI
1948,148,2022-06-02,792.4,UPI
1949,148,2022-06-02,829.6,Wallet
1950,148,2022-06-12,13515.55,Wallet
1951,148,2022-06-27,538.16,Cash on Delivery
1952,148,2022-08-17,5355.9,Cash on Delivery
1953,148,2022-09-14,1951.86,Net Banking
1954,148,2022-10-03,502.44,Wallet
1955,148,2022-11-04,10864.65,UPI
1956,148,2022-12-27,319.16,UPI
1957,148,2023-02-16,21208.48,Wallet
1958,148,2023-02-21,9964.22,UPI
1959,148,2023-04-12,5335.92,Debit Card
1960,148,2023-10-22,16962.04,Wallet
1961,148,2023-11-10,6435.79,Cash on Delivery
1962,148,2023-12-08,1630.22,Cash on Delivery
1963,148,2023-12-24,3291.06,Debit Card
1964,148,2024-03-08,1414.28,Wallet
1965,148,2024-03-20,14830.71,Credit Card
1966,148,2024-04-02,3679.39,Wallet
1967,148,2024-04-03,3722.52,Net Banking
1968,148,2024-06-28,3340.2,Wallet
1969,148,2024-07-09,11142.86,Cash on Delivery
1970,148,2024-09-03,14062.31,Debit Card
1971,148,2024-09-07,1486.26,Credit Card
1972,148,2024-11-04,10580.93,Cash on Delivery
1973,148,2024-12-28,8040.68,Wallet
1974,148,2025-01-09,370.59,UPI
1975,148,2025-02-20,6259.28,Debit Card
1976,148,2025-06-30,17597.16,Wallet
1977,148,2025-07-03,11273.13,Debit Card
1978,148,2025-07-22,19606.14,Cash on Delivery
1979,148,2025-08-27,1705.2,Net Banking
1980,148,2025-09-01,6041.13,UPI
1981,149,2023-04-17,5519.03,Cash on Delivery
1982,149,2023-11-05,9957.08,Wallet
1983,149,2024-01-13,1614.53,UPI
1984,149,2024-04-27,7957.85,Credit Card
1985,149,2024-05-02,12565.15,Credit Card
1986,149,2024-07-22,6517.46,Credit Card
1987,149,2024-08-10,3592.54,Net Banking
1988,149,2024-11-11,1042.18,Debit Card
1989,149,2025-01-20,3650.88,Net Banking
1990,149,2025-06-25,20333.26,Net Banking
1991,149,2025-11-08,5184.02,Cash on Delivery
1992,150,2023-04-18,2323.52,Net Banking
1993,150,2024-01-02,781.8,Cash on Delivery
1994,150,2024-04-30,10948.69,Credit Card
1995,150,2024-08-15,10829.1,Debit Card
1996,150,2025-03-09,502.6,Cash on Delivery
1997,150,2025-06-01,17509.16,Cash on Delivery
1998,150,2025-06-27,9066.81,UPI
1999,150,2025-09-04,2098.73,Credit Card
2000,150,2025-09-25,5294.8,Debit Card
2001,151,2025-10-19,5392.1,Wallet
2002,151,2025-10-30,9763.3,Debit Card
2003,151,2025-11-26,8115.4,Cash on Delivery
2004,152,2024-12-12,5017.4,Wallet
2005,152,2025-03-03,11867.68,Wallet
2006,152,2025-07-12,1386.94,Net Banking
2007,153,2022-07-28,1539.37,Wallet
2008,153,2022-08-06,5991.86,Debit Card
2009,153,2022-12-23,12628.29,Debit Card
2010,153,2023-01-05,9436.32,Net Banking
2011,153,2023-01-17,5517.48,Credit Card
2012,153,2023-01-24,1260.84,Debit Card
2013,153,2023-07-25,3182.59,UPI
2014,153,2023-07-31,3968.88,UPI
2015,153,2023-08-22,7210.99,Wallet
2016,153,2023-09-24,466.74,Debit Card
2017,153,2023-10-27,6020.62,Cash on Delivery
2018,153,2023-11-09,13140.78,Wallet
2019,153,2023-11-15,4803.6,UPI
2020,153,2023-11-24,5232.3,Net Banking
2021,153,2023-12-10,5337.85,Credit Card
2022,153,2024-01-16,8920.29,Debit Card
2023,153,2024-03-09,5067.42,Wallet
2024,153,2024-05-07,5024.52,Net Banking
2025,153,2024-05-24,12428.82,Credit Card
2026,153,2024-06-23,7307.28,Credit Card
2027,153,2024-07-20,5625.33,Wallet
2028,153,2024-08-08,3222.44,Wallet
2029,153,2024-08-29,7477.79,Credit Card
2030,153,2024-09-30,3505.08,UPI
2031,153,2024-11-22,3257.01,UPI
2032,153,2024-12-22,5911.54,Cash on Delivery
2033,153,2025-04-06,10273.5,Debit Card
2034,153,2025-05-23,5217.42,UPI
2035,153,2025-06-27,4493.65,Credit Card
2036,153,2025-09-08,8526.08,UPI
2037,153,2025-10-01,4870.96,Cash on Delivery
2038,153,2025-12-13,1473.32,Debit Card
2039,153,2025-12-30,8168.7,Wallet
2040,154,2025-06-23,9878.44,UPI
2041,154,2025-09-13,745.32,UPI
2042,154,2025-12-08,5884.77,Credit Card
2043,155,2022-12-29,8719.4,Debit Card
2044,155,2023-07-24,15815.54,UPI
2045,155,2023-07-26,2086.21,Net Banking
2046,155,2024-08-07,7636.48,Wallet
2047,155,2024-08-17,5899.78,Net Banking
2048,155,2024-11-27,9959.98,UPI
2049,155,2025-09-02,16003.19,Cash on Delivery
2050,155,2025-09-13,4563.62,Debit Card
2051,155,2025-09-16,5411.49,Cash on Delivery
2052,155,2025-11-29,6400.64,UPI
2053,156,2025-01-06,10862.48,Debit Card
2054,156,2025-03-12,7813.32,Cash on Delivery
2055,156,2025-03-23,1684.92,Wallet
2056,156,2025-04-07,286.72,Debit Card
2057,156,2025-04-13,7164.22,Debit Card
2058,156,2025-05-10,2247.99,Credit Card
2059,156,2025-06-07,6635.88,Wallet
2060,156,2025-09-07,5906.68,UPI
2061,156,2025-12-27,14682.72,Credit Card
2062,157,2022-07-16,1501.86,Net Banking
2063,157,2023-02-01,3285.82,Credit Card
2064,157,2023-02-03,3846.76,Cash on Delivery
2065,157,2023-04-24,1935.84,Cash on Delivery
2066,157,2023-05-08,8308.76,Credit Card
2067,157,2023-12-14,27921.39,Cash on Delivery
2068,157,2023-12-29,3144.02,Wallet
2069,157,2024-01-25,4131.76,Cash on Delivery
2070,157,2024-05-01,4167.21,Net Banking
2071,157,2024-05-02,8165.71,Credit Card
2072,157,2024-09-16,1426.13,Cash on Delivery
2073,157,2024-12-11,8553.52,Cash on Delivery
2074,157,2025-01-08,2962.65,Credit Card
2075,157,2025-03-01,12529.29,Cash on Delivery
2076,157,2025-08-19,6653.78,Debit Card
2077,158,2025-02-19,6877.14,UPI
2078,158,2025-12-21,5392.36,Debit Card
2079,159,2022-07-16,825.49,Cash on Delivery
2080,159,2022-08-09,8011.45,Cash on Delivery
2081,159,2022-11-01,157.19,Cash on Delivery
2082,159,2022-11-22,832.44,Wallet
2083,159,2023-02-12,526.88,Debit Card
2084,159,2023-04-03,4635.0,Debit Card
2085,159,2023-05-31,491.76,Debit Card
2086,159,2023-06-20,466.77,UPI
2087,159,2023-07-04,1767.38,Net Banking
2088,159,2023-11-19,11834.15,UPI
2089,159,2024-01-15,3326.84,Debit Card
2090,159,2024-02-19,7999.47,Wallet
2091,159,2024-09-07,2694.36,Wallet
2092,159,2024-12-12,10080.58,Debit Card
2093,159,2025-01-10,111.48,UPI
2094,159,2025-01-22,3262.44,Debit Card
2095,159,2025-05-19,12861.03,Debit Card
2096,159,2025-06-17,10177.37,Wallet
2097,159,2025-07-13,12045.54,Cash on Delivery
2098,159,2025-09-13,5166.41,Credit Card
2099,159,2025-10-13,3060.52,Net Banking
2100,160,2022-07-14,3474.26,Credit Card
2101,160,2022-10-10,2286.14,Cash on Delivery
2102,160,2022-10-30,1525.2,Credit Card
2103,160,2022-11-13,5361.76,Credit Card
2104,160,2022-12-23,20043.66,Credit Card
2105,160,2023-04-02,6170.97,Net Banking
2106,160,2023-11-28,2162.04,Cash on Delivery
2107,160,2024-02-08,5813.08,Credit Card
2108,160,2024-03-25,14710.08,Cash on Delivery
2109,160,2024-07-27,356.21,Cash on Delivery
2110,160,2024-10-28,6014.22,Debit Card
2111,160,2024-11-19,12224.55,Wallet
2112,160,2025-07-23,271.32,Debit Card
2113,160,2025-09-16,16767.62,Debit Card
2114,160,2025-10-31,3093.5,Credit Card
2115,161,2023-07-17,3104.27,Wallet
2116,161,2023-07-20,531.32,Wallet
2117,161,2023-10-02,2747.68,Credit Card
2118,161,2023-10-15,18725.66,Cash on Delivery
2119,161,2024-01-01,3796.08,Credit Card
2120,161,2024-01-18,508.03,Credit Card
2121,161,2024-04-13,7301.13,Credit Card
2122,161,2024-07-22,12434.81,Wallet
2123,161,2024-08-06,3825.57,Cash on Delivery
2124,161,2024-09-29,12362.81,Debit Card
2125,161,2025-03-19,1687.28,Debit Card
2126,161,2025-07-29,6491.37,Wallet
2127,161,2025-11-20,1333.72,Debit Card
2128,161,2025-12-15,625.57,Net Banking
2129,162,2023-11-27,7458.9,Credit Card
2130,162,2023-12-15,7438.68,Cash on Delivery
2131,162,2024-03-09,3810.51,Wallet
2132,162,2024-03-14,3025.49,Wallet
2133,162,2024-05-20,6388.19,UPI
2134,162,2024-10-26,1304.58,Debit Card
2135,162,2025-01-01,3658.72,UPI
2136,162,2025-02-28,3983.34,Debit Card
2137,162,2025-04-05,5148.98,Cash on Delivery
2138,162,2025-04-09,5160.07,Debit Card
2139,162,2025-12-21,30814.65,Wallet
2140,163,2025-08-16,1295.88,Debit Card
2141,163,2025-10-11,9272.72,UPI
2142,163,2025-10-15,1550.62,Debit Card
2143,163,2025-12-04,9754.68,Cash on Delivery
2144,164,2025-10-27,6389.34,Cash on Delivery
2145,165,2020-09-07,2329.86,Cash on Delivery
2146,165,2020-09-12,7572.12,Credit Card
2147,165,2020-09-13,13940.01,UPI
2148,165,2020-10-02,6996.32,Credit Card
2149,165,2020-11-03,1540.26,Debit Card
2150,165,2020-11-04,12195.13,Wallet
2151,165,2021-01-12,9215.82,UPI
2152,165,2021-03-07,7119.12,Cash on Delivery
2153,165,2021-03-20,15018.74,Credit Card
2154,165,2021-03-26,9496.71,Debit Card
2155,165,2021-04-11,2272.86,Cash on Delivery
2156,165,2021-07-15,1367.9,Cash on Delivery
2157,165,2021-08-19,414.98,Cash on Delivery
2158,165,2021-09-24,13240.76,Credit Card
2159,165,2021-11-11,970.78,UPI
2160,165,2021-12-14,1202.58,Wallet
2161,165,2022-02-04,171.39,Wallet
2162,165,2022-02-19,2833.62,Credit Card
2163,165,2022-03-06,18285.13,Net Banking
2164,165,2022-05-30,2648.18,Debit Card
2165,165,2022-07-18,5379.92,Debit Card
2166,165,2022-07-22,2741.94,Debit Card
2167,165,2023-01-27,8360.37,Debit Card
2168,165,2023-03-27,3205.72,Credit Card
2169,165,2023-07-17,6325.9,Credit Card
2170,165,2023-08-09,5421.36,Wallet
2171,165,2023-09-23,5399.24,Cash on Delivery
2172,165,2023-11-27,5503.91,Net Banking
2173,165,2023-12-23,2507.81,Wallet
2174,165,2024-03-01,6051.11,Net Banking
2175,165,2024-04-10,6857.71,UPI
2176,165,2024-05-10,3954.64,Debit Card
2177,165,2024-08-18,5184.24,Wallet
2178,165,2024-10-21,13563.07,UPI
2179,165,2024-12-17,282.36,Cash on Delivery
2180,165,2024-12-20,2046.56,Wallet
2181,165,2025-01-26,12530.36,Credit Card
2182,165,2025-02-12,3024.54,Net Banking
2183,165,2025-03-20,254.28,UPI
2184,165,2025-04-23,8909.46,Wallet
2185,165,2025-05-29,880.32,UPI
2186,165,2025-12-08,13734.45,Net Banking
2187,165,2025-12-30,7078.14,Debit Card
2188,166,2025-01-17,3369.88,UPI
2189,166,2025-02-17,4350.28,Cash on Delivery
2190,166,2025-02-21,1256.12,Debit Card
2191,166,2025-03-31,7065.88,Net Banking
2192,166,2025-05-19,7016.3,Credit Card
2193,166,2025-08-08,1987.96,UPI
2194,166,2025-08-17,3432.71,Cash on Delivery
2195,166,2025-08-21,5948.23,Credit Card
2196,166,2025-09-28,721.26,Net Banking
2197,166,2025-12-03,4153.98,Net Banking
2198,166,2025-12-06,4375.32,Wallet
2199,166,2025-12-06,7976.62,Debit Card
2200,166,2025-12-22,4772.82,Cash on Delivery
2201,167,2025-10-22,8713.95,Wallet
2202,168,2023-04-07,1699.74,UPI
2203,168,2023-04-09,4058.07,Credit Card
2204,168,2023-08-28,957.83,Debit Card
2205,168,2023-12-03,10440.59,Wallet
2206,168,2024-02-27,6385.56,Debit Card
2207,168,2024-04-26,9313.71,Credit Card
2208,168,2024-08-09,13978.56,Net Banking
2209,168,2024-09-27,6284.66,Cash on Delivery
2210,168,2024-11-15,404.53,Debit Card
2211,168,2025-02-25,1740.78,Net Banking
2212,168,2025-03-20,394.98,Net Banking
2213,168,2025-03-31,5128.66,Credit Card
2214,168,2025-06-15,6314.64,UPI
2215,168,2025-08-28,1235.0,Net Banking
2216,168,2025-10-06,13853.27,Debit Card
2217,169,2024-07-12,6987.31,Wallet
2218,169,2024-08-18,3442.47,UPI
2219,169,2024-09-18,6321.48,Net Banking
2220,169,2024-11-14,5719.89,Wallet
2221,169,2024-12-24,4127.07,Net Banking
2222,169,2025-02-21,3654.96,UPI
2223,169,2025-03-19,3544.54,Credit Card
2224,169,2025-05-16,2978.01,Net Banking
2225,169,2025-05-25,3878.73,Cash on Delivery
2226,169,2025-06-13,15422.32,Credit Card
2227,169,2025-06-19,5486.46,UPI
2228,169,2025-07-03,24013.58,Debit Card
2229,169,2025-07-27,9784.32,Wallet
2230,169,2025-10-02,4175.7,Cash on Delivery
2231,169,2025-10-07,3576.6,Credit Card
2232,169,2025-11-08,16922.27,UPI
2233,169,2025-11-30,9927.6,Credit Card
2234,169,2025-12-27,12538.7,Wallet
2235,170,2023-07-15,2408.53,Net Banking
2236,170,2024-01-16,6038.67,Wallet
2237,170,2024-05-12,6369.14,Wallet
2238,170,2024-07-03,1859.6,Credit Card
2239,170,2025-10-09,2721.6,Net Banking
2240,171,2023-09-01,1654.28,UPI
2241,171,2023-10-20,8024.69,Wallet
2242,171,2024-02-09,5498.2,Debit Card
2243,171,2024-06-29,870.23,Cash on Delivery
2244,171,2024-09-13,764.5,Wallet
2245,171,2024-09-28,399.06,Credit Card
2246,171,2024-10-07,1578.54,Debit Card
2247,171,2024-12-23,13178.39,Cash on Delivery
2248,171,2025-06-02,427.96,Net Banking
2249,171,2025-08-13,3753.52,Wallet
2250,171,2025-11-07,1860.04,UPI
2251,172,2025-09-11,10430.79,Wallet
2252,173,2025-10-05,2575.35,Cash on Delivery
2253,173,2025-11-18,354.68,Net Banking
2254,174,2023-10-19,3572.85,Wallet
2255,174,2023-10-23,7546.24,Net Banking
2256,174,2023-10-29,2656.48,Credit Card
2257,174,2023-11-24,124.72,Wallet
2258,174,2024-01-11,3626.08,UPI
2259,174,2024-01-15,8864.83,Wallet
2260,174,2024-01-17,7896.36,UPI
2261,174,2024-02-05,2506.71,UPI
2262,174,2024-03-18,7982.44,Wallet
2263,174,2024-04-09,10790.07,Net Banking
2264,174,2024-06-07,4533.77,Credit Card
2265,174,2024-06-15,5430.57,Debit Card
2266,174,2024-06-23,6675.43,Net Banking
2267,174,2024-06-27,4700.67,Debit Card
2268,174,2024-07-22,1501.14,Debit Card
2269,174,2024-08-01,7843.68,Credit Card
2270,174,2024-09-29,8238.82,Net Banking
2271,174,2024-10-06,2674.58,Debit Card
2272,174,2025-01-05,5910.33,Credit Card
2273,174,2025-02-04,2065.86,Wallet
2274,174,2025-02-18,1476.04,Wallet
2275,174,2025-03-25,117.27,Credit Card
2276,174,2025-04-08,2508.18,Net Banking
2277,174,2025-04-30,285.69,UPI
2278,174,2025-06-11,7840.24,UPI
2279,174,2025-08-25,4633.02,UPI
2280,174,2025-09-18,7111.68,Debit Card
2281,174,2025-09-23,3688.05,Net Banking
2282,174,2025-10-24,6175.23,Wallet
2283,174,2025-10-26,6144.72,Cash on Delivery
2284,174,2025-11-15,521.56,UPI
2285,175,2021-12-23,4129.36,Wallet
2286,175,2022-03-24,7522.8,Cash on Delivery
2287,175,2022-05-17,416.0,Wallet
2288,175,2022-07-04,7267.28,Debit Card
2289,175,2022-07-15,4760.14,Wallet
2290,175,2023-01-10,4767.21,Credit Card
2291,175,2023-04-07,3116.4,Net Banking
2292,175,2023-07-29,8466.43,Wallet
2293,175,2023-09-18,2500.16,Wallet
2294,175,2024-02-04,5601.59,Wallet
2295,175,2024-05-12,138.17,UPI
2296,175,2025-04-13,14843.85,Wallet
2297,175,2025-06-08,3272.11,Wallet
2298,175,2025-10-16,126.67,UPI
2299,175,2025-11-17,2660.53,UPI
2300,176,2024-03-14,11359.76,Net Banking
2301,176,2024-06-14,12682.24,Credit Card
2302,176,2024-06-19,10194.62,Debit Card
2303,176,2024-06-24,768.9,Net Banking
2304,176,2024-06-29,5208.85,Cash on Delivery
2305,176,2024-07-13,2269.84,Credit Card
2306,176,2024-07-24,4980.23,UPI
2307,176,2024-07-31,1103.5,Debit Card
2308,176,2024-09-02,1813.62,UPI
2309,176,2024-09-10,20208.12,Credit Card
2310,176,2024-10-19,6271.16,Cash on Delivery
2311,176,2025-02-05,2887.92,Credit Card
2312,176,2025-02-25,4710.59,UPI
2313,176,2025-03-04,871.88,Wallet
2314,176,2025-03-26,4887.31,Cash on Delivery
2315,176,2025-04-09,8306.13,Debit Card
2316,176,2025-09-15,4442.43,Debit Card
2317,176,2025-10-22,2093.01,Net Banking
2318,176,2025-11-30,3008.54,Debit Card
2319,176,2025-12-14,7739.82,Wallet
2320,177,2023-04-20,2988.92,UPI
2321,177,2023-05-21,5067.45,Net Banking
2322,177,2023-06-07,14258.53,Net Banking
2323,177,2024-04-26,5609.05,Net Banking
2324,177,2024-07-19,3420.08,Net Banking
2325,177,2024-07-20,6000.72,UPI
2326,177,2024-09-09,2772.29,Cash on Delivery
2327,177,2024-12-31,262.74,Credit Card
2328,177,2025-01-21,2120.16,Cash on Delivery
2329,177,2025-01-30,6996.66,Cash on Delivery
2330,177,2025-05-14,2186.4,Cash on Delivery
2331,177,2025-07-08,2115.22,Debit Card
2332,178,2023-02-26,10611.4,UPI
2333,178,2023-04-17,10845.81,Net Banking
2334,178,2024-01-01,3241.22,Credit Card
2335,178,2024-03-04,835.88,UPI
2336,178,2024-12-01,6459.18,Wallet
2337,178,2025-01-15,465.39,Cash on Delivery
2338,178,2025-04-13,10072.93,Credit Card
2339,179,2024-07-03,171.5,Debit Card
2340,179,2024-07-08,10600.18,Debit Card
2341,179,2024-07-22,4541.73,Credit Card
2342,179,2024-08-16,2350.52,Credit Card
2343,179,2024-11-01,19071.68,Net Banking
2344,179,2024-12-18,763.86,UPI
2345,179,2024-12-29,219.32,Net Banking
2346,179,2024-12-29,3211.31,Cash on Delivery
2347,179,2025-01-13,2721.72,UPI
2348,179,2025-02-11,6999.78,Cash on Delivery
2349,179,2025-03-18,6322.08,Debit Card
2350,179,2025-05-03,1349.76,Credit Card
2351,179,2025-05-24,4035.9,Net Banking
2352,179,2025-06-02,3358.6,Cash on Delivery
2353,179,2025-06-04,6478.33,Cash on Delivery
2354,179,2025-07-23,1846.8,UPI
2355,179,2025-07-26,3993.33,UPI
2356,179,2025-07-27,1342.02,Debit Card
2357,179,2025-08-06,5061.72,UPI
2358,179,2025-09-24,4374.78,Credit Card
2359,179,2025-11-27,13073.24,Credit Card
2360,180,2024-10-09,4047.51,Cash on Delivery
2361,180,2024-10-21,2276.55,Debit Card
2362,180,2024-11-04,3174.85,Cash on Delivery
2363,180,2024-11-27,9924.94,Credit Card
2364,180,2024-12-15,5535.18,Wallet
2365,180,2024-12-16,2214.68,Net Banking
2366,180,2025-01-12,1912.35,UPI
2367,180,2025-01-22,4214.16,Wallet
2368,180,2025-01-27,6330.32,Net Banking
2369,180,2025-02-04,16727.48,Cash on Delivery
2370,180,2025-03-16,8234.68,Debit Card
2371,180,2025-03-31,6571.38,Credit Card
2372,180,2025-04-17,9498.83,Credit Card
2373,180,2025-06-18,4786.8,Debit Card
2374,180,2025-08-07,805.48,Wallet
2375,180,2025-08-09,14485.04,Cash on Delivery
2376,180,2025-09-06,13822.4,Wallet
2377,180,2025-11-06,557.01,Net Banking
2378,180,2025-11-14,9891.99,Net Banking
2379,181,2024-07-30,7125.31,Credit Card
2380,181,2025-02-09,872.5,Wallet
2381,181,2025-03-08,8138.15,Debit Card
2382,181,2025-07-15,396.9,UPI
2383,182,2022-09-02,7760.74,Net Banking
2384,182,2022-12-28,206.1,UPI
2385,182,2023-02-09,6139.54,Net Banking
2386,182,2023-04-26,13545.9,Cash on Delivery
2387,182,2023-04-29,5768.33,Debit Card
2388,182,2023-07-17,4336.79,Debit Card
2389,182,2023-07-30,912.36,Wallet
2390,182,2023-09-18,5170.95,Debit Card
2391,182,2024-01-18,1572.14,Debit Card
2392,182,2024-03-02,1348.3,Wallet
2393,182,2024-03-30,6022.8,Wallet
2394,182,2024-04-19,4098.1,Cash on Delivery
2395,182,2024-09-12,1185.84,UPI
2396,182,2024-09-22,5946.02,Net Banking
2397,182,2024-11-11,5540.76,UPI
2398,182,2024-11-29,12067.72,Net Banking
2399,182,2025-04-26,10014.81,Debit Card
2400,182,2025-05-01,1845.9,Cash on Delivery
2401,182,2025-08-17,17980.0,Credit Card
2402,182,2025-12-24,17465.4,Debit Card
2403,183,2022-11-24,4912.86,Net Banking
2404,183,2023-01-15,6339.87,Net Banking
2405,183,2023-05-11,3623.53,Wallet
2406,183,2023-06-03,8303.12,Credit Card
2407,183,2023-07-22,3816.24,Wallet
2408,183,2023-10-20,3350.08,Cash on Delivery
2409,183,2024-01-24,3154.11,Cash on Delivery
2410,183,2024-04-01,12361.81,UPI
2411,183,2024-06-10,1280.65,Wallet
2412,183,2024-11-13,1021.41,Cash on Delivery
2413,183,2025-06-08,9060.13,Net Banking
2414,183,2025-09-13,3298.74,UPI
2415,183,2025-11-24,2693.13,Debit Card
2416,184,2023-04-23,6857.13,Debit Card
2417,184,2023-05-04,2178.22,Net Banking
2418,184,2023-05-08,3897.06,UPI
2419,184,2023-05-25,6030.33,Credit Card
2420,184,2023-05-31,2423.44,UPI
2421,184,2023-06-23,5336.31,Credit Card
2422,184,2023-06-23,3745.78,Credit Card
2423,184,2023-07-18,11089.58,Wallet
2424,184,2023-07-22,3392.22,Credit Card
2425,184,2023-07-23,3981.41,Credit Card
2426,184,2023-07-28,3310.62,UPI
2427,184,2023-08-19,530.04,UPI
2428,184,2023-11-03,4742.1,UPI
2429,184,2024-03-24,238.5,Cash on Delivery
2430,184,2024-03-27,5784.87,Cash on Delivery
2431,184,2024-04-15,7968.42,Debit Card
2432,184,2024-05-22,3283.31,Wallet
2433,184,2024-06-18,3276.54,Net Banking
2434,184,2024-07-11,7167.31,Credit Card
2435,184,2024-07-31,6061.59,Credit Card
2436,184,2024-09-08,5444.2,Wallet
2437,184,2024-09-24,11322.14,Cash on Delivery
2438,184,2024-11-23,1028.16,Wallet
2439,184,2025-01-05,4243.56,Credit Card
2440,184,2025-02-04,15070.26,UPI
2441,184,2025-04-03,5696.71,Debit Card
2442,184,2025-08-06,8604.06,Cash on Delivery
2443,184,2025-08-07,436.96,Debit Card
2444,184,2025-09-12,2864.45,Cash on Delivery
2445,184,2025-10-15,4925.84,Debit Card
2446,184,2025-12-10,11273.81,UPI
2447,185,2025-10-28,1303.91,Cash on Delivery
2448,185,2025-12-15,2796.85,Credit Card
2449,186,2021-06-15,13685.31,Net Banking
2450,186,2021-06-29,5739.51,Net Banking
2451,186,2021-07-17,2733.39,UPI
2452,186,2021-09-10,2531.08,UPI
2453,186,2021-09-24,6355.03,Credit Card
2454,186,2021-11-04,2276.76,Net Banking
2455,186,2022-03-09,8158.48,UPI
2456,186,2022-03-23,7174.07,UPI
2457,186,2022-07-02,5453.34,Wallet
2458,186,2023-06-02,7557.62,Debit Card
2459,186,2023-09-09,6471.61,Wallet
2460,186,2023-12-14,5748.63,Wallet
2461,186,2024-03-10,10540.21,Credit Card
2462,186,2025-03-31,5821.53,Wallet
2463,186,2025-04-01,1090.41,Cash on Delivery
2464,186,2025-07-14,10147.85,UPI
2465,186,2025-12-03,3621.13,Debit Card
2466,186,2025-12-13,5475.57,Credit Card
2467,187,2023-07-22,4431.6,UPI
2468,187,2023-09-05,7270.01,Cash on Delivery
2469,187,2023-09-28,5730.4,Debit Card
2470,187,2023-11-13,1593.57,Credit Card
2471,187,2023-12-02,6364.1,UPI
2472,187,2023-12-24,175.72,Credit Card
2473,187,2024-02-13,11722.72,Debit Card
2474,187,2024-02-16,8289.52,Debit Card
2475,187,2024-03-13,232.48,UPI
2476,187,2024-04-18,1313.25,Wallet
2477,187,2024-04-22,2374.3,Debit Card
2478,187,2024-04-27,14422.08,Net Banking
2479,187,2024-05-03,8463.49,Cash on Delivery
2480,187,2024-05-04,3005.82,Debit Card
2481,187,2024-05-07,5706.18,Net Banking
2482,187,2024-05-28,17310.88,Net Banking
2483,187,2024-08-20,3232.9,Credit Card
2484,187,2024-08-24,5851.41,Credit Card
2485,187,2024-08-27,5875.81,Debit Card
2486,187,2024-08-29,6936.35,Net Banking
2487,187,2024-09-19,4892.78,Net Banking
2488,187,2024-10-15,521.99,Cash on Delivery
2489,187,2024-11-11,3693.57,Debit Card
2490,187,2024-12-01,3796.52,UPI
2491,187,2025-01-03,8969.0,UPI
2492,187,2025-03-02,4536.28,Credit Card
2493,187,2025-04-26,4861.25,Wallet
2494,187,2025-04-30,5766.48,UPI
2495,187,2025-06-16,3367.85,Cash on Delivery
2496,187,2025-07-04,2334.86,Net Banking
2497,187,2025-07-10,1526.8,Net Banking
2498,187,2025-07-12,7224.3,UPI
2499,187,2025-08-06,3344.02,Debit Card
2500,187,2025-08-13,5538.07,UPI
2501,187,2025-11-29,414.24,Debit Card
2502,188,2024-01-16,11947.48,Credit Card
2503,188,2024-02-10,3204.82,Cash on Delivery
2504,188,2024-05-20,1275.57,Wallet
2505,188,2024-06-22,3745.23,Wallet
2506,188,2024-06-25,6813.48,Cash on Delivery
2507,188,2024-09-13,2043.14,Debit Card
2508,188,2025-01-14,10394.88,UPI
2509,188,2025-02-05,341.1,Wallet
2510,188,2025-12-08,10472.48,Net Banking
2511,189,2022-11-30,4446.8,Wallet
2512,189,2022-12-09,7195.32,Wallet
2513,189,2023-05-04,2793.6,Wallet
2514,189,2023-08-08,4308.83,UPI
2515,189,2023-09-14,5391.52,UPI
2516,189,2023-12-24,1917.48,Credit Card
2517,189,2024-02-14,15256.07,Net Banking
2518,189,2024-09-07,8206.62,Credit Card
2519,189,2024-12-18,5586.14,Debit Card
2520,189,2025-01-03,7384.93,UPI
2521,189,2025-01-15,7927.04,UPI
2522,189,2025-02-06,4073.4,Net Banking
2523,189,2025-02-08,12999.84,Net Banking
2524,190,2022-11-17,747.64,UPI
2525,190,2022-12-22,2966.74,Net Banking
2526,190,2023-01-26,8913.63,Credit Card
2527,190,2023-04-02,2633.8,Net Banking
2528,190,2023-04-19,16242.88,Credit Card
2529,190,2023-04-23,11826.25,Debit Card
2530,190,2023-05-17,5847.53,Net Banking
2531,190,2023-07-14,4172.14,Net Banking
2532,190,2023-08-26,1720.0,Cash on Delivery
2533,190,2023-08-30,12282.56,Wallet
2534,190,2023-10-08,8072.69,UPI
2535,190,2023-10-28,458.46,Wallet
2536,190,2023-11-16,2699.32,Credit Card
2537,190,2023-11-25,5196.92,Cash on Delivery
2538,190,2024-02-21,2356.83,Debit Card
2539,190,2024-03-04,3405.73,Wallet
2540,190,2024-04-06,7165.69,Credit Card
2541,190,2024-06-05,14687.77,UPI
2542,190,2024-10-17,8014.94,Net Banking
2543,190,2025-01-25,13086.37,UPI
2544,190,2025-02-25,15212.02,Cash on Delivery
2545,190,2025-02-27,11288.56,Net Banking
2546,190,2025-06-04,3165.68,Debit Card
2547,190,2025-08-01,5860.62,Cash on Delivery
2548,190,2025-09-16,3434.55,Net Banking
2549,190,2025-10-16,6307.83,UPI
2550,190,2025-11-25,743.95,Debit Card
2551,190,2025-11-28,1073.79,UPI
2552,190,2025-12-31,12062.3,Debit Card
2553,191,2024-03-06,1560.33,Cash on Delivery
2554,191,2024-04-01,5737.54,Debit Card
2555,191,2024-06-06,9997.09,Credit Card
2556,191,2024-06-09,10851.98,Credit Card
2557,191,2025-03-06,101.11,Cash on Delivery
2558,191,2025-03-14,5408.64,Debit Card
2559,191,2025-06-18,18101.53,Cash on Delivery
2560,191,2025-07-10,5451.26,Wallet
2561,191,2025-08-24,8127.82,Credit Card
2562,191,2025-09-19,2644.07,Wallet
2563,191,2025-10-10,3397.19,Credit Card
2564,191,2025-10-17,8578.04,Credit Card
2565,191,2025-10-20,2484.18,UPI
2566,192,2022-08-20,7634.33,UPI
2567,192,2022-10-17,3080.97,Cash on Delivery
2568,192,2022-12-09,13830.33,Cash on Delivery
2569,192,2023-03-04,9239.31,UPI
2570,192,2023-05-25,10940.13,Cash on Delivery
2571,192,2024-05-20,5744.1,Debit Card
2572,192,2024-07-01,3468.14,UPI
2573,192,2025-06-11,3832.36,Cash on Delivery
2574,192,2025-08-31,22831.66,Cash on Delivery
2575,192,2025-11-14,16206.77,Credit Card
2576,193,2020-09-04,4077.71,Cash on Delivery
2577,193,2020-09-07,710.15,Debit Card
2578,193,2020-11-04,14545.04,Credit Card
2579,193,2021-01-19,5895.36,Wallet
2580,193,2021-05-03,4042.82,Credit Card
2581,193,2021-09-23,503.49,Cash on Delivery
2582,193,2022-08-23,10375.37,Debit Card
2583,193,2023-07-14,6653.84,Credit Card
2584,193,2024-04-21,7145.41,Cash on Delivery
2585,193,2024-07-03,6307.56,Cash on Delivery
2586,193,2024-07-28,8599.8,UPI
2587,193,2025-01-20,9881.53,UPI
2588,193,2025-02-10,11114.44,Credit Card
2589,193,2025-06-12,2009.82,Debit Card
2590,193,2025-08-20,5093.65,Credit Card
2591,194,2022-11-11,6151.21,Cash on Delivery
2592,194,2022-11-25,4437.79,Credit Card
2593,194,2023-01-05,2943.51,Net Banking
2594,194,2023-01-08,5677.14,Cash on Delivery
2595,194,2023-02-14,799.98,Debit Card
2596,194,2023-03-28,4370.04,Net Banking
2597,194,2023-04-10,2974.42,Net Banking
2598,194,2023-04-18,3400.4,Wallet
2599,194,2023-08-23,10824.47,Cash on Delivery
2600,194,2023-11-16,250.28,UPI
2601,194,2023-11-29,5000.1,Credit Card
2602,194,2024-01-30,12095.55,Credit Card
2603,194,2024-02-25,2781.39,UPI
2604,194,2024-04-04,751.96,Debit Card
2605,194,2024-05-15,495.54,Debit Card
2606,194,2024-06-11,2300.1,Wallet
2607,194,2024-06-17,7144.37,Wallet
2608,194,2024-09-13,1805.04,UPI
2609,194,2024-11-11,8370.82,Debit Card
2610,194,2025-01-06,694.47,Wallet
2611,194,2025-02-25,4868.22,Cash on Delivery
2612,194,2025-05-22,7669.62,UPI
2613,194,2025-07-15,1833.54,Net Banking
2614,194,2025-09-05,355.86,Net Banking
2615,194,2025-09-30,1504.95,Net Banking
2616,194,2025-10-21,1360.56,UPI
2617,194,2025-11-09,4277.52,UPI
2618,194,2025-11-26,3560.28,Debit Card
2619,195,2024-01-26,2363.18,Cash on Delivery
2620,195,2024-02-22,18514.04,UPI
2621,195,2024-03-20,5385.66,Cash on Delivery
2622,195,2024-04-05,5952.96,UPI
2623,195,2024-04-10,7565.0,Wallet
2624,195,2024-05-25,6770.92,Cash on Delivery
2625,195,2024-06-03,5496.19,Wallet
2626,195,2024-06-18,11230.07,Debit Card
2627,195,2024-06-25,12440.58,Cash on Delivery
2628,195,2024-07-28,9598.91,Wallet
2629,195,2024-10-16,724.33,Debit Card
2630,195,2024-11-08,17268.5,Wallet
2631,195,2024-11-08,4133.0,Wallet
2632,195,2024-11-30,1113.96,Debit Card
2633,195,2024-12-15,19348.8,Debit Card
2634,195,2025-01-26,6559.66,Net Banking
2635,195,2025-04-02,6213.38,Debit Card
2636,195,2025-04-03,6305.16,Net Banking
2637,195,2025-04-26,5960.38,Wallet
2638,195,2025-04-30,13792.42,Net Banking
2639,195,2025-09-02,6177.07,Debit Card
2640,195,2025-09-29,1693.86,Cash on Delivery
2641,195,2025-11-28,8746.54,Net Banking
2642,195,2025-12-14,1853.59,Net Banking
2643,195,2025-12-20,7368.32,UPI
2644,195,2025-12-22,8577.98,Credit Card
2645,196,2025-06-07,6333.65,Credit Card
2646,196,2025-07-07,3504.76,Credit Card
2647,196,2025-10-03,1792.27,Cash on Delivery
2648,196,2025-11-06,4085.8,UPI
2649,197,2025-03-20,3576.87,Net Banking
2650,197,2025-07-02,4080.02,Cash on Delivery
2651,197,2025-07-17,6790.04,Cash on Delivery
2652,197,2025-07-26,6830.04,UPI
2653,197,2025-08-03,12692.02,Net Banking
2654,197,2025-10-13,562.6,Debit Card
2655,198,2024-12-21,1490.76,Net Banking
2656,198,2025-03-02,10874.58,Wallet
2657,198,2025-09-02,1903.92,Net Banking
2658,198,2025-11-01,10113.71,Cash on Delivery
2659,198,2025-12-14,1998.58,Credit Card
2660,199,2024-07-28,6282.72,Debit Card
2661,199,2024-08-08,8363.57,Wallet
2662,199,2025-05-23,9144.29,Cash on Delivery
2663,199,2025-07-21,3453.54,Wallet
2664,199,2025-10-08,1747.31,Debit Card
2665,199,2025-11-18,5008.06,Debit Card
2666,200,2025-11-05,6769.3,UPI
2667,200,2025-12-02,7391.79,Wallet
2668,200,2025-12-13,3428.88,Debit Card
2669,201,2024-01-05,4377.56,Cash on Delivery
2670,201,2024-03-02,5347.92,Wallet
2671,201,2024-10-03,2852.45,Credit Card
2672,201,2024-11-03,11530.16,Debit Card
2673,201,2024-12-16,2314.16,UPI
2674,201,2025-02-10,6009.28,UPI
2675,201,2025-04-28,3154.71,Credit Card
2676,201,2025-05-24,6698.72,Debit Card
2677,201,2025-07-07,11649.28,Cash on Delivery
2678,201,2025-07-12,7134.44,Wallet
2679,202,2023-11-03,1003.34,Cash on Delivery
2680,202,2025-06-22,3277.3,Net Banking
2681,203,2025-06-07,8730.78,UPI
2682,203,2025-06-26,6244.72,Net Banking
2683,204,2025-10-09,16235.29,Net Banking
2684,205,2022-04-09,9005.48,Debit Card
2685,205,2022-05-12,1651.46,Net Banking
2686,205,2022-07-07,935.48,Wallet
2687,205,2022-09-02,315.68,UPI
2688,205,2022-09-07,5582.61,UPI
2689,205,2022-09-19,9418.5,Credit Card
2690,205,2022-10-28,2602.16,Net Banking
2691,205,2023-02-26,3941.48,Debit Card
2692,205,2023-02-28,1409.88,Net Banking
2693,205,2023-07-02,11717.2,Debit Card
2694,205,2023-09-10,6481.57,Cash on Delivery
2695,205,2023-10-29,6567.82,Credit Card
2696,205,2024-02-21,3416.98,Cash on Delivery
2697,205,2024-03-08,10719.95,Cash on Delivery
2698,205,2024-07-03,6332.7,Credit Card
2699,205,2024-08-15,2445.91,UPI
2700,205,2024-09-02,6897.64,Cash on Delivery
2701,205,2024-09-04,6397.31,Net Banking
2702,205,2024-09-30,1716.63,Wallet
2703,205,2024-10-17,4155.65,Net Banking
2704,205,2024-12-09,1284.48,Cash on Delivery
2705,205,2025-04-12,7646.51,Net Banking
2706,205,2025-05-08,5964.39,Credit Card
2707,205,2025-05-27,9463.81,Debit Card
2708,205,2025-05-30,3790.08,Net Banking
2709,206,2023-06-06,334.23,Credit Card
2710,206,2023-08-19,5121.57,Debit Card
2711,206,2024-01-17,758.16,Debit Card
2712,206,2024-06-02,10157.21,Net Banking
2713,206,2024-09-25,3507.72,Debit Card
2714,206,2025-04-06,2621.82,Cash on Delivery
2715,206,2025-10-14,6917.18,Credit Card
2716,207,2024-04-16,3054.61,Net Banking
2717,207,2024-06-07,5918.01,UPI
2718,207,2024-09-02,3431.07,Credit Card
2719,207,2024-10-03,10873.61,Cash on Delivery
2720,207,2024-10-07,6910.19,Net Banking
2721,207,2025-02-22,15431.07,Net Banking
2722,207,2025-05-06,6088.42,UPI
2723,208,2023-08-29,225.4,Credit Card
2724,208,2024-06-19,7363.71,Debit Card
2725,208,2024-09-28,2010.69,Wallet
2726,208,2024-11-12,12655.38,Net Banking
2727,208,2025-05-29,5506.17,Credit Card
2728,208,2025-07-06,3445.68,Cash on Delivery
2729,208,2025-07-19,920.04,Credit Card
2730,209,2023-06-14,2758.86,Wallet
2731,209,2023-08-07,5411.78,Cash on Delivery
2732,209,2023-09-01,9886.26,Credit Card
2733,209,2023-11-18,1062.28,UPI
2734,209,2024-04-05,3747.08,Net Banking
2735,209,2024-04-13,114.14,Wallet
2736,209,2024-09-23,4275.16,UPI
2737,209,2025-04-25,2537.37,Debit Card
2738,209,2025-05-13,11004.66,Credit Card
2739,209,2025-07-20,10432.48,Debit Card
2740,210,2022-09-16,6602.22,UPI
2741,210,2022-09-27,8013.23,Credit Card
2742,210,2023-01-21,6167.93,Cash on Delivery
2743,210,2023-03-01,4460.68,Wallet
2744,210,2023-03-25,6062.18,UPI
2745,210,2023-08-29,4039.27,Debit Card
2746,210,2023-12-10,419.09,Net Banking
2747,210,2023-12-29,3142.47,Net Banking
2748,210,2024-07-17,3512.48,Debit Card
2749,210,2024-09-24,5571.22,Credit Card
2750,210,2024-11-13,14510.13,Wallet
2751,210,2025-09-17,1646.79,Wallet
2752,210,2025-09-29,8383.71,UPI
2753,211,2022-10-07,14894.65,UPI
2754,211,2022-11-29,680.25,Cash on Delivery
2755,211,2023-01-31,10099.47,Debit Card
2756,211,2023-03-08,2628.93,Debit Card
2757,211,2023-04-07,2425.09,Credit Card
2758,211,2024-01-27,9429.8,Debit Card
2759,211,2024-10-08,1519.52,Debit Card
2760,211,2025-01-29,4606.92,UPI
2761,211,2025-02-12,10059.59,Net Banking
2762,211,2025-02-27,3132.76,Cash on Delivery
2763,211,2025-04-15,5508.0,Credit Card
2764,211,2025-05-09,12182.38,Net Banking
2765,211,2025-10-01,1671.46,Credit Card
2766,211,2025-11-16,2806.82,Cash on Delivery
2767,212,2023-11-10,5721.72,Debit Card
2768,212,2023-12-16,400.59,Debit Card
2769,212,2023-12-24,9145.42,Cash on Delivery
2770,212,2024-01-12,3309.81,Net Banking
2771,212,2024-01-26,9297.38,Cash on Delivery
2772,212,2024-02-19,8804.26,Cash on Delivery
2773,212,2024-04-22,5711.19,UPI
2774,212,2024-05-04,2785.76,Debit Card
2775,212,2024-05-04,11862.84,Credit Card
2776,212,2024-05-23,390.18,Debit Card
2777,212,2024-05-24,2743.98,Net Banking
2778,212,2024-06-25,2540.78,Credit Card
2779,212,2024-07-19,4289.78,Debit Card
2780,212,2024-07-28,1305.6,Wallet
2781,212,2024-08-15,4113.72,Net Banking
2782,212,2024-08-17,4273.22,Net Banking
2783,212,2024-08-24,6119.22,Credit Card
2784,212,2024-09-01,6273.72,Cash on Delivery
2785,212,2024-09-02,10440.58,Debit Card
2786,212,2024-09-08,3184.8,UPI
2787,212,2024-09-18,6106.87,UPI
2788,212,2024-10-02,1952.42,Net Banking
2789,212,2024-10-03,14907.78,Credit Card
2790,212,2024-11-02,677.12,Credit Card
2791,212,2024-11-06,6253.2,Net Banking
2792,212,2024-11-09,1042.2,UPI
2793,212,2024-12-14,8452.23,Cash on Delivery
2794,212,2025-01-04,1126.24,Cash on Delivery
2795,212,2025-01-07,5528.39,Net Banking
2796,212,2025-01-08,9240.99,UPI
2797,212,2025-01-22,4239.06,UPI
2798,212,2025-01-22,9442.51,UPI
2799,212,2025-02-15,2512.12,Credit Card
2800,212,2025-03-09,845.7,Wallet
2801,212,2025-04-20,5616.21,Wallet
2802,212,2025-06-05,10436.52,Wallet
2803,212,2025-06-05,7634.6,Net Banking
2804,212,2025-07-28,1543.02,Cash on Delivery
2805,212,2025-07-30,3934.02,Credit Card
2806,212,2025-08-04,2729.29,Credit Card
2807,212,2025-09-21,7447.64,Wallet
2808,212,2025-10-29,6752.36,Cash on Delivery
2809,212,2025-11-18,4294.22,UPI
2810,212,2025-11-23,9500.94,Cash on Delivery
2811,212,2025-11-24,1291.22,Cash on Delivery
2812,212,2025-12-08,10411.67,Cash on Delivery
2813,212,2025-12-08,9511.2,Net Banking
2814,212,2025-12-31,3247.18,Debit Card
2815,213,2024-04-08,2168.01,Wallet
2816,213,2024-10-13,1689.31,UPI
2817,213,2025-01-21,2328.3,Credit Card
2818,213,2025-05-12,6089.4,Debit Card
2819,213,2025-07-10,5662.12,Credit Card
2820,213,2025-08-06,1416.58,Debit Card
2821,213,2025-08-26,4066.6,Debit Card
2822,214,2025-01-31,4288.42,Cash on Delivery
2823,214,2025-09-28,2444.8,Wallet
2824,214,2025-12-30,7818.24,UPI
2825,215,2022-12-27,3759.02,Wallet
2826,215,2023-01-09,2356.48,Wallet
2827,215,2023-01-16,218.38,Net Banking
2828,215,2023-01-26,4828.95,Net Banking
2829,215,2023-04-04,8923.8,Net Banking
2830,215,2023-04-14,12115.5,Credit Card
2831,215,2023-05-14,10411.81,Net Banking
2832,215,2023-07-17,846.56,Debit Card
2833,215,2023-08-16,1089.53,Net Banking
2834,215,2023-08-18,5191.76,Credit Card
2835,215,2023-09-03,2009.04,Debit Card
2836,215,2023-10-05,14819.49,Cash on Delivery
2837,215,2023-11-06,18897.42,Credit Card
2838,215,2023-12-08,4086.44,Cash on Delivery
2839,215,2024-01-02,9616.31,Net Banking
2840,215,2024-01-18,16095.3,Cash on Delivery
2841,215,2024-01-30,8300.33,Cash on Delivery
2842,215,2024-02-06,14936.18,Wallet
2843,215,2024-02-15,3354.96,Debit Card
2844,215,2024-02-27,3106.98,Credit Card
2845,215,2024-03-07,7118.16,UPI
2846,215,2024-05-20,3453.34,Credit Card
2847,215,2024-08-03,9344.22,Credit Card
2848,215,2024-08-10,4036.0,Wallet
2849,215,2024-08-10,17492.15,Net Banking
2850,215,2024-09-02,12711.4,Debit Card
2851,215,2024-10-01,5701.08,Wallet
2852,215,2024-10-08,8125.15,Wallet
2853,215,2024-10-11,10642.93,UPI
2854,215,2024-11-07,5663.47,UPI
2855,215,2025-01-07,3184.26,Wallet
2856,215,2025-01-10,2325.12,Cash on Delivery
2857,215,2025-02-07,7189.46,Credit Card
2858,215,2025-02-15,8985.79,Net Banking
2859,215,2025-04-29,3593.16,Wallet
2860,215,2025-06-06,16535.3,Net Banking
2861,215,2025-06-13,11199.12,Net Banking
2862,215,2025-07-03,969.86,Credit Card
2863,215,2025-07-23,5483.27,Credit Card
2864,215,2025-08-03,528.44,Credit Card
2865,215,2025-08-17,3983.94,UPI
2866,215,2025-09-12,861.04,Debit Card
2867,215,2025-09-22,8404.83,Cash on Delivery
2868,215,2025-09-26,7178.64,Net Banking
2869,215,2025-10-30,5266.68,Credit Card
2870,215,2025-11-10,5703.78,UPI
2871,215,2025-11-25,3104.08,Wallet
2872,215,2025-12-26,1831.29,Debit Card
2873,216,2021-01-03,4599.46,Cash on Delivery
2874,216,2021-02-13,7250.94,UPI
2875,216,2021-02-13,10812.81,Debit Card
2876,216,2021-03-26,15585.78,UPI
2877,216,2021-04-06,5828.68,Cash on Delivery
2878,216,2021-07-14,6413.28,UPI
2879,216,2022-04-19,3596.64,Cash on Delivery
2880,216,2022-05-25,223.23,Wallet
2881,216,2022-05-30,9511.63,Credit Card
2882,216,2022-08-29,8697.86,UPI
2883,216,2022-09-17,4749.2,Net Banking
2884,216,2022-09-17,3887.0,Wallet
2885,216,2022-12-01,2974.44,Debit Card
2886,216,2022-12-24,13065.61,UPI
2887,216,2023-05-20,3338.58,UPI
2888,216,2023-06-07,6785.64,Credit Card
2889,216,2023-10-13,9605.6,Credit Card
2890,216,2023-10-22,1787.85,Credit Card
2891,216,2023-11-25,3883.08,Cash on Delivery
2892,216,2023-12-12,788.56,Wallet
2893,216,2024-02-26,14918.36,Net Banking
2894,216,2024-05-24,10181.24,Debit Card
2895,216,2025-03-29,2505.87,Wallet
2896,216,2025-04-26,6348.99,Debit Card
2897,216,2025-05-09,4052.42,Net Banking
2898,216,2025-08-30,354.99,Cash on Delivery
2899,216,2025-11-07,375.1,Net Banking
2900,217,2023-06-14,5776.13,Debit Card
2901,217,2023-08-12,16197.6,Cash on Delivery
2902,217,2023-08-28,6888.07,Cash on Delivery
2903,217,2023-10-26,1091.9,Debit Card
2904,217,2023-11-27,13068.19,UPI
2905,217,2024-06-06,9265.39,Cash on Delivery
2906,217,2024-07-27,5254.26,UPI
2907,217,2024-09-21,10995.17,Net Banking
2908,217,2024-11-17,5076.4,UPI
2909,217,2024-12-11,16200.8,Wallet
2910,217,2025-01-19,9244.82,Wallet
2911,217,2025-02-23,11559.38,Net Banking
2912,217,2025-03-02,10590.52,Debit Card
2913,217,2025-05-04,10067.2,Cash on Delivery
2914,217,2025-06-26,1402.24,Net Banking
2915,217,2025-08-14,2870.13,UPI
2916,217,2025-12-17,3881.44,Credit Card
2917,217,2025-12-23,3087.59,Credit Card
2918,218,2023-05-31,14475.2,Wallet
2919,218,2023-11-21,7326.93,UPI
2920,218,2023-12-22,3283.46,Debit Card
2921,218,2025-01-03,2595.93,Credit Card
2922,218,2025-01-30,4459.24,UPI
2923,218,2025-05-22,7056.75,UPI
2924,218,2025-10-20,1606.03,Net Banking
2925,219,2022-05-28,811.35,Net Banking
2926,219,2022-06-13,12310.16,Credit Card
2927,219,2023-03-08,2280.92,Net Banking
2928,219,2023-03-11,1690.4,Credit Card
2929,219,2023-03-24,7637.81,Net Banking
2930,219,2023-05-12,4547.66,Cash on Delivery
2931,219,2024-01-29,5222.78,UPI
2932,219,2024-04-16,2473.41,Credit Card
2933,220,2023-09-30,5619.56,Credit Card
2934,220,2023-11-19,2155.74,Debit Card
2935,220,2023-12-28,9786.59,UPI
2936,220,2023-12-30,3947.25,Credit Card
2937,220,2024-01-06,6399.18,Credit Card
2938,220,2024-02-28,8242.38,Debit Card
2939,220,2024-07-26,1083.52,Credit Card
2940,220,2025-02-23,225.48,Net Banking
2941,220,2025-05-20,1636.35,UPI
2942,221,2025-11-03,6061.03,Net Banking
2943,222,2024-10-28,4414.18,Debit Card
2944,222,2025-03-13,7974.46,UPI
2945,222,2025-03-28,7344.4,Credit Card
2946,222,2025-05-27,16718.19,Cash on Delivery
2947,222,2025-07-10,2706.3,Debit Card
2948,222,2025-07-30,6779.26,Credit Card
2949,222,2025-09-17,10079.45,Cash on Delivery
2950,222,2025-10-07,11889.94,UPI
2951,222,2025-11-03,8057.44,Debit Card
2952,223,2022-02-24,2145.61,UPI
2953,223,2022-02-28,732.72,Cash on Delivery
2954,223,2022-06-12,1919.8,UPI
2955,223,2022-08-09,3976.11,UPI
2956,223,2022-09-04,2018.82,Credit Card
2957,223,2022-10-02,267.24,Credit Card
2958,223,2022-11-14,4794.46,Credit Card
2959,223,2022-11-29,1037.4,Cash on Delivery
2960,223,2023-01-18,408.19,Cash on Delivery
2961,223,2023-01-23,4832.64,Net Banking
2962,223,2023-02-01,4125.57,Credit Card
2963,223,2023-03-30,7343.47,Cash on Delivery
2964,223,2023-07-02,982.94,Debit Card
2965,223,2023-07-09,1381.38,UPI
2966,223,2023-09-10,6354.88,Debit Card
2967,223,2023-11-15,1059.6,UPI
2968,223,2023-11-18,7022.18,Debit Card
2969,223,2023-12-22,1949.12,Net Banking
2970,223,2024-04-29,2471.96,UPI
2971,223,2024-05-23,15564.46,Cash on Delivery
2972,223,2024-09-08,3309.81,Net Banking
2973,223,2024-10-18,2382.66,Cash on Delivery
2974,223,2024-11-02,3147.15,UPI
2975,223,2024-11-26,2498.44,UPI
2976,223,2025-01-05,12897.23,Cash on Delivery
2977,223,2025-01-13,3677.17,Credit Card
2978,223,2025-01-17,2007.51,Wallet
2979,223,2025-01-21,12405.36,UPI
2980,223,2025-03-16,5185.37,UPI
2981,223,2025-05-31,5941.07,Net Banking
2982,223,2025-10-25,1624.83,Wallet
2983,223,2025-10-25,3273.27,Debit Card
2984,224,2023-11-05,6562.02,Credit Card
2985,224,2024-02-17,10906.95,Cash on Delivery
2986,224,2024-11-26,512.92,Cash on Delivery
2987,224,2024-12-10,9349.71,Wallet
2988,224,2025-01-05,5395.69,Credit Card
2989,224,2025-02-01,11342.94,Credit Card
2990,224,2025-04-20,1032.4,Net Banking
2991,224,2025-05-03,4907.66,Debit Card
2992,224,2025-06-09,18172.46,UPI
2993,224,2025-07-29,8128.6,Cash on Delivery
2994,224,2025-09-12,14489.22,Net Banking
2995,224,2025-09-24,5590.8,Debit Card
2996,224,2025-12-04,2213.99,Debit Card
2997,225,2021-12-21,598.29,Credit Card
2998,225,2021-12-30,1597.83,Debit Card
2999,225,2022-01-27,8854.77,Cash on Delivery
3000,225,2022-03-07,568.62,Net Banking
3001,225,2022-08-12,4293.43,Cash on Delivery
3002,225,2022-08-19,5970.84,Cash on Delivery
3003,225,2022-09-21,6948.77,UPI
3004,225,2022-11-01,5375.43,Net Banking
3005,225,2022-11-03,8844.38,UPI
3006,225,2022-11-29,6667.36,Cash on Delivery
3007,225,2023-02-08,2886.34,Net Banking
3008,225,2023-05-04,20233.42,Credit Card
3009,225,2023-05-26,5245.95,Credit Card
3010,225,2023-07-20,6217.04,UPI
3011,225,2023-11-12,9894.4,UPI
3012,225,2024-03-16,7504.38,Wallet
3013,225,2024-03-18,8102.88,Cash on Delivery
3014,225,2024-06-03,1440.42,Debit Card
3015,225,2024-09-24,477.14,Cash on Delivery
3016,225,2025-04-20,6306.24,Net Banking
3017,225,2025-05-09,4026.05,UPI
3018,225,2025-08-26,15972.66,Wallet
3019,225,2025-10-14,23243.94,Debit Card
3020,225,2025-11-01,1623.12,Cash on Delivery
3021,225,2025-12-29,8708.74,Wallet
3022,226,2025-04-17,6390.02,Cash on Delivery
3023,227,2022-10-05,2428.23,Net Banking
3024,227,2022-10-23,21529.44,Debit Card
3025,227,2022-11-28,1721.82,Cash on Delivery
3026,227,2022-12-05,5055.94,Debit Card
3027,227,2022-12-17,1015.14,Debit Card
3028,227,2022-12-21,7297.23,Credit Card
3029,227,2023-01-07,3519.0,Credit Card
3030,227,2023-01-10,11988.28,Wallet
3031,227,2023-02-01,6395.05,Cash on Delivery
3032,227,2023-03-08,14249.02,Net Banking
3033,227,2023-03-10,10980.73,Cash on Delivery
3034,227,2023-03-11,4584.98,Wallet
3035,227,2023-04-05,444.46,Net Banking
3036,227,2023-05-05,4799.65,UPI
3037,227,2023-06-23,3411.56,Wallet
3038,227,2023-07-27,3132.79,Cash on Delivery
3039,227,2023-08-10,8311.01,Credit Card
3040,227,2023-08-14,991.38,Wallet
3041,227,2023-10-27,1576.96,Debit Card
3042,227,2024-03-05,11351.37,UPI
3043,227,2024-04-10,5921.75,Debit Card
3044,227,2024-04-22,7353.0,Net Banking
3045,227,2024-05-21,7204.86,Debit Card
3046,227,2024-06-13,1645.34,Debit Card
3047,227,2024-07-12,4261.24,Cash on Delivery
3048,227,2024-07-29,1481.13,UPI
3049,227,2024-08-23,6962.53,Credit Card
3050,227,2024-08-28,2541.85,Net Banking
3051,227,2024-09-24,479.92,Credit Card
3052,227,2024-10-03,11532.25,Cash on Delivery
3053,227,2024-10-12,13689.78,Wallet
3054,227,2024-11-21,1657.04,Debit Card
3055,227,2024-11-30,9894.33,Wallet
3056,227,2025-01-18,6924.76,Net Banking
3057,227,2025-03-01,2026.86,Cash on Delivery
3058,227,2025-04-24,3344.66,Credit Card
3059,227,2025-05-09,13574.8,Net Banking
3060,227,2025-05-25,5177.31,Cash on Delivery
3061,227,2025-06-04,7066.48,UPI
3062,227,2025-07-08,10021.4,UPI
3063,227,2025-07-17,3621.62,Credit Card
3064,227,2025-08-18,5967.19,Cash on Delivery
3065,227,2025-08-29,3628.47,Wallet
3066,227,2025-09-02,12968.68,Credit Card
3067,227,2025-09-17,3149.48,UPI
3068,227,2025-10-30,7137.57,Wallet
3069,227,2025-12-17,2285.94,Wallet
3070,227,2025-12-28,1780.86,Credit Card
3071,228,2024-09-27,19144.16,Cash on Delivery
3072,228,2024-12-09,5248.96,Debit Card
3073,228,2025-01-13,536.8,UPI
3074,228,2025-04-04,4077.07,Debit Card
3075,228,2025-06-26,10918.07,Credit Card
3076,228,2025-07-21,7232.53,UPI
3077,228,2025-09-04,3805.5,Credit Card
3078,229,2024-08-12,8972.04,Cash on Delivery
3079,229,2024-12-12,658.95,UPI
3080,229,2025-01-18,6498.99,Credit Card
3081,229,2025-01-24,10918.51,Credit Card
3082,229,2025-05-25,8222.98,Credit Card
3083,229,2025-06-25,3750.89,Net Banking
3084,229,2025-06-29,3704.31,UPI
3085,229,2025-07-21,2459.04,Wallet
3086,229,2025-08-07,13515.01,Net Banking
3087,229,2025-08-08,7739.83,Cash on Delivery
3088,229,2025-09-01,2458.88,Net Banking
3089,229,2025-09-13,3575.64,Cash on Delivery
3090,229,2025-10-15,9137.24,Cash on Delivery
3091,229,2025-12-28,2977.11,Wallet
3092,230,2022-07-13,5426.95,Wallet
3093,230,2022-08-08,9373.28,Cash on Delivery
3094,230,2022-09-10,128.22,Debit Card
3095,230,2022-09-29,8757.9,Net Banking
3096,230,2022-10-25,8616.47,Wallet
3097,230,2022-11-28,2729.64,Cash on Delivery
3098,230,2022-12-05,3414.96,Credit Card
3099,230,2022-12-20,4448.4,Credit Card
3100,230,2023-01-23,2617.04,Wallet
3101,230,2023-04-01,1736.85,Net Banking
3102,230,2023-04-08,2554.94,Credit Card
3103,230,2023-04-17,7130.75,Debit Card
3104,230,2023-05-31,4256.61,Debit Card
3105,230,2023-07-01,9647.57,Debit Card
3106,230,2023-08-30,5325.48,Cash on Delivery
3107,230,2023-12-13,11649.93,Credit Card
3108,230,2024-01-19,13780.52,Debit Card
3109,230,2024-01-24,6097.67,Credit Card
3110,230,2024-04-20,3060.39,Cash on Delivery
3111,230,2024-07-11,6925.05,Cash on Delivery
3112,230,2024-12-09,202.0,Net Banking
3113,230,2024-12-23,1348.38,Net Banking
3114,230,2025-04-05,6888.57,Debit Card
3115,230,2025-04-17,4187.21,Debit Card
3116,230,2025-05-08,9133.01,Wallet
3117,230,2025-06-06,7895.06,Cash on Delivery
3118,230,2025-09-29,5671.2,Net Banking
3119,230,2025-12-20,2160.48,UPI
3120,231,2022-08-09,4077.43,Credit Card
3121,231,2022-08-30,4265.98,Credit Card
3122,231,2022-10-17,7353.92,Wallet
3123,231,2023-01-09,1772.43,Debit Card
3124,231,2023-03-15,8063.36,UPI
3125,231,2023-04-18,16076.52,Credit Card
3126,231,2023-07-05,488.3,UPI
3127,231,2023-07-24,1509.12,Debit Card
3128,231,2023-12-11,7731.23,Credit Card
3129,231,2024-03-08,2211.72,Cash on Delivery
3130,231,2024-03-19,20333.24,Wallet
3131,231,2024-04-07,4263.01,Net Banking
3132,231,2024-08-23,8706.02,Net Banking
3133,231,2024-08-24,5146.64,Wallet
3134,231,2024-08-25,7520.7,Net Banking
3135,231,2024-11-01,963.7,UPI
3136,231,2024-11-04,7708.86,UPI
3137,231,2025-01-15,4602.2,Wallet
3138,231,2025-06-26,4164.68,Wallet
3139,231,2025-09-08,9752.55,Credit Card
3140,231,2025-10-16,4928.5,Cash on Delivery
3141,231,2025-11-09,5719.73,Credit Card
3142,231,2025-11-11,7150.0,Debit Card
3143,231,2025-11-22,5640.87,Cash on Delivery
3144,231,2025-12-30,6346.61,Net Banking
3145,232,2025-08-28,4867.03,Net Banking
3146,232,2025-10-29,6378.31,Net Banking
3147,232,2025-11-05,2888.43,Debit Card
3148,232,2025-12-16,3313.36,Cash on Delivery
3149,233,2022-11-11,2089.27,UPI
3150,233,2022-12-09,1000.44,UPI
3151,233,2023-06-04,9559.32,Wallet
3152,233,2023-06-20,15626.98,Net Banking
3153,233,2024-09-28,13131.53,Credit Card
3154,233,2024-10-15,8340.54,Wallet
3155,233,2024-11-28,3254.19,Wallet
3156,233,2025-01-14,13372.51,Debit Card
3157,233,2025-06-22,5973.23,Net Banking
3158,233,2025-10-08,2215.34,Wallet
3159,234,2023-10-13,8981.81,UPI
3160,234,2024-03-08,2442.96,Debit Card
3161,234,2024-07-07,2688.35,Debit Card
3162,234,2025-04-18,2957.18,Cash on Delivery
3163,234,2025-05-09,7844.75,Debit Card
3164,235,2022-07-07,1274.55,Credit Card
3165,235,2022-07-26,12214.14,UPI
3166,235,2022-07-31,5049.79,Credit Card
3167,235,2022-09-13,453.56,Debit Card
3168,235,2023-01-05,1068.14,Cash on Delivery
3169,235,2023-01-15,8111.28,UPI
3170,235,2023-01-27,856.08,Debit Card
3171,235,2023-03-01,13095.04,UPI
3172,235,2023-04-04,10886.12,Wallet
3173,235,2023-05-09,7234.75,Net Banking
3174,235,2023-06-14,6022.32,UPI
3175,235,2023-08-11,8146.84,Wallet
3176,235,2023-09-14,5528.36,UPI
3177,235,2023-11-21,7702.87,Net Banking
3178,235,2023-12-08,1136.58,UPI
3179,235,2024-01-17,3299.01,UPI
3180,235,2024-04-18,1705.02,Debit Card
3181,235,2024-08-05,1466.36,Net Banking
3182,235,2024-09-02,4620.07,Wallet
3183,235,2024-12-13,5712.23,UPI
3184,235,2024-12-28,2964.19,UPI
3185,235,2025-01-31,9545.21,Net Banking
3186,235,2025-02-10,4003.58,UPI
3187,235,2025-04-29,12398.41,Credit Card
3188,235,2025-07-26,509.73,UPI
3189,235,2025-12-16,6090.63,Credit Card
3190,236,2022-06-12,6042.86,UPI
3191,236,2022-07-16,11820.42,Cash on Delivery
3192,236,2022-08-03,8168.51,Debit Card
3193,236,2022-08-16,6586.41,Net Banking
3194,236,2022-09-15,6328.59,Credit Card
3195,236,2022-10-04,5315.78,Net Banking
3196,236,2023-01-30,9104.14,Wallet
3197,236,2023-02-14,11435.1,Net Banking
3198,236,2023-08-10,5982.27,Credit Card
3199,236,2023-09-10,4353.16,Cash on Delivery
3200,236,2023-10-01,13671.52,UPI
3201,236,2024-04-23,7505.75,Net Banking
3202,236,2024-05-19,18723.74,Credit Card
3203,236,2024-06-14,241.65,Debit Card
3204,236,2024-06-17,14338.81,Net Banking
3205,236,2024-07-17,10743.19,Credit Card
3206,236,2025-01-01,2838.53,Cash on Delivery
3207,236,2025-12-29,11450.63,Cash on Delivery
3208,237,2023-03-15,15154.21,Cash on Delivery
3209,237,2023-04-21,3152.27,Cash on Delivery
3210,237,2023-04-22,1106.16,Cash on Delivery
3211,237,2023-05-14,9082.76,Credit Card
3212,237,2023-07-08,2800.2,Cash on Delivery
3213,237,2023-07-18,4417.02,Cash on Delivery
3214,237,2023-09-04,11808.73,Wallet
3215,237,2023-11-15,6581.68,Credit Card
3216,237,2023-11-23,3593.46,Cash on Delivery
3217,237,2023-12-09,7901.94,Wallet
3218,237,2023-12-19,7263.25,Debit Card
3219,237,2024-02-12,17842.71,Wallet
3220,237,2024-02-12,5491.42,Credit Card
3221,237,2024-06-15,8684.46,Net Banking
3222,237,2024-07-05,2660.62,Credit Card
3223,237,2024-09-30,12031.56,Wallet
3224,237,2024-10-29,11493.74,UPI
3225,237,2024-12-03,9172.7,Cash on Delivery
3226,237,2025-01-27,4771.82,Credit Card
3227,237,2025-02-12,937.68,Cash on Delivery
3228,237,2025-06-09,956.8,Cash on Delivery
3229,237,2025-09-17,8034.58,Credit Card
3230,237,2025-11-22,6357.74,Wallet
3231,237,2025-12-28,15208.04,Credit Card
3232,238,2022-01-15,12738.61,UPI
3233,238,2022-02-27,15228.51,UPI
3234,238,2022-05-11,6770.65,UPI
3235,238,2022-05-28,4558.12,Wallet
3236,238,2022-06-19,1053.84,Net Banking
3237,238,2022-07-18,736.84,Debit Card
3238,238,2022-09-02,1573.55,Net Banking
3239,238,2022-10-02,15820.49,UPI
3240,238,2022-10-12,8143.21,UPI
3241,238,2022-10-26,7592.49,Cash on Delivery
3242,238,2022-10-31,6530.25,UPI
3243,238,2023-07-22,6078.84,Net Banking
3244,238,2023-08-10,8193.16,Credit Card
3245,238,2023-10-15,6048.34,Wallet
3246,238,2024-02-04,14398.07,UPI
3247,238,2024-02-13,3847.16,Net Banking
3248,238,2024-03-30,2938.32,Debit Card
3249,238,2024-04-27,8706.89,Cash on Delivery
3250,238,2024-05-06,1151.62,Credit Card
3251,238,2024-06-10,1031.99,Wallet
3252,238,2024-06-19,2344.98,Wallet
3253,238,2024-10-14,4107.79,Debit Card
3254,238,2024-11-12,7503.84,Cash on Delivery
3255,238,2024-11-17,4069.74,Cash on Delivery
3256,238,2024-12-03,2672.72,UPI
3257,238,2024-12-18,10083.21,Net Banking
3258,238,2025-03-06,2760.2,Debit Card
3259,238,2025-06-29,6172.85,Cash on Delivery
3260,238,2025-08-02,8259.69,Credit Card
3261,238,2025-11-02,1207.54,Net Banking
3262,238,2025-11-24,10922.54,Net Banking
3263,239,2024-05-01,4815.08,Cash on Delivery
3264,239,2024-05-10,2769.37,Debit Card
3265,239,2024-08-04,1623.18,Debit Card
3266,239,2024-08-20,952.38,Wallet
3267,239,2024-09-27,8266.72,Debit Card
3268,239,2024-12-29,342.72,Credit Card
3269,239,2025-03-08,5612.35,Credit Card
3270,239,2025-05-02,8236.84,Credit Card
3271,239,2025-06-26,8269.03,Wallet
3272,239,2025-07-16,17121.89,UPI
3273,239,2025-07-31,8248.44,Net Banking
3274,239,2025-08-11,5718.62,Wallet
3275,239,2025-08-21,3497.84,Cash on Delivery
3276,239,2025-09-04,1271.25,Net Banking
3277,239,2025-09-29,3428.6,Debit Card
3278,239,2025-10-21,3797.83,Wallet
3279,239,2025-10-27,9378.53,Wallet
3280,239,2025-12-03,10433.11,UPI
3281,240,2022-02-20,1752.51,Wallet
3282,240,2022-03-07,978.7,UPI
3283,240,2022-04-06,11793.02,Wallet
3284,240,2022-05-05,1177.98,Debit Card
3285,240,2022-05-05,4173.79,Net Banking
3286,240,2022-06-07,11380.0,Cash on Delivery
3287,240,2022-06-26,3382.34,Cash on Delivery
3288,240,2022-08-03,2100.55,Credit Card
3289,240,2022-12-27,5091.94,Net Banking
3290,240,2023-03-26,3818.58,Wallet
3291,240,2023-04-18,4503.57,Wallet
3292,240,2023-04-29,12135.66,Net Banking
3293,240,2023-05-06,4051.7,Debit Card
3294,240,2023-05-16,5865.37,Net Banking
3295,240,2023-05-25,2852.31,Cash on Delivery
3296,240,2023-06-21,15542.23,Credit Card
3297,240,2023-07-15,10780.45,UPI
3298,240,2023-10-09,3877.63,Cash on Delivery
3299,240,2023-10-23,3301.02,Debit Card
3300,240,2023-11-22,8802.79,Wallet
3301,240,2023-12-03,2165.12,Credit Card
3302,240,2024-02-03,4968.26,UPI
3303,240,2024-02-04,497.08,Net Banking
3304,240,2024-02-13,15022.33,Credit Card
3305,240,2024-02-14,446.88,UPI
3306,240,2024-03-02,15967.03,Cash on Delivery
3307,240,2024-03-26,1643.13,Debit Card
3308,240,2024-04-16,12912.71,UPI
3309,240,2024-07-23,995.07,UPI
3310,240,2024-08-15,3751.42,Debit Card
3311,240,2024-10-03,7284.82,Wallet
3312,240,2024-12-08,9403.88,Wallet
3313,240,2024-12-28,5794.66,Debit Card
3314,240,2025-02-21,8369.16,Net Banking
3315,240,2025-03-10,7216.02,Cash on Delivery
3316,240,2025-04-11,6352.99,Cash on Delivery
3317,240,2025-04-25,1376.52,Net Banking
3318,240,2025-05-08,13680.2,Debit Card
3319,240,2025-06-13,9482.89,Cash on Delivery
3320,240,2025-06-23,4869.74,UPI
3321,240,2025-07-01,1695.82,Credit Card
3322,240,2025-07-13,2008.25,Cash on Delivery
3323,240,2025-08-13,802.18,Debit Card
3324,240,2025-09-27,524.1,Wallet
3325,240,2025-11-17,5117.98,Cash on Delivery
3326,240,2025-12-27,6941.53,UPI
3327,241,2025-12-07,4276.41,Credit Card
3328,242,2023-11-18,10729.24,Net Banking
3329,242,2023-11-22,2986.55,UPI
3330,242,2023-12-11,6896.63,Wallet
3331,242,2024-04-02,2158.6,Net Banking
3332,242,2024-04-15,19463.58,Wallet
3333,242,2024-04-19,10531.92,Cash on Delivery
3334,242,2024-06-21,2465.52,Net Banking
3335,242,2024-08-16,12760.06,UPI
3336,242,2025-04-11,4101.38,Cash on Delivery
3337,242,2025-05-22,17663.49,Net Banking
3338,242,2025-11-09,5930.57,Wallet
3339,243,2024-09-07,10071.99,Debit Card
3340,243,2024-11-23,1789.44,Credit Card
3341,243,2025-01-18,20103.19,Wallet
3342,243,2025-02-04,3261.98,Credit Card
3343,243,2025-03-10,6421.69,Net Banking
3344,244,2023-06-02,11076.18,Debit Card
3345,244,2023-07-18,4346.08,UPI
3346,244,2023-11-24,10860.82,UPI
3347,244,2023-12-14,4733.08,Credit Card
3348,244,2023-12-25,404.4,Cash on Delivery
3349,244,2023-12-26,3473.1,Cash on Delivery
3350,244,2023-12-28,15210.54,Debit Card
3351,244,2023-12-30,1517.47,Debit Card
3352,244,2024-03-13,2721.21,Credit Card
3353,244,2024-04-20,225.33,Credit Card
3354,244,2024-09-12,119.16,Cash on Delivery
3355,244,2024-09-12,14826.43,UPI
3356,244,2024-10-21,12808.02,Wallet
3357,244,2024-10-21,4205.5,Cash on Delivery
3358,244,2024-11-22,7191.31,Cash on Delivery
3359,244,2024-12-25,9530.48,Wallet
3360,244,2025-01-01,702.04,Debit Card
3361,244,2025-03-03,1163.73,UPI
3362,244,2025-06-10,6370.37,Wallet
3363,244,2025-07-01,9792.49,UPI
3364,244,2025-07-06,10805.15,Credit Card
3365,244,2025-07-12,14335.2,UPI
3366,244,2025-08-08,6221.19,Debit Card
3367,244,2025-08-11,3540.17,Debit Card
3368,244,2025-11-17,3666.51,Debit Card
3369,244,2025-12-01,5153.07,Credit Card
3370,245,2021-07-04,7535.01,Net Banking
3371,245,2021-08-02,3714.69,Debit Card
3372,245,2021-09-26,8021.8,Credit Card
3373,245,2021-10-17,12411.1,UPI
3374,245,2021-11-01,5766.6,Cash on Delivery
3375,245,2021-11-11,9385.71,Credit Card
3376,245,2022-01-05,3195.2,Cash on Delivery
3377,245,2022-01-15,3628.02,Cash on Delivery
3378,245,2022-01-15,7565.51,Cash on Delivery
3379,245,2022-04-13,7497.46,Wallet
3380,245,2022-04-24,7634.91,Credit Card
3381,245,2022-06-16,578.86,Net Banking
3382,245,2023-05-25,5460.69,Credit Card
3383,245,2023-06-13,19346.41,Credit Card
3384,245,2023-06-28,632.37,Net Banking
3385,245,2024-02-26,14222.21,Credit Card
3386,245,2024-03-07,5747.58,UPI
3387,245,2024-03-19,3604.92,Cash on Delivery
3388,245,2024-08-03,13152.64,UPI
3389,245,2024-10-02,2880.52,Wallet
3390,245,2024-10-13,3184.23,Net Banking
3391,245,2024-11-02,4605.75,Net Banking
3392,245,2024-11-28,2053.95,Credit Card
3393,245,2025-01-24,7680.36,Debit Card
3394,245,2025-03-26,994.44,Net Banking
3395,245,2025-04-27,3852.72,Net Banking
3396,245,2025-09-06,5191.18,Credit Card
3397,245,2025-10-10,2051.01,UPI
3398,245,2025-11-30,4690.38,Debit Card
3399,246,2021-06-13,4270.41,Debit Card
3400,246,2021-06-20,317.04,Wallet
3401,246,2021-07-20,11202.81,UPI
3402,246,2021-11-15,1312.5,Credit Card
3403,246,2022-01-14,12514.95,Credit Card
3404,246,2022-04-03,11849.88,Wallet
3405,246,2022-05-15,13896.4,Cash on Delivery
3406,246,2022-06-04,3290.82,Wallet
3407,246,2022-06-09,3877.66,Cash on Delivery
3408,246,2022-07-13,6399.93,Net Banking
3409,246,2022-09-25,163.59,Net Banking
3410,246,2023-02-17,3985.8,Credit Card
3411,246,2023-03-16,5139.06,Cash on Delivery
3412,246,2023-04-13,1915.72,Wallet
3413,246,2023-05-16,1564.5,Net Banking
3414,246,2023-08-15,12101.52,Credit Card
3415,246,2023-09-10,3501.23,Net Banking
3416,246,2023-09-21,2359.95,Debit Card
3417,246,2023-11-06,3212.76,Credit Card
3418,246,2024-02-07,10125.29,Wallet
3419,246,2024-03-07,15064.14,Net Banking
3420,246,2024-05-14,8896.36,Debit Card
3421,246,2024-11-26,9349.76,Net Banking
3422,246,2024-12-19,1447.35,UPI
3423,246,2025-01-03,16223.06,Credit Card
3424,246,2025-02-06,10308.97,Cash on Delivery
3425,246,2025-04-30,1109.49,Credit Card
3426,246,2025-10-30,796.8,Wallet
3427,247,2023-02-06,9762.45,Debit Card
3428,247,2023-09-29,2319.6,UPI
3429,247,2024-08-03,10277.63,Wallet
3430,248,2023-06-19,9264.6,Debit Card
3431,248,2023-10-10,7030.34,Wallet
3432,248,2024-02-07,11615.96,Wallet
3433,248,2024-08-15,250.28,UPI
3434,248,2024-12-16,6674.34,Debit Card
3435,248,2025-02-23,10355.91,Net Banking
3436,248,2025-03-27,2049.3,Debit Card
3437,248,2025-12-22,1856.97,Wallet
3438,249,2025-11-06,7139.86,UPI
3439,250,2023-01-22,8920.35,UPI
3440,250,2023-07-19,11958.98,Debit Card
3441,250,2023-09-13,11395.7,Wallet
3442,250,2023-10-19,10236.28,Wallet
3443,250,2023-12-16,3553.17,Wallet
3444,250,2024-01-26,3721.01,Debit Card
3445,250,2024-03-07,3512.64,UPI
3446,250,2024-03-15,19087.7,Wallet
3447,250,2024-03-29,153.61,Wallet
3448,250,2024-05-21,1070.5,Debit Card
3449,250,2024-06-23,8977.41,Wallet
3450,250,2024-09-23,8854.77,UPI
3451,250,2024-12-09,2272.46,Cash on Delivery
3452,250,2025-03-31,313.6,Debit Card
3453,250,2025-05-22,1412.41,Debit Card
3454,250,2025-05-28,19533.04,Credit Card
3455,250,2025-07-07,6072.05,Debit Card
3456,250,2025-07-29,1713.28,Credit Card
3457,251,2023-03-13,4470.92,Cash on Delivery
3458,251,2023-04-01,16583.33,Credit Card
3459,251,2023-04-09,2396.68,Net Banking
3460,251,2023-04-10,1870.92,Credit Card
3461,251,2023-04-12,2149.14,Net Banking
3462,251,2023-04-17,8089.24,Debit Card
3463,251,2023-04-25,146.91,Debit Card
3464,251,2023-08-04,6706.37,Net Banking
3465,251,2023-09-24,705.75,Net Banking
3466,251,2023-10-04,2740.81,Net Banking
3467,251,2024-01-10,5126.24,Net Banking
3468,251,2024-02-18,5119.48,Credit Card
3469,251,2024-04-12,5099.2,Wallet
3470,251,2024-05-01,5368.91,Debit Card
3471,251,2024-06-12,9043.24,Wallet
3472,251,2024-07-10,12811.57,Net Banking
3473,251,2024-07-13,3231.27,Debit Card
3474,251,2024-09-29,2592.83,Net Banking
3475,251,2024-10-01,11680.9,UPI
3476,251,2024-10-21,907.42,Net Banking
3477,251,2024-12-26,16159.06,Cash on Delivery
3478,251,2025-02-13,6210.69,UPI
3479,251,2025-03-26,3035.47,Wallet
3480,251,2025-05-11,3940.2,Net Banking
3481,251,2025-05-13,1200.51,Wallet
3482,251,2025-07-22,10138.13,Net Banking
3483,251,2025-10-10,15056.68,Debit Card
3484,251,2025-12-23,4264.11,Debit Card
3485,252,2024-09-26,16504.48,UPI
3486,252,2025-05-17,3167.58,UPI
3487,252,2025-07-23,2411.56,UPI
3488,252,2025-08-30,14113.52,Net Banking
3489,252,2025-09-20,4311.67,Wallet
3490,252,2025-10-01,2087.45,Cash on Delivery
3491,252,2025-11-10,1257.08,Cash on Delivery
3492,252,2025-11-12,8493.64,Wallet
3493,253,2024-06-15,7645.78,Cash on Delivery
3494,253,2025-12-04,1522.6,Cash on Delivery
3495,254,2021-02-19,3628.75,Credit Card
3496,254,2021-05-23,3468.28,Wallet
3497,254,2021-06-14,8278.77,Credit Card
3498,254,2021-10-10,5569.27,Debit Card
3499,254,2022-01-09,1472.76,Net Banking
3500,254,2022-01-22,6786.16,UPI
3501,254,2022-01-29,3991.24,UPI
3502,254,2022-03-19,19195.5,Credit Card
3503,254,2022-07-07,7459.06,Net Banking
3504,254,2022-12-21,3183.04,Cash on Delivery
3505,254,2023-07-07,5572.15,UPI
3506,254,2023-09-05,3768.46,Debit Card
3507,254,2023-10-06,4933.7,Wallet
3508,254,2024-02-04,1172.33,UPI
3509,254,2024-06-30,1348.5,Cash on Delivery
3510,254,2024-07-18,2556.62,UPI
3511,254,2024-07-29,1534.54,UPI
3512,254,2024-08-08,8213.32,Credit Card
3513,254,2024-09-25,6419.0,UPI
3514,254,2024-12-23,7229.16,Cash on Delivery
3515,254,2025-03-30,8678.49,UPI
3516,254,2025-07-21,9842.1,Credit Card
3517,254,2025-09-15,10951.93,UPI
3518,254,2025-11-13,4810.56,Wallet
3519,255,2021-10-11,5101.17,UPI
3520,255,2021-11-08,2516.97,Cash on Delivery
3521,255,2021-11-19,5683.32,Credit Card
3522,255,2021-12-03,1756.39,Wallet
3523,255,2022-01-24,17313.79,Debit Card
3524,255,2022-02-22,979.96,Debit Card
3525,255,2022-02-27,4617.24,Credit Card
3526,255,2022-03-07,776.6,Wallet
3527,255,2022-09-10,8775.11,Debit Card
3528,255,2022-09-23,1863.37,Net Banking
3529,255,2022-10-05,6602.86,Wallet
3530,255,2022-11-27,3848.62,Cash on Delivery
3531,255,2022-12-23,13574.34,Wallet
3532,255,2023-01-13,5121.62,Debit Card
3533,255,2023-01-26,3108.63,Debit Card
3534,255,2023-02-05,5572.84,UPI
3535,255,2023-02-09,4067.07,Debit Card
3536,255,2023-02-10,8503.31,Debit Card
3537,255,2023-03-22,3512.72,UPI
3538,255,2023-03-23,10304.07,Wallet
3539,255,2023-03-27,5013.45,Credit Card
3540,255,2023-04-29,6022.39,UPI
3541,255,2023-05-21,2180.09,UPI
3542,255,2023-06-23,3897.26,Credit Card
3543,255,2023-07-04,9547.41,Credit Card
3544,255,2023-08-02,9331.5,Credit Card
3545,255,2023-09-08,6669.17,Wallet
3546,255,2023-10-02,2950.9,Debit Card
3547,255,2023-12-27,891.96,Net Banking
3548,255,2024-03-11,6868.8,UPI
3549,255,2024-03-18,218.03,Cash on Delivery
3550,255,2024-05-12,10394.95,Net Banking
3551,255,2024-05-20,9910.15,Wallet
3552,255,2024-08-04,411.48,Net Banking
3553,255,2024-09-23,7444.41,UPI
3554,255,2024-10-04,1069.39,UPI
3555,255,2024-10-14,5338.87,Debit Card
3556,255,2024-10-18,2884.67,Net Banking
3557,255,2025-01-13,1253.28,Credit Card
3558,255,2025-06-01,8282.2,Cash on Delivery
3559,255,2025-07-01,3673.55,Wallet
3560,255,2025-07-06,9468.81,Credit Card
3561,255,2025-07-23,1313.09,Cash on Delivery
3562,255,2025-08-13,4078.77,Debit Card
3563,255,2025-09-27,1029.64,Cash on Delivery
3564,255,2025-11-23,1850.0,Net Banking
3565,255,2025-11-26,2269.05,Credit Card
3566,255,2025-12-27,2304.48,Wallet
3567,256,2025-05-19,2812.55,Cash on Delivery
3568,256,2025-12-05,4531.42,Wallet
3569,257,2022-08-05,10258.86,Debit Card
3570,257,2022-09-01,3877.49,Net Banking
3571,257,2023-04-21,3652.89,Wallet
3572,257,2023-08-01,2270.73,Cash on Delivery
3573,257,2024-03-02,5520.02,Wallet
3574,257,2024-03-14,4315.52,Wallet
3575,257,2024-05-11,6046.97,Credit Card
3576,257,2024-07-22,5394.63,Debit Card
3577,257,2024-09-06,3613.2,Net Banking
3578,257,2024-12-13,4325.68,Wallet
3579,257,2025-07-08,10517.89,Net Banking
3580,257,2025-08-04,4221.64,Debit Card
3581,258,2022-10-18,4480.59,Cash on Delivery
3582,258,2022-12-07,2979.81,UPI
3583,258,2022-12-11,1984.03,Debit Card
3584,258,2022-12-31,8782.25,UPI
3585,258,2023-02-03,7842.68,Debit Card
3586,258,2023-02-24,8726.22,UPI
3587,258,2023-02-26,1917.31,Cash on Delivery
3588,258,2023-03-25,4645.28,Cash on Delivery
3589,258,2023-04-14,1441.98,Net Banking
3590,258,2023-05-08,16151.21,Cash on Delivery
3591,258,2023-08-30,2627.65,Cash on Delivery
3592,258,2023-09-06,5975.04,Wallet
3593,258,2023-09-16,12055.96,Net Banking
3594,258,2023-09-28,7965.8,Wallet
3595,258,2023-11-12,7458.23,UPI
3596,258,2023-12-18,11294.31,Wallet
3597,258,2024-01-07,9702.8,Wallet
3598,258,2024-02-09,1447.46,Debit Card
3599,258,2024-03-01,2325.27,Debit Card
3600,258,2024-03-18,2008.25,Cash on Delivery
3601,258,2024-03-20,5692.94,Credit Card
3602,258,2024-04-10,8148.51,Credit Card
3603,258,2024-05-27,4073.53,Cash on Delivery
3604,258,2024-06-09,3996.63,UPI
3605,258,2024-09-12,374.46,Credit Card
3606,258,2024-10-29,14554.48,Wallet
3607,258,2024-11-10,8281.53,UPI
3608,258,2024-11-23,6504.4,Wallet
3609,258,2024-12-17,389.67,Net Banking
3610,258,2025-01-10,1721.7,UPI
3611,258,2025-01-11,7998.58,Net Banking
3612,258,2025-03-21,8483.98,Net Banking
3613,258,2025-07-24,10250.97,UPI
3614,258,2025-08-29,1371.84,Wallet
3615,258,2025-08-29,6049.71,Net Banking
3616,258,2025-10-12,3272.92,Net Banking
3617,258,2025-11-06,4510.7,Net Banking
3618,258,2025-11-07,15075.52,Debit Card
3619,258,2025-11-08,1885.96,Cash on Delivery
3620,258,2025-11-09,7870.16,Net Banking
3621,258,2025-11-11,4488.26,Net Banking
3622,259,2024-04-21,1609.16,UPI
3623,259,2025-04-28,307.86,Wallet
3624,259,2025-06-01,11708.3,Cash on Delivery
3625,259,2025-11-12,5166.26,Cash on Delivery
3626,260,2024-08-13,3881.94,Cash on Delivery
3627,260,2024-08-20,6379.34,Cash on Delivery
3628,260,2024-11-26,2411.48,UPI
3629,260,2024-12-26,2867.2,Cash on Delivery
3630,260,2025-05-17,6864.26,Debit Card
3631,260,2025-08-24,5818.89,Debit Card
3632,260,2025-11-27,5994.54,Net Banking
3633,260,2025-11-29,10031.41,Debit Card
3634,260,2025-12-09,1772.53,UPI
3635,261,2023-07-01,7526.52,Debit Card
3636,261,2023-11-09,2539.18,Credit Card
3637,261,2023-11-30,5382.05,UPI
3638,261,2024-02-23,6072.78,Cash on Delivery
3639,261,2024-07-26,8220.61,Net Banking
3640,261,2024-08-09,15859.61,Net Banking
3641,261,2024-09-22,6993.7,Credit Card
3642,261,2024-10-26,7605.75,Debit Card
3643,261,2024-11-30,1117.05,Debit Card
3644,261,2025-03-10,10358.88,Debit Card
3645,261,2025-04-10,2470.98,Net Banking
3646,261,2025-07-04,615.01,Debit Card
3647,261,2025-07-19,2110.54,Cash on Delivery
3648,261,2025-10-06,7423.86,UPI
3649,261,2025-10-19,13684.76,Net Banking
3650,261,2025-11-07,4502.62,UPI
3651,262,2023-11-07,4047.15,Debit Card
3652,262,2024-02-29,11551.15,Debit Card
3653,262,2024-03-04,2934.33,Debit Card
3654,262,2024-10-29,2600.04,Net Banking
3655,262,2025-02-07,1972.06,Debit Card
3656,262,2025-03-09,14593.7,UPI
3657,262,2025-03-15,4324.76,Net Banking
3658,262,2025-06-11,1655.2,Net Banking
3659,262,2025-11-29,16425.24,Net Banking
3660,262,2025-12-01,2280.63,Wallet
3661,262,2025-12-29,3946.67,Credit Card
3662,262,2025-12-29,3122.18,Credit Card
3663,263,2025-11-01,4968.34,Credit Card
3664,264,2023-08-04,4874.01,Net Banking
3665,264,2023-10-04,15854.6,Cash on Delivery
3666,264,2023-10-14,2957.17,Credit Card
3667,264,2023-11-11,8643.31,UPI
3668,264,2024-02-02,207.92,Wallet
3669,264,2024-06-04,3834.86,Debit Card
3670,264,2024-06-10,8707.08,Cash on Delivery
3671,264,2024-06-29,1349.15,UPI
3672,264,2024-07-04,2632.88,Cash on Delivery
3673,264,2024-08-07,1694.64,Wallet
3674,264,2024-08-24,274.67,Net Banking
3675,264,2024-08-27,14004.58,UPI
3676,264,2024-08-28,12261.98,Cash on Delivery
3677,264,2024-10-18,1777.54,Debit Card
3678,264,2024-10-27,8082.91,Credit Card
3679,264,2024-10-29,5537.15,UPI
3680,264,2025-01-20,9943.1,Debit Card
3681,264,2025-03-28,460.96,Cash on Delivery
3682,264,2025-09-11,1946.58,Net Banking
3683,264,2025-09-15,15465.46,UPI
3684,264,2025-11-11,6226.01,Credit Card
3685,265,2021-06-01,883.85,Wallet
3686,265,2022-02-03,3040.44,Wallet
3687,265,2022-03-12,4991.12,UPI
3688,265,2023-06-14,688.3,Credit Card
3689,265,2024-05-20,7405.39,Debit Card
3690,265,2024-06-22,573.9,Cash on Delivery
3691,265,2024-12-29,6165.22,Credit Card
3692,265,2025-01-07,966.18,Credit Card
3693,265,2025-04-13,1980.51,Cash on Delivery
3694,265,2025-06-21,13616.53,Debit Card
3695,265,2025-12-23,707.18,Wallet
3696,266,2025-07-15,8183.52,Cash on Delivery
3697,266,2025-07-27,11924.79,Net Banking
3698,266,2025-10-22,1507.25,Credit Card
3699,266,2025-12-24,5737.48,Wallet
3700,267,2022-11-10,2719.64,Credit Card
3701,267,2022-12-01,837.06,Credit Card
3702,267,2023-02-18,7236.45,Cash on Delivery
3703,267,2023-05-18,13956.19,Cash on Delivery
3704,267,2023-08-02,3416.86,Cash on Delivery
3705,267,2024-06-08,3720.73,Debit Card
3706,267,2024-09-05,17628.66,Cash on Delivery
3707,267,2024-09-21,4773.59,Net Banking
3708,267,2024-10-24,3389.64,Cash on Delivery
3709,267,2024-12-24,10301.5,Cash on Delivery
3710,267,2025-04-25,13326.8,Wallet
3711,267,2025-05-09,3719.85,UPI
3712,267,2025-06-20,17587.75,Credit Card
3713,267,2025-06-22,10463.04,UPI
3714,268,2022-10-17,7116.33,Credit Card
3715,268,2023-01-11,8253.76,Net Banking
3716,268,2023-03-18,248.62,Cash on Delivery
3717,268,2023-07-14,8034.9,Debit Card
3718,268,2023-09-16,6034.62,Cash on Delivery
3719,268,2023-11-13,566.85,Wallet
3720,268,2023-12-23,2423.1,Net Banking
3721,268,2024-01-11,14305.36,UPI
3722,268,2024-02-13,8080.1,Wallet
3723,268,2024-04-01,11490.19,Wallet
3724,268,2024-04-25,5824.46,Wallet
3725,268,2024-12-26,1157.36,Wallet
3726,268,2025-01-08,5572.24,Net Banking
3727,268,2025-03-23,778.01,Net Banking
3728,268,2025-06-18,8681.2,Debit Card
3729,268,2025-11-24,4170.65,Debit Card
3730,268,2025-12-07,8372.77,Wallet
3731,269,2024-12-16,9379.51,Wallet
3732,269,2025-11-22,1539.31,Credit Card
3733,270,2022-10-08,1526.9,Debit Card
3734,270,2022-11-04,9856.39,Wallet
3735,270,2022-12-20,9151.39,Wallet
3736,270,2023-07-09,8984.7,Wallet
3737,270,2024-04-24,5988.91,Debit Card
3738,270,2024-06-27,10966.68,Cash on Delivery
3739,270,2024-10-04,7361.68,Wallet
3740,270,2024-10-19,8153.9,Credit Card
3741,270,2025-03-13,8021.86,Wallet
3742,270,2025-04-16,12336.41,Cash on Delivery
3743,270,2025-05-11,8118.64,UPI
3744,270,2025-09-08,7673.65,UPI
3745,271,2020-10-22,1982.7,Net Banking
3746,271,2021-05-23,4989.04,Cash on Delivery
3747,271,2021-10-25,3243.51,Credit Card
3748,271,2021-11-13,1117.9,Net Banking
3749,271,2025-03-15,7012.28,Cash on Delivery
3750,271,2025-07-15,8834.78,UPI
3751,272,2024-03-09,8439.61,UPI
3752,272,2025-11-28,7101.15,Net Banking
3753,273,2023-04-28,2768.85,Wallet
3754,273,2023-06-20,10759.75,Net Banking
3755,273,2023-08-03,5696.78,Credit Card
3756,273,2023-09-19,2604.64,Net Banking
3757,273,2023-09-25,2295.52,Wallet
3758,273,2023-11-14,5141.51,Net Banking
3759,273,2024-04-25,3729.21,Wallet
3760,273,2024-06-11,601.97,UPI
3761,273,2024-06-19,3866.4,Cash on Delivery
3762,273,2024-07-04,3019.66,Credit Card
3763,273,2024-07-07,8092.4,Net Banking
3764,273,2024-07-11,10209.29,Debit Card
3765,273,2024-08-05,4141.76,UPI
3766,273,2024-08-08,926.86,Cash on Delivery
3767,273,2024-11-20,405.14,Debit Card
3768,273,2024-11-23,10541.0,Cash on Delivery
3769,273,2024-12-11,926.45,Debit Card
3770,273,2024-12-22,6465.16,UPI
3771,273,2024-12-26,9310.17,UPI
3772,273,2025-01-30,12639.76,UPI
3773,273,2025-03-23,2247.72,Credit Card
3774,273,2025-03-25,4647.17,Wallet
3775,273,2025-04-08,5148.87,Wallet
3776,273,2025-04-13,1379.16,UPI
3777,273,2025-04-15,3185.21,Debit Card
3778,273,2025-05-10,10154.4,UPI
3779,273,2025-06-16,2898.72,UPI
3780,273,2025-07-02,8244.3,Wallet
3781,273,2025-07-17,8517.8,Credit Card
3782,273,2025-07-24,9663.9,Cash on Delivery
3783,273,2025-08-24,4455.2,UPI
3784,273,2025-09-24,13065.25,UPI
3785,273,2025-09-29,3588.92,Wallet
3786,273,2025-09-30,2677.45,Net Banking
3787,273,2025-10-03,4841.06,Net Banking
3788,273,2025-11-24,790.08,Cash on Delivery
3789,274,2023-09-03,4796.02,Debit Card
3790,274,2023-10-24,15547.63,Credit Card
3791,274,2024-09-01,377.34,Net Banking
3792,274,2025-01-05,15473.54,Wallet
3793,274,2025-08-13,9640.34,Wallet
3794,275,2021-12-02,11890.92,Debit Card
3795,275,2022-02-09,13803.56,Net Banking
3796,275,2022-02-22,6570.85,Debit Card
3797,275,2022-02-28,5634.94,Credit Card
3798,275,2022-03-08,11370.56,UPI
3799,275,2022-04-07,12702.22,Credit Card
3800,275,2022-04-12,6791.4,Wallet
3801,275,2022-04-22,4670.04,Net Banking
3802,275,2022-04-23,13068.62,Net Banking
3803,275,2022-05-02,11980.53,Cash on Delivery
3804,275,2022-06-16,5788.26,UPI
3805,275,2022-09-03,12865.74,UPI
3806,275,2022-09-06,5708.91,Net Banking
3807,275,2022-10-24,3438.59,UPI
3808,275,2022-12-03,3806.73,Wallet
3809,275,2022-12-06,9487.34,Credit Card
3810,275,2023-04-03,7829.7,Cash on Delivery
3811,275,2023-04-10,4376.46,Debit Card
3812,275,2023-05-06,4663.24,Credit Card
3813,275,2023-06-21,22944.85,Cash on Delivery
3814,275,2023-08-14,11894.55,Credit Card
3815,275,2023-09-18,9470.96,Wallet
3816,275,2023-09-30,2097.84,Debit Card
3817,275,2023-10-24,3446.83,Net Banking
3818,275,2023-11-16,4984.84,Credit Card
3819,275,2023-12-07,5503.38,UPI
3820,275,2024-04-06,2844.76,Net Banking
3821,275,2024-07-23,12093.18,Debit Card
3822,275,2024-10-06,10381.84,Credit Card
3823,275,2024-10-17,768.36,Wallet
3824,275,2024-10-27,4878.27,Wallet
3825,275,2024-11-01,9793.58,Net Banking
3826,275,2025-01-16,7686.26,Debit Card
3827,275,2025-01-23,12848.19,Wallet
3828,275,2025-02-12,6377.34,Net Banking
3829,275,2025-03-20,10352.74,Net Banking
3830,275,2025-04-04,6772.14,Credit Card
3831,275,2025-04-21,7300.36,Net Banking
3832,275,2025-05-05,2411.41,Cash on Delivery
3833,275,2025-06-01,7696.37,Debit Card
3834,275,2025-06-06,6362.7,Credit Card
3835,275,2025-06-14,10903.36,Cash on Delivery
3836,275,2025-07-17,2297.8,Debit Card
3837,275,2025-07-27,3583.92,Wallet
3838,275,2025-08-07,3744.06,Credit Card
3839,275,2025-08-20,5611.94,Wallet
3840,275,2025-12-15,14358.02,Credit Card
3841,275,2025-12-19,6087.0,Net Banking
3842,276,2023-02-16,13628.07,Net Banking
3843,276,2023-03-01,6026.8,Net Banking
3844,276,2023-03-02,7891.98,Cash on Delivery
3845,276,2023-06-03,13776.73,Wallet
3846,276,2023-08-15,16262.14,Credit Card
3847,276,2023-12-01,8573.64,UPI
3848,276,2024-03-10,5682.27,Credit Card
3849,276,2024-03-20,1951.65,Debit Card
3850,276,2024-09-10,5193.09,UPI
3851,276,2024-10-19,8844.87,Debit Card
3852,276,2024-10-19,7803.41,Debit Card
3853,276,2024-12-13,9862.84,Net Banking
3854,276,2025-02-28,3136.62,UPI
3855,276,2025-04-26,12413.41,Debit Card
3856,276,2025-10-09,9908.3,UPI
3857,276,2025-10-26,10069.3,Credit Card
3858,276,2025-12-01,3607.02,Net Banking
3859,277,2022-10-21,4023.12,Wallet
3860,277,2022-12-03,7349.48,Cash on Delivery
3861,277,2023-02-10,1580.26,Cash on Delivery
3862,277,2023-04-08,3811.48,UPI
3863,277,2023-04-13,5766.32,Cash on Delivery
3864,277,2023-07-06,10252.28,Wallet
3865,277,2023-12-19,10612.38,Cash on Delivery
3866,277,2024-01-03,605.91,Debit Card
3867,277,2024-02-01,7357.23,UPI
3868,277,2024-02-03,2914.18,Debit Card
3869,277,2024-03-28,3246.48,UPI
3870,277,2024-06-04,1775.0,UPI
3871,277,2024-10-18,5072.24,Net Banking
3872,277,2024-12-03,4842.38,Cash on Delivery
3873,277,2025-01-21,3550.42,Wallet
3874,277,2025-07-01,10226.45,Debit Card
3875,277,2025-08-24,17602.91,Cash on Delivery
3876,278,2024-10-07,3726.8,Net Banking
3877,278,2024-10-11,4239.34,Cash on Delivery
3878,278,2024-10-14,3175.46,Net Banking
3879,278,2024-11-25,16370.12,Credit Card
3880,278,2025-01-15,6180.52,Debit Card
3881,278,2025-02-02,985.38,Credit Card
3882,278,2025-02-24,5043.37,Debit Card
3883,278,2025-03-07,12577.31,Credit Card
3884,278,2025-03-16,4707.7,Credit Card
3885,278,2025-05-05,3921.24,Debit Card
3886,278,2025-05-19,13877.75,Cash on Delivery
3887,278,2025-06-06,13035.49,Credit Card
3888,278,2025-07-18,2289.05,Credit Card
3889,278,2025-11-06,6324.86,Net Banking
3890,279,2024-03-12,2742.18,UPI
3891,279,2024-03-28,5456.75,Net Banking
3892,279,2024-09-10,14663.5,Net Banking
3893,279,2025-03-30,16731.96,Net Banking
3894,279,2025-06-15,10823.27,Cash on Delivery
3895,279,2025-06-18,14070.93,Cash on Delivery
3896,279,2025-09-30,3787.0,UPI
3897,279,2025-10-27,9485.71,Cash on Delivery
3898,279,2025-11-27,8900.03,Cash on Delivery
3899,280,2022-08-02,3649.98,Net Banking
3900,280,2022-10-02,9171.04,Credit Card
3901,280,2022-12-04,14174.59,UPI
3902,280,2023-03-06,2220.56,Cash on Delivery
3903,280,2023-04-07,4078.61,Credit Card
3904,280,2023-09-05,10883.39,Wallet
3905,280,2023-09-10,14563.76,Credit Card
3906,280,2024-03-03,1629.14,UPI
3907,280,2024-07-15,10482.5,Net Banking
3908,280,2024-09-01,2690.67,Net Banking
3909,280,2025-02-23,1528.78,Net Banking
3910,280,2025-04-04,10699.49,Credit Card
3911,280,2025-05-01,3695.64,Cash on Delivery
3912,280,2025-09-07,22959.08,Cash on Delivery
3913,280,2025-09-11,2421.84,Cash on Delivery
3914,280,2025-09-26,3802.13,Wallet
3915,280,2025-11-20,3416.46,UPI
3916,281,2020-07-19,8995.32,UPI
3917,281,2020-08-22,2813.22,Debit Card
3918,281,2021-06-24,2462.34,Credit Card
3919,281,2021-07-23,2286.12,Debit Card
3920,281,2022-04-28,5903.6,Debit Card
3921,281,2022-10-22,4320.89,Cash on Delivery
3922,281,2022-12-18,448.23,UPI
3923,281,2022-12-31,9709.35,Net Banking
3924,281,2023-06-12,7690.14,UPI
3925,281,2023-06-30,6096.37,Net Banking
3926,281,2023-09-13,7725.32,Net Banking
3927,281,2023-10-14,5919.45,Debit Card
3928,281,2023-11-19,924.24,Credit Card
3929,281,2024-06-27,4802.57,Debit Card
3930,281,2024-08-22,4294.46,Wallet
3931,281,2024-09-27,12771.77,Wallet
3932,281,2025-03-07,3188.48,Net Banking
3933,281,2025-03-25,774.52,Credit Card
3934,281,2025-04-26,4101.98,UPI
3935,281,2025-06-05,19799.12,Wallet
3936,281,2025-08-04,15711.06,Credit Card
3937,281,2025-10-21,13206.2,Wallet
3938,281,2025-12-21,5073.68,Wallet
3939,281,2025-12-27,833.67,UPI
3940,281,2025-12-30,13906.78,Debit Card
3941,282,2021-08-09,4587.49,Debit Card
3942,282,2021-09-29,7012.77,Wallet
3943,282,2022-05-07,436.43,Net Banking
3944,282,2022-05-31,7752.84,Net Banking
3945,282,2022-10-28,5867.73,Debit Card
3946,282,2023-12-28,2077.55,Wallet
3947,282,2025-01-19,9543.6,Credit Card
3948,283,2022-05-22,5728.49,UPI
3949,283,2022-06-02,10775.72,Debit Card
3950,283,2022-06-22,3624.1,Debit Card
3951,283,2022-08-09,5692.0,UPI
3952,283,2022-08-31,4831.2,Credit Card
3953,283,2022-09-14,11776.8,Wallet
3954,283,2022-09-25,5263.85,Debit Card
3955,283,2023-01-09,1784.67,Net Banking
3956,283,2023-01-12,8755.66,UPI
3957,283,2023-01-19,510.4,UPI
3958,283,2023-03-30,1050.12,UPI
3959,283,2023-07-10,1602.84,Wallet
3960,283,2023-07-27,1407.81,Wallet
3961,283,2023-09-05,3513.28,Wallet
3962,283,2023-09-24,13224.43,Debit Card
3963,283,2024-02-19,8924.01,Wallet
3964,283,2024-03-08,9997.18,Cash on Delivery
3965,283,2024-05-15,4555.03,Cash on Delivery
3966,283,2024-09-27,13275.4,Cash on Delivery
3967,283,2025-04-14,7993.26,Credit Card
3968,283,2025-05-15,1639.62,Wallet
3969,283,2025-05-22,6978.68,Debit Card
3970,283,2025-05-25,2752.6,Credit Card
3971,283,2025-06-14,2462.32,Net Banking
3972,283,2025-08-28,5683.3,UPI
3973,283,2025-09-05,7963.8,Net Banking
3974,283,2025-09-14,2320.0,UPI
3975,283,2025-09-15,7256.5,Wallet
3976,283,2025-11-10,8550.15,Debit Card
3977,283,2025-12-05,8476.79,Wallet
3978,283,2025-12-12,953.24,Credit Card
3979,284,2024-09-30,7635.04,Credit Card
3980,284,2024-11-30,208.32,Cash on Delivery
3981,284,2025-06-24,4802.78,Credit Card
3982,285,2022-09-23,248.94,Debit Card
3983,285,2023-02-19,3839.05,UPI
3984,285,2023-05-08,228.39,Credit Card
3985,285,2023-09-18,3048.26,Wallet
3986,285,2023-12-26,10811.91,Net Banking
3987,285,2024-07-26,1288.04,Wallet
3988,285,2024-08-12,13924.13,Net Banking
3989,285,2024-08-31,2078.43,Cash on Delivery
3990,285,2025-04-16,9402.72,Net Banking
3991,285,2025-07-05,9393.42,Cash on Delivery
3992,285,2025-10-04,3953.93,Debit Card
3993,285,2025-10-30,242.06,Wallet
3994,286,2024-09-05,1875.54,Cash on Delivery
3995,286,2025-02-13,7215.41,UPI
3996,286,2025-04-05,2689.95,Credit Card
3997,286,2025-11-12,6420.79,Cash on Delivery
3998,286,2025-11-30,11371.51,Credit Card
3999,286,2025-12-03,9179.82,Cash on Delivery
4000,286,2025-12-10,7191.09,Wallet
4001,287,2021-10-05,9763.48,Wallet
4002,287,2021-11-07,694.86,Debit Card
4003,287,2022-02-19,8933.95,Cash on Delivery
4004,287,2022-08-21,8000.8,Credit Card
4005,287,2022-09-05,7252.52,Debit Card
4006,287,2023-09-25,17711.75,Wallet
4007,287,2025-11-05,6889.9,Cash on Delivery
4008,288,2024-07-03,7585.42,UPI
4009,288,2024-09-02,2290.98,Wallet
4010,288,2025-01-03,14880.23,Debit Card
4011,288,2025-05-27,17495.51,Wallet
4012,288,2025-09-30,6666.84,Cash on Delivery
4013,288,2025-12-07,13687.1,Net Banking
4014,288,2025-12-10,4414.56,Cash on Delivery
4015,288,2025-12-28,928.61,UPI
4016,289,2025-10-03,2060.1,Cash on Delivery
4017,289,2025-12-23,990.02,Credit Card
4018,290,2019-09-05,15465.86,Cash on Delivery
4019,290,2019-11-06,11460.69,Wallet
4020,290,2019-12-15,2154.88,UPI
4021,290,2020-05-08,1766.7,UPI
4022,290,2020-07-19,9537.16,UPI
4023,290,2020-07-19,4070.04,Cash on Delivery
4024,290,2020-11-07,843.32,Credit Card
4025,290,2021-05-29,5840.5,Net Banking
4026,290,2021-08-13,4445.61,Wallet
4027,290,2021-10-05,1541.22,Credit Card
4028,290,2021-11-29,7099.54,UPI
4029,290,2022-05-28,5220.69,Wallet
4030,290,2022-07-04,7318.5,UPI
4031,290,2022-09-13,4616.18,Wallet
4032,290,2022-09-30,5565.74,Debit Card
4033,290,2022-11-10,4389.23,Credit Card
4034,290,2023-04-22,8179.19,UPI
4035,290,2023-05-17,5114.58,Credit Card
4036,290,2023-06-29,4476.44,Debit Card
4037,290,2023-10-28,2674.62,Credit Card
4038,290,2023-10-31,4306.86,UPI
4039,290,2024-01-17,1171.1,Wallet
4040,290,2024-08-13,1553.04,Credit Card
4041,290,2024-10-07,22076.71,Cash on Delivery
4042,290,2024-11-05,1695.84,Net Banking
4043,290,2024-12-20,3057.84,Credit Card
4044,290,2025-01-12,1938.46,Credit Card
4045,290,2025-02-07,4912.44,Net Banking
4046,290,2025-02-17,3836.4,Debit Card
4047,290,2025-02-23,13175.16,Wallet
4048,290,2025-06-14,2243.78,Credit Card
4049,290,2025-07-22,9153.99,Credit Card
4050,290,2025-11-25,2005.1,Net Banking
4051,291,2022-12-11,3087.63,Credit Card
4052,291,2022-12-24,6991.96,Wallet
4053,291,2023-04-03,6221.36,Net Banking
4054,291,2023-06-25,2613.3,Debit Card
4055,291,2023-07-04,5506.5,Cash on Delivery
4056,291,2023-07-31,16250.91,Net Banking
4057,291,2023-10-21,2220.72,Credit Card
4058,291,2023-12-25,6607.56,Wallet
4059,291,2024-01-22,17097.33,Debit Card
4060,291,2024-01-23,5886.61,Debit Card
4061,291,2024-03-15,6185.86,UPI
4062,291,2024-03-17,9142.74,Debit Card
4063,291,2024-03-18,3433.18,Debit Card
4064,291,2024-05-09,11162.44,Net Banking
4065,291,2024-06-05,5773.65,Debit Card
4066,291,2024-09-04,2227.93,UPI
4067,291,2025-05-05,4967.04,Credit Card
4068,291,2025-09-10,10399.18,Net Banking
4069,291,2025-09-17,772.29,UPI
4070,291,2025-12-18,2056.72,Wallet
4071,292,2024-01-26,5499.68,Debit Card
4072,292,2024-05-28,4298.01,Cash on Delivery
4073,292,2024-06-08,319.36,Net Banking
4074,292,2024-06-16,2111.47,Credit Card
4075,292,2024-07-06,3382.41,Debit Card
4076,292,2024-07-15,254.82,Credit Card
4077,292,2024-09-04,2608.88,UPI
4078,292,2024-11-21,3978.16,Wallet
4079,292,2024-11-25,7496.16,Debit Card
4080,292,2025-03-25,13348.33,Net Banking
4081,292,2025-04-08,246.62,Cash on Delivery
4082,292,2025-04-29,5177.01,Net Banking
4083,292,2025-05-08,12871.12,Cash on Delivery
4084,292,2025-05-22,7498.6,Net Banking
4085,292,2025-06-15,2729.76,UPI
4086,292,2025-07-29,1950.09,Debit Card
4087,292,2025-08-10,6626.05,Debit Card
4088,292,2025-08-13,5266.76,Debit Card
4089,292,2025-10-22,5225.38,Debit Card
4090,293,2022-10-05,14586.18,Cash on Delivery
4091,293,2022-10-25,746.56,UPI
4092,293,2022-11-23,2147.58,Cash on Delivery
4093,293,2022-12-12,6522.28,Cash on Delivery
4094,293,2023-01-18,2619.98,Credit Card
4095,293,2023-01-23,7216.83,Credit Card
4096,293,2023-02-05,18455.93,UPI
4097,293,2023-03-11,1020.64,Cash on Delivery
4098,293,2023-04-08,9530.48,Wallet
4099,293,2023-04-17,8253.14,Cash on Delivery
4100,293,2023-04-24,4464.88,Net Banking
4101,293,2023-05-12,3445.28,Debit Card
4102,293,2023-06-07,4440.02,Credit Card
4103,293,2023-06-10,13720.78,Wallet
4104,293,2023-06-14,6850.68,Cash on Delivery
4105,293,2023-08-01,7280.39,Net Banking
4106,293,2023-08-12,6357.74,Cash on Delivery
4107,293,2023-08-22,556.74,Wallet
4108,293,2023-09-13,3167.59,Net Banking
4109,293,2023-10-01,10465.02,Wallet
4110,293,2023-10-26,11190.5,Net Banking
4111,293,2023-11-04,8364.77,Net Banking
4112,293,2023-11-26,2345.28,Debit Card
4113,293,2024-01-29,13919.38,Net Banking
4114,293,2024-04-02,11709.96,Wallet
4115,293,2024-05-20,4776.36,Credit Card
4116,293,2024-06-09,6414.87,Credit Card
4117,293,2024-06-26,14136.69,Net Banking
4118,293,2024-08-08,8793.88,Net Banking
4119,293,2024-08-18,4555.6,Net Banking
4120,293,2024-10-17,12200.52,Debit Card
4121,293,2024-12-31,2810.31,Debit Card
4122,293,2025-01-05,8875.12,Wallet
4123,293,2025-01-19,2519.26,Wallet
4124,293,2025-04-22,11586.77,UPI
4125,293,2025-04-30,2836.64,Debit Card
4126,293,2025-05-11,11040.06,Credit Card
4127,293,2025-05-30,4087.86,Debit Card
4128,293,2025-06-25,12618.36,Net Banking
4129,293,2025-06-27,4749.78,Net Banking
4130,293,2025-07-17,13237.62,Net Banking
4131,293,2025-08-07,7293.04,Wallet
4132,293,2025-08-26,6948.7,Debit Card
4133,293,2025-09-18,4733.76,Net Banking
4134,293,2025-09-30,2604.49,Net Banking
4135,293,2025-10-06,13538.82,Cash on Delivery
4136,293,2025-11-27,9048.6,Debit Card
4137,293,2025-11-28,9692.7,Credit Card
4138,294,2025-10-19,4088.53,Debit Card
4139,295,2024-01-08,18869.48,Credit Card
4140,295,2024-01-18,5975.58,Debit Card
4141,295,2024-03-06,5850.71,Net Banking
4142,295,2024-04-07,3816.4,Net Banking
4143,295,2024-05-10,8951.77,UPI
4144,295,2024-08-09,1970.61,UPI
4145,295,2024-08-19,422.72,Net Banking
4146,295,2024-08-28,13586.59,Wallet
4147,295,2024-09-04,2130.3,Debit Card
4148,295,2024-10-23,10509.05,Wallet
4149,295,2024-10-29,8549.3,Credit Card
4150,295,2024-11-07,2911.51,Credit Card
4151,295,2024-11-24,9273.69,Wallet
4152,295,2024-11-24,10698.86,Cash on Delivery
4153,295,2024-12-04,7666.47,Debit Card
4154,295,2024-12-17,511.7,UPI
4155,295,2024-12-31,12651.71,Credit Card
4156,295,2025-01-05,220.0,Wallet
4157,295,2025-01-06,1639.38,Debit Card
4158,295,2025-01-26,8684.44,Wallet
4159,295,2025-02-14,810.26,UPI
4160,295,2025-03-03,1136.53,Credit Card
4161,295,2025-03-09,7877.6,Cash on Delivery
4162,295,2025-03-14,1862.78,Net Banking
4163,295,2025-03-15,9822.74,Cash on Delivery
4164,295,2025-03-18,6618.54,Wallet
4165,295,2025-04-30,1161.76,Net Banking
4166,295,2025-05-14,1135.41,Credit Card
4167,295,2025-07-19,964.16,Wallet
4168,295,2025-07-19,1730.5,UPI
4169,295,2025-08-09,2751.96,UPI
4170,295,2025-08-25,6335.07,UPI
4171,295,2025-09-15,10106.23,Wallet
4172,295,2025-10-30,6076.03,Cash on Delivery
4173,295,2025-11-15,12640.65,Debit Card
4174,295,2025-11-19,6623.78,Wallet
4175,295,2025-11-20,1160.12,Wallet
4176,295,2025-12-08,6529.08,UPI
4177,295,2025-12-28,8070.4,Wallet
4178,296,2025-01-20,803.7,Wallet
4179,296,2025-06-24,12471.79,UPI
4180,296,2025-11-20,1851.12,UPI
4181,296,2025-12-17,1952.14,Wallet
4182,297,2025-03-08,1538.58,UPI
4183,297,2025-07-01,838.49,Net Banking
4184,297,2025-07-04,6321.36,Debit Card
4185,297,2025-07-06,3176.78,UPI
4186,297,2025-11-13,1080.66,Cash on Delivery
4187,297,2025-12-07,4895.9,Credit Card
4188,298,2024-10-07,11898.28,Wallet
4189,298,2024-11-01,11303.4,UPI
4190,298,2024-11-29,9892.85,Credit Card
4191,298,2025-01-11,3998.7,Cash on Delivery
4192,298,2025-01-15,11692.59,Net Banking
4193,298,2025-02-14,15963.86,Credit Card
4194,298,2025-02-17,6157.72,Wallet
4195,298,2025-06-24,7987.34,UPI
4196,298,2025-07-15,3175.74,UPI
4197,298,2025-07-29,3465.92,Credit Card
4198,298,2025-08-11,324.78,Debit Card
4199,298,2025-08-13,9279.12,Wallet
4200,298,2025-08-25,2279.62,Wallet
4201,298,2025-09-04,5931.92,Cash on Delivery
4202,298,2025-09-16,8620.0,Cash on Delivery
4203,298,2025-10-24,1138.2,Debit Card
4204,298,2025-11-28,4409.94,Cash on Delivery
4205,299,2022-05-26,9336.54,Cash on Delivery
4206,299,2022-09-11,1018.0,Debit Card
4207,299,2022-09-13,2540.98,Wallet
4208,299,2022-10-02,9948.94,Debit Card
4209,299,2022-11-16,11229.34,Cash on Delivery
4210,299,2022-11-21,2752.02,Debit Card
4211,299,2022-11-26,1533.87,Wallet
4212,299,2022-12-21,3199.6,Debit Card
4213,299,2022-12-31,3041.7,Wallet
4214,299,2023-01-11,1145.66,Cash on Delivery
4215,299,2023-01-26,10671.4,Cash on Delivery
4216,299,2023-02-04,4735.85,Debit Card
4217,299,2023-03-18,9877.85,UPI
4218,299,2023-03-21,8069.68,UPI
4219,299,2023-04-25,6186.15,Wallet
4220,299,2023-05-09,19792.52,UPI
4221,299,2023-06-30,312.28,UPI
4222,299,2023-07-16,2621.16,Credit Card
4223,299,2023-07-23,3104.72,Debit Card
4224,299,2023-08-10,2557.65,UPI
4225,299,2023-09-03,4247.75,Debit Card
4226,299,2023-10-05,8756.71,Net Banking
4227,299,2023-11-03,2068.89,UPI
4228,299,2023-12-02,4991.5,Debit Card
4229,299,2023-12-18,175.7,Cash on Delivery
4230,299,2024-02-22,209.7,Credit Card
4231,299,2024-02-25,3161.62,Debit Card
4232,299,2024-03-01,10677.78,UPI
4233,299,2024-04-01,29444.51,Wallet
4234,299,2024-05-24,2705.98,Debit Card
4235,299,2024-05-29,529.44,UPI
4236,299,2024-06-04,3167.66,Debit Card
4237,299,2024-06-17,10707.14,Wallet
4238,299,2024-06-18,10878.9,Credit Card
4239,299,2024-06-25,8391.28,Credit Card
4240,299,2024-06-28,3468.24,Debit Card
4241,299,2024-10-06,6337.8,Credit Card
4242,299,2024-10-23,3858.36,Debit Card
4243,299,2024-11-11,3048.08,Cash on Delivery
4244,299,2025-01-19,4951.24,Credit Card
4245,299,2025-01-31,1062.04,Debit Card
4246,299,2025-02-26,6716.92,Debit Card
4247,299,2025-03-04,15060.01,Credit Card
4248,299,2025-03-30,1568.98,Wallet
4249,299,2025-05-06,783.68,UPI
4250,299,2025-07-18,13191.6,Credit Card
4251,299,2025-08-05,4313.56,Net Banking
4252,299,2025-09-21,11622.21,Cash on Delivery
4253,300,2023-04-07,6085.36,Net Banking
4254,300,2023-04-23,791.8,UPI
4255,300,2023-04-26,1060.49,Debit Card
4256,300,2023-06-13,6112.66,UPI
4257,300,2023-06-19,4497.1,Wallet
4258,300,2023-07-24,11371.96,Debit Card
4259,300,2023-09-17,12079.26,Wallet
4260,300,2023-09-21,3659.66,Net Banking
4261,300,2023-09-26,8431.74,UPI
4262,300,2023-10-28,1700.74,Net Banking
4263,300,2023-11-05,7741.72,Net Banking
4264,300,2023-12-29,6188.91,UPI
4265,300,2024-02-07,3433.47,Debit Card
4266,300,2024-04-11,1719.72,Net Banking
4267,300,2024-04-26,1765.77,Cash on Delivery
4268,300,2024-05-31,3960.26,Wallet
4269,300,2024-06-25,11937.86,Credit Card
4270,300,2024-07-03,5745.05,Wallet
4271,300,2024-07-27,4711.76,Cash on Delivery
4272,300,2024-08-08,448.76,Cash on Delivery
4273,300,2024-09-11,10183.12,UPI
4274,300,2024-12-15,7122.2,Net Banking
4275,300,2024-12-15,7927.83,Debit Card
4276,300,2024-12-16,7609.87,Net Banking
4277,300,2024-12-28,14536.52,UPI
4278,300,2025-01-01,4197.05,Wallet
4279,300,2025-03-06,10457.35,Cash on Delivery
4280,300,2025-04-11,6650.76,Cash on Delivery
4281,300,2025-05-24,10056.42,UPI
4282,300,2025-06-14,9737.44,Debit Card
4283,300,2025-06-24,6402.27,Cash on Delivery
4284,300,2025-08-23,2386.17,Credit Card
4285,300,2025-09-11,1984.9,UPI
4286,300,2025-09-28,11946.39,Wallet
4287,300,2025-10-08,5708.04,Credit Card
4288,300,2025-11-20,8724.97,Net Banking
4289,300,2025-12-31,10350.79,Wallet
4290,301,2023-09-10,8079.2,Credit Card
4291,301,2023-10-06,11479.95,Net Banking
4292,301,2023-11-19,2790.56,Wallet
4293,301,2024-03-06,1943.67,UPI
4294,301,2024-09-07,1248.68,Wallet
4295,301,2024-10-08,4364.8,Net Banking
4296,301,2024-11-23,8174.68,UPI
4297,301,2025-02-17,11306.0,Wallet
4298,301,2025-03-09,23141.41,Debit Card
4299,301,2025-08-12,11643.84,Net Banking
4300,301,2025-08-23,9171.0,Debit Card
4301,302,2024-06-05,4594.7,Cash on Delivery
4302,302,2024-09-24,4037.56,UPI
4303,303,2024-08-12,9265.75,Net Banking
4304,303,2024-08-28,254.44,Net Banking
4305,303,2024-10-22,6231.9,Debit Card
4306,303,2025-06-04,8849.0,Credit Card
4307,304,2024-04-21,4747.9,Net Banking
4308,304,2024-10-19,3062.76,Net Banking
4309,304,2025-02-04,7158.52,Net Banking
4310,304,2025-06-06,10817.7,Net Banking
4311,305,2023-09-18,8595.56,Credit Card
4312,305,2024-01-28,6340.54,Debit Card
4313,305,2024-02-19,1104.21,Wallet
4314,305,2024-09-16,7108.74,Credit Card
4315,305,2024-11-27,9797.48,Cash on Delivery
4316,305,2024-12-22,3880.66,UPI
4317,305,2025-01-15,5842.75,Net Banking
4318,305,2025-04-21,5846.76,Debit Card
4319,305,2025-07-16,6702.75,UPI
4320,305,2025-09-27,12050.16,Cash on Delivery
4321,305,2025-11-25,6298.5,Credit Card
4322,305,2025-12-17,6785.91,Credit Card
4323,306,2022-11-25,6224.69,Net Banking
4324,306,2023-01-31,5536.67,Cash on Delivery
4325,306,2023-03-04,12790.24,Cash on Delivery
4326,306,2023-04-23,1767.55,Credit Card
4327,306,2023-12-28,4112.62,Debit Card
4328,306,2024-03-10,9098.88,Credit Card
4329,306,2024-06-27,3132.08,Cash on Delivery
4330,306,2025-01-05,7251.73,Wallet
4331,306,2025-01-29,1249.2,Debit Card
4332,306,2025-05-26,5704.44,Wallet
4333,306,2025-07-05,10328.61,Debit Card
4334,306,2025-11-02,7626.82,Net Banking
4335,306,2025-11-21,5310.03,Debit Card
4336,306,2025-12-05,3078.86,Credit Card
4337,307,2023-07-01,3282.81,UPI
4338,307,2023-07-13,1460.47,Debit Card
4339,307,2023-07-20,1524.99,UPI
4340,307,2023-11-06,3864.68,Wallet
4341,307,2024-01-25,8162.14,Net Banking
4342,307,2024-05-11,1355.01,Debit Card
4343,307,2024-06-11,2975.24,Cash on Delivery
4344,307,2024-06-17,9071.16,Credit Card
4345,307,2024-07-23,5037.29,Net Banking
4346,307,2024-08-16,2245.08,Credit Card
4347,307,2024-09-01,8208.05,Cash on Delivery
4348,307,2024-10-23,3068.1,Debit Card
4349,307,2025-03-17,10233.31,Credit Card
4350,307,2025-04-30,10932.32,Wallet
4351,307,2025-07-05,6316.31,Credit Card
4352,307,2025-08-26,14980.1,Cash on Delivery
4353,307,2025-09-20,5962.34,Net Banking
4354,307,2025-12-22,8016.85,Wallet
4355,308,2023-11-08,2958.66,Wallet
4356,308,2023-11-23,3715.72,Net Banking
4357,308,2024-02-24,8129.0,Debit Card
4358,308,2024-02-28,5929.11,Debit Card
4359,308,2024-06-18,9454.51,Net Banking
4360,308,2024-09-15,10063.01,Debit Card
4361,308,2024-10-07,5648.07,Net Banking
4362,308,2024-10-08,6126.16,Wallet
4363,308,2024-11-28,1951.29,Debit Card
4364,308,2024-12-12,758.04,Cash on Delivery
4365,308,2024-12-28,9473.9,Cash on Delivery
4366,308,2025-04-12,1839.37,Cash on Delivery
4367,308,2025-04-26,7953.47,Net Banking
4368,308,2025-04-30,5174.05,Cash on Delivery
4369,308,2025-05-28,7395.16,Net Banking
4370,308,2025-07-01,5360.3,Net Banking
4371,309,2024-02-14,4270.8,Debit Card
4372,309,2024-10-03,3075.75,Cash on Delivery
4373,309,2024-12-17,9825.73,Credit Card
4374,310,2022-04-26,2035.76,Wallet
4375,310,2023-01-27,7528.93,Cash on Delivery
4376,310,2023-02-09,5605.07,Credit Card
4377,310,2023-02-22,6676.11,Wallet
4378,310,2023-03-04,5596.49,Credit Card
4379,310,2023-04-10,5348.08,Cash on Delivery
4380,310,2023-05-14,7657.05,Wallet
4381,310,2023-10-17,4188.15,Cash on Delivery
4382,310,2023-11-16,5463.6,UPI
4383,310,2023-12-13,5392.24,Wallet
4384,310,2024-01-09,5080.02,Credit Card
4385,310,2024-01-24,7650.84,Wallet
4386,310,2024-02-13,2733.85,Debit Card
4387,310,2024-02-15,8305.94,Debit Card
4388,310,2024-04-28,8041.04,Wallet
4389,310,2024-10-03,10896.29,Net Banking
4390,310,2025-01-06,3056.86,Cash on Delivery
4391,310,2025-04-01,17985.93,Wallet
4392,310,2025-05-29,2591.07,Debit Card
4393,311,2024-02-01,7287.81,Credit Card
4394,311,2024-03-26,4459.76,Cash on Delivery
4395,311,2024-06-30,7618.71,UPI
4396,311,2024-07-03,14198.49,Credit Card
4397,311,2024-07-09,21637.09,UPI
4398,311,2024-07-11,4763.96,Credit Card
4399,311,2024-07-15,23045.26,Net Banking
4400,311,2024-08-13,7806.56,Debit Card
4401,311,2024-08-28,3140.98,Credit Card
4402,311,2024-09-01,5696.81,UPI
4403,311,2024-09-09,11670.55,UPI
4404,311,2024-09-21,8375.48,Cash on Delivery
4405,311,2024-10-08,5796.31,UPI
4406,311,2024-11-11,17868.58,Wallet
4407,311,2024-11-28,14985.46,Net Banking
4408,311,2024-12-09,3912.92,Credit Card
4409,311,2024-12-15,7154.38,Wallet
4410,311,2025-01-10,2423.52,Cash on Delivery
4411,311,2025-02-20,8766.65,UPI
4412,311,2025-02-22,3763.51,Net Banking
4413,311,2025-02-23,943.26,Wallet
4414,311,2025-03-24,12415.93,Credit Card
4415,311,2025-04-29,2941.68,Debit Card
4416,311,2025-05-31,2848.96,UPI
4417,311,2025-07-26,12724.66,Cash on Delivery
4418,311,2025-09-19,6934.98,Debit Card
4419,311,2025-09-24,14208.5,UPI
4420,311,2025-09-30,6326.94,Debit Card
4421,311,2025-10-24,13435.97,Debit Card
4422,311,2025-11-08,2042.82,Net Banking
4423,311,2025-11-13,7171.34,Net Banking
4424,311,2025-11-22,5332.46,UPI
4425,311,2025-12-03,1512.36,Debit Card
4426,311,2025-12-06,8420.76,Wallet
4427,311,2025-12-07,3340.71,Net Banking
4428,312,2025-05-06,4594.78,Wallet
4429,312,2025-08-22,7594.8,Credit Card
4430,312,2025-11-28,12861.47,Wallet
4431,313,2022-12-20,13087.08,Cash on Delivery
4432,313,2023-01-03,2102.18,Cash on Delivery
4433,313,2023-02-28,739.32,UPI
4434,313,2023-07-15,1367.04,Debit Card
4435,313,2023-10-08,9259.92,Cash on Delivery
4436,313,2024-04-14,9994.99,Debit Card
4437,313,2024-10-01,2760.7,Cash on Delivery
4438,313,2024-10-29,2731.77,Wallet
4439,313,2025-01-01,6249.1,UPI
4440,313,2025-03-20,868.66,Wallet
4441,313,2025-10-17,8477.8,Debit Card
4442,314,2022-02-23,2207.13,Cash on Delivery
4443,314,2022-06-07,7408.52,Net Banking
4444,314,2022-12-18,7432.95,Cash on Delivery
4445,314,2023-01-01,20136.87,Credit Card
4446,314,2023-02-25,5554.76,Cash on Delivery
4447,314,2023-07-31,11169.92,Cash on Delivery
4448,314,2023-08-28,4328.06,Debit Card
4449,314,2024-03-13,6948.96,Cash on Delivery
4450,314,2024-06-30,6801.13,UPI
4451,314,2024-07-05,9245.01,Debit Card
4452,314,2024-10-10,5540.76,Net Banking
4453,314,2025-03-20,6380.46,Cash on Delivery
4454,314,2025-08-03,10598.64,Net Banking
4455,315,2022-02-17,3439.85,Wallet
4456,315,2022-06-15,5686.92,Net Banking
4457,315,2022-12-03,7497.65,Credit Card
4458,315,2023-04-29,7986.11,Net Banking
4459,315,2023-06-17,5073.98,Wallet
4460,315,2023-11-24,8293.65,UPI
4461,315,2024-01-11,695.9,Debit Card
4462,315,2024-04-25,716.22,Cash on Delivery
4463,315,2024-05-07,4562.77,UPI
4464,315,2024-07-02,4662.57,Net Banking
4465,315,2024-11-04,11766.77,Credit Card
4466,315,2025-05-21,1190.79,Debit Card
4467,315,2025-07-25,7847.74,Credit Card
4468,315,2025-08-20,4965.45,Cash on Delivery
4469,316,2022-07-31,2108.41,Cash on Delivery
4470,316,2022-08-30,8604.02,Net Banking
4471,316,2023-01-31,14143.98,Net Banking
4472,316,2023-05-11,1135.48,UPI
4473,316,2023-05-16,8326.35,Debit Card
4474,316,2023-06-04,6472.23,Cash on Delivery
4475,316,2023-06-09,5727.81,Wallet
4476,316,2023-06-11,1637.73,Net Banking
4477,316,2023-08-05,5970.92,Credit Card
4478,316,2024-01-20,5544.96,Credit Card
4479,316,2024-02-10,1242.19,Cash on Delivery
4480,316,2024-03-30,446.8,Wallet
4481,316,2024-11-20,16468.68,Credit Card
4482,316,2024-11-20,1741.62,Net Banking
4483,316,2025-01-17,1491.84,Credit Card
4484,316,2025-01-25,9994.12,UPI
4485,316,2025-02-22,9059.01,Net Banking
4486,316,2025-06-11,4155.28,Wallet
4487,316,2025-06-28,2930.24,Credit Card
4488,316,2025-09-23,3710.19,Debit Card
4489,316,2025-10-21,10121.18,Cash on Delivery
4490,316,2025-12-11,1616.45,Cash on Delivery
4491,317,2022-12-22,4930.14,Wallet
4492,317,2023-02-23,2664.3,UPI
4493,317,2023-06-09,14747.17,Wallet
4494,317,2023-06-10,8148.08,UPI
4495,317,2023-10-16,3687.5,Debit Card
4496,317,2023-11-27,3191.54,Credit Card
4497,317,2024-09-08,1214.2,Cash on Delivery
4498,317,2025-04-30,7549.2,UPI
4499,317,2025-06-21,9183.01,Credit Card
4500,317,2025-08-31,8158.28,Credit Card
4501,318,2025-02-15,5513.08,Net Banking
4502,318,2025-04-01,16968.62,Cash on Delivery
4503,318,2025-05-10,3133.19,Credit Card
4504,318,2025-06-07,5519.36,Credit Card
4505,318,2025-07-16,2704.86,Debit Card
4506,318,2025-10-31,4145.67,Net Banking
4507,318,2025-12-10,4160.28,Wallet
4508,319,2025-02-23,3111.84,Cash on Delivery
4509,319,2025-05-13,3759.85,Debit Card
4510,319,2025-07-17,3153.4,Net Banking
4511,319,2025-10-16,6118.94,Credit Card
4512,320,2023-04-28,12911.74,Wallet
4513,320,2023-05-07,9524.62,UPI
4514,320,2023-06-24,2333.17,Net Banking
4515,320,2023-07-23,10309.91,Credit Card
4516,320,2023-08-13,7347.66,Credit Card
4517,320,2023-08-13,498.64,Wallet
4518,320,2023-09-17,1245.35,Wallet
4519,320,2023-09-26,2519.08,Credit Card
4520,320,2023-10-15,3261.07,UPI
4521,320,2023-10-20,5873.1,Credit Card
4522,320,2023-11-24,7284.96,Cash on Delivery
4523,320,2023-11-27,9212.67,Cash on Delivery
4524,320,2023-11-29,6396.0,Net Banking
4525,320,2023-12-10,8939.75,UPI
4526,320,2023-12-10,2805.84,UPI
4527,320,2024-01-02,12211.55,Credit Card
4528,320,2024-01-23,1812.66,Credit Card
4529,320,2024-04-12,13717.5,Cash on Delivery
4530,320,2024-06-04,4175.29,Credit Card
4531,320,2024-09-10,2734.3,Cash on Delivery
4532,320,2025-05-10,7091.57,Net Banking
4533,320,2025-05-25,14746.87,Credit Card
4534,320,2025-07-06,10780.96,Wallet
4535,320,2025-07-30,856.38,Net Banking
4536,320,2025-08-21,8536.76,Net Banking
4537,321,2024-11-15,9489.96,Credit Card
4538,321,2025-08-05,9047.8,Cash on Delivery
4539,321,2025-12-08,2120.76,Credit Card
4540,322,2022-10-28,4788.38,Net Banking
4541,322,2023-01-16,17053.05,Net Banking
4542,322,2023-01-26,6551.39,Cash on Delivery
4543,322,2023-03-11,842.22,Debit Card
4544,322,2023-03-23,789.39,Net Banking
4545,322,2023-04-28,18006.99,UPI
4546,322,2023-05-13,3410.18,Wallet
4547,322,2023-05-23,10124.28,Net Banking
4548,322,2023-08-14,3648.07,Debit Card
4549,322,2023-08-31,6698.05,UPI
4550,322,2023-09-17,8819.08,Debit Card
4551,322,2023-10-14,6455.92,Net Banking
4552,322,2023-12-23,12046.08,UPI
4553,322,2024-02-14,458.33,Debit Card
4554,322,2024-05-28,4344.48,Net Banking
4555,322,2024-06-13,2062.0,Wallet
4556,322,2024-08-07,250.59,Credit Card
4557,322,2024-10-31,8341.62,Credit Card
4558,322,2024-11-16,17945.62,UPI
4559,322,2024-12-23,11388.13,Wallet
4560,322,2025-01-19,5955.98,Net Banking
4561,322,2025-02-13,3920.02,Net Banking
4562,322,2025-02-14,13034.64,Credit Card
4563,322,2025-03-18,14194.3,Debit Card
4564,322,2025-03-19,8250.99,Credit Card
4565,322,2025-04-05,15076.29,UPI
4566,322,2025-04-25,1783.54,Wallet
4567,322,2025-06-23,1214.76,Debit Card
4568,322,2025-07-11,863.63,UPI
4569,322,2025-08-29,11728.92,Wallet
4570,322,2025-11-16,1029.26,Cash on Delivery
4571,322,2025-11-25,9911.22,Net Banking
4572,323,2022-11-07,3220.96,Net Banking
4573,323,2023-01-16,2616.24,Cash on Delivery
4574,323,2023-02-24,7621.57,Credit Card
4575,323,2023-03-26,4017.02,Debit Card
4576,323,2023-04-29,9648.3,Cash on Delivery
4577,323,2023-11-16,2944.25,UPI
4578,323,2024-03-26,10082.08,Credit Card
4579,323,2024-08-06,3883.59,UPI
4580,323,2025-05-21,4871.28,Debit Card
4581,323,2025-06-07,7883.52,Net Banking
4582,323,2025-12-10,4496.0,Debit Card
4583,324,2022-03-20,8777.39,Net Banking
4584,324,2022-04-20,5275.6,Debit Card
4585,324,2023-02-11,11581.66,Credit Card
4586,324,2023-05-12,4718.88,Cash on Delivery
4587,324,2023-09-23,3489.92,Net Banking
4588,324,2023-11-24,10502.12,Wallet
4589,324,2023-12-18,11571.21,Credit Card
4590,324,2024-04-07,637.53,UPI
4591,324,2024-06-11,5485.9,Debit Card
4592,324,2024-07-28,5415.21,Debit Card
4593,324,2024-11-12,4783.1,Wallet
4594,324,2024-11-18,6770.8,Cash on Delivery
4595,324,2024-12-23,10763.86,Debit Card
4596,324,2025-01-16,14406.43,Credit Card
4597,324,2025-04-20,6714.66,Debit Card
4598,324,2025-11-18,6774.99,Debit Card
4599,324,2025-12-30,3232.86,Wallet
4600,325,2025-01-26,1030.52,UPI
4601,325,2025-03-06,17987.14,Wallet
4602,325,2025-03-06,9294.5,UPI
4603,325,2025-04-18,15953.02,UPI
4604,325,2025-06-12,4693.72,UPI
4605,325,2025-07-25,3477.48,Cash on Delivery
4606,325,2025-07-28,7402.46,Net Banking
4607,325,2025-08-05,8131.84,UPI
4608,325,2025-08-20,9902.37,UPI
4609,325,2025-10-16,4447.44,Cash on Delivery
4610,325,2025-10-18,7261.05,UPI
4611,326,2023-04-23,1677.76,Cash on Delivery
4612,326,2023-06-10,6678.09,Cash on Delivery
4613,326,2023-09-03,9873.22,Cash on Delivery
4614,326,2024-08-28,10534.04,UPI
4615,326,2024-09-26,2992.82,Debit Card
4616,326,2025-03-13,1308.57,Net Banking
4617,326,2025-08-17,5524.51,Net Banking
4618,326,2025-10-10,6923.89,Debit Card
4619,327,2025-11-16,9418.83,Net Banking
4620,327,2025-12-21,12073.16,Wallet
4621,328,2024-01-07,21629.72,Debit Card
4622,328,2024-01-10,3311.22,Credit Card
4623,328,2024-03-26,4843.82,Debit Card
4624,328,2024-04-05,4317.03,Credit Card
4625,328,2024-04-09,10805.3,Wallet
4626,328,2024-04-21,138.65,Net Banking
4627,328,2024-08-31,2525.88,UPI
4628,328,2024-09-10,10979.41,UPI
4629,328,2025-03-13,3304.02,UPI
4630,328,2025-04-13,8870.57,Cash on Delivery
4631,328,2025-06-02,4501.74,Wallet
4632,328,2025-07-11,1984.31,UPI
4633,328,2025-08-16,9453.39,Wallet
4634,328,2025-10-04,5600.06,Net Banking
4635,328,2025-10-28,883.06,Wallet
4636,328,2025-12-03,665.63,Credit Card
4637,328,2025-12-21,5328.55,Net Banking
4638,329,2022-01-22,6897.96,Credit Card
4639,329,2022-02-10,1547.04,Net Banking
4640,329,2022-03-06,357.68,UPI
4641,329,2022-10-14,11622.64,UPI
4642,329,2023-01-21,4723.73,Wallet
4643,329,2023-02-16,5831.42,Wallet
4644,329,2023-02-23,4765.64,Net Banking
4645,329,2023-02-27,11634.27,Wallet
4646,329,2023-04-21,5664.36,UPI
4647,329,2023-05-06,15955.06,Debit Card
4648,329,2023-10-01,478.9,Debit Card
4649,329,2023-10-12,2672.83,UPI
4650,329,2023-10-29,9793.3,Cash on Delivery
4651,329,2023-11-12,3324.93,Debit Card
4652,329,2024-01-01,7681.63,UPI
4653,329,2024-02-13,12480.68,Credit Card
4654,329,2024-07-15,6905.89,Credit Card
4655,329,2025-02-23,15024.9,Wallet
4656,329,2025-03-17,9858.8,UPI
4657,330,2025-01-01,4980.43,UPI
4658,331,2023-11-16,1001.19,Credit Card
4659,331,2023-11-29,6111.66,Credit Card
4660,331,2024-01-01,11824.3,Wallet
4661,331,2024-01-10,5971.82,Cash on Delivery
4662,331,2024-01-27,4968.7,Debit Card
4663,331,2024-02-19,13708.5,Debit Card
4664,331,2024-04-12,2608.58,UPI
4665,331,2024-04-20,201.69,Net Banking
4666,331,2024-05-16,4800.97,Cash on Delivery
4667,331,2024-06-15,7025.73,Cash on Delivery
4668,331,2024-06-21,377.44,UPI
4669,331,2024-08-30,8211.85,Credit Card
4670,331,2024-09-14,2768.94,Credit Card
4671,331,2024-12-01,5429.91,Debit Card
4672,331,2025-01-01,699.9,Wallet
4673,331,2025-01-17,1910.08,Wallet
4674,331,2025-01-27,3670.48,Credit Card
4675,331,2025-02-11,11724.46,Cash on Delivery
4676,331,2025-05-28,3136.67,Cash on Delivery
4677,331,2025-06-19,2274.98,Net Banking
4678,331,2025-08-07,2723.88,Wallet
4679,331,2025-08-17,13627.2,Debit Card
4680,331,2025-09-18,3390.72,Wallet
4681,331,2025-10-06,5471.87,Debit Card
4682,331,2025-10-11,3051.78,Cash on Delivery
4683,331,2025-11-06,2455.6,Net Banking
4684,331,2025-11-13,9501.27,Wallet
4685,331,2025-11-16,11117.99,Wallet
4686,331,2025-12-01,710.24,Credit Card
4687,332,2025-08-12,4970.64,Wallet
4688,333,2024-01-09,3384.78,Wallet
4689,333,2024-02-22,14163.33,Credit Card
4690,333,2025-07-13,8159.78,UPI
4691,333,2025-10-25,7521.92,Credit Card
4692,334,2020-08-05,15869.9,Net Banking
4693,334,2022-07-27,12529.51,Wallet
4694,334,2023-03-02,13315.69,Debit Card
4695,334,2023-03-04,5366.38,Net Banking
4696,334,2023-08-01,5586.05,Net Banking
4697,334,2023-08-19,2267.88,Credit Card
4698,334,2023-12-10,5670.44,Net Banking
4699,334,2024-04-20,5974.32,UPI
4700,334,2024-09-20,4918.36,Cash on Delivery
4701,334,2024-11-22,5287.82,UPI
4702,334,2025-06-10,6644.65,Debit Card
4703,335,2025-10-31,4984.43,Cash on Delivery
4704,335,2025-12-10,3035.65,Net Banking
4705,336,2024-03-23,17107.71,Net Banking
4706,336,2024-04-22,399.52,Cash on Delivery
4707,336,2024-05-26,7922.49,Credit Card
4708,336,2024-08-04,2590.84,Wallet
4709,336,2024-09-02,8074.35,UPI
4710,336,2024-09-21,3607.66,Debit Card
4711,336,2024-10-08,2278.33,Net Banking
4712,336,2024-10-15,3164.34,Wallet
4713,336,2024-11-25,11224.68,Net Banking
4714,336,2025-04-03,12971.7,Wallet
4715,336,2025-08-13,4072.26,Debit Card
4716,336,2025-08-17,9305.6,UPI
4717,337,2022-07-21,7160.2,Cash on Delivery
4718,337,2022-09-03,7688.82,Cash on Delivery
4719,337,2022-09-17,1598.06,Credit Card
4720,337,2022-09-20,1186.02,Wallet
4721,337,2022-11-11,7074.16,Cash on Delivery
4722,337,2023-01-22,2029.47,Wallet
4723,337,2023-03-13,9450.77,Wallet
4724,337,2023-03-18,2936.25,Credit Card
4725,337,2023-04-02,7527.44,Net Banking
4726,337,2023-05-06,2847.9,UPI
4727,337,2023-06-12,2398.55,Debit Card
4728,337,2023-07-31,10229.71,Net Banking
4729,337,2023-08-17,1741.86,Debit Card
4730,337,2023-12-28,12858.05,UPI
4731,337,2023-12-31,643.1,Debit Card
4732,337,2024-07-19,11482.38,Credit Card
4733,337,2024-08-09,7623.49,UPI
4734,337,2024-11-12,4811.24,Credit Card
4735,337,2025-01-07,9110.24,Credit Card
4736,337,2025-02-27,847.8,Net Banking
4737,337,2025-03-16,12833.36,Cash on Delivery
4738,337,2025-03-22,5595.72,Net Banking
4739,337,2025-05-08,6975.45,Cash on Delivery
4740,337,2025-05-22,10411.43,Wallet
4741,337,2025-07-17,5193.36,Credit Card
4742,337,2025-10-21,7301.68,Net Banking
4743,337,2025-12-14,9741.36,Debit Card
4744,338,2021-12-02,8682.23,UPI
4745,338,2021-12-29,496.6,Debit Card
4746,338,2022-03-30,8716.46,Credit Card
4747,338,2022-08-11,5216.42,Debit Card
4748,338,2022-08-12,3192.09,Net Banking
4749,338,2022-08-20,12782.12,Wallet
4750,338,2022-09-01,7114.12,Credit Card
4751,338,2022-12-26,9123.08,Debit Card
4752,338,2023-01-30,2532.06,Net Banking
4753,338,2023-02-22,4484.89,UPI
4754,338,2023-10-07,1487.88,Cash on Delivery
4755,338,2023-11-12,7972.94,Net Banking
4756,338,2024-01-07,8754.64,UPI
4757,338,2024-10-04,7326.66,Cash on Delivery
4758,338,2024-11-26,15767.1,Cash on Delivery
4759,338,2024-12-25,12963.0,Cash on Delivery
4760,338,2024-12-27,13840.71,Cash on Delivery
4761,338,2025-03-25,725.16,UPI
4762,338,2025-04-20,4446.54,Credit Card
4763,338,2025-09-30,3169.6,Wallet
4764,338,2025-10-10,6012.33,Wallet
4765,338,2025-12-12,20571.43,Debit Card
4766,339,2022-11-19,4024.02,Debit Card
4767,339,2023-04-11,3291.08,Debit Card
4768,339,2023-08-03,3119.68,Cash on Delivery
4769,339,2023-08-07,326.58,Cash on Delivery
4770,339,2023-12-04,1787.19,Credit Card
4771,339,2024-01-08,4851.55,Wallet
4772,339,2024-03-28,1916.67,Net Banking
4773,339,2024-05-17,1434.14,Net Banking
4774,339,2024-07-18,1903.84,Net Banking
4775,339,2024-10-02,13497.89,Net Banking
4776,339,2024-11-30,3369.0,Wallet
4777,339,2024-12-03,1323.92,Credit Card
4778,339,2025-01-19,2801.4,Net Banking
4779,339,2025-02-02,7483.36,UPI
4780,339,2025-02-09,4376.8,Credit Card
4781,339,2025-07-24,4476.32,Debit Card
4782,339,2025-10-17,8349.68,Net Banking
4783,339,2025-10-19,2378.73,Net Banking
4784,339,2025-10-30,4374.13,UPI
4785,339,2025-11-10,12477.68,Credit Card
4786,340,2022-04-04,4468.5,Wallet
4787,340,2022-05-27,1660.96,Credit Card
4788,340,2022-05-28,4095.06,Credit Card
4789,340,2022-06-20,577.04,Cash on Delivery
4790,340,2022-09-13,5119.74,Credit Card
4791,340,2022-11-26,3220.84,Credit Card
4792,340,2023-02-04,9466.47,Credit Card
4793,340,2023-04-24,5528.28,UPI
4794,340,2023-06-14,4243.2,UPI
4795,340,2023-07-01,16567.62,Cash on Delivery
4796,340,2023-07-09,5546.18,Wallet
4797,340,2023-08-17,4605.01,Credit Card
4798,340,2023-10-25,9074.93,Wallet
4799,340,2023-12-28,1023.21,Debit Card
4800,340,2024-02-12,12194.59,Debit Card
4801,340,2024-02-14,3589.57,Debit Card
4802,340,2024-03-05,4587.12,Wallet
4803,340,2024-04-14,6686.5,Wallet
4804,340,2024-07-11,2205.72,Net Banking
4805,340,2024-07-27,10135.91,Wallet
4806,340,2024-11-03,7728.06,Debit Card
4807,340,2025-01-01,1836.27,Net Banking
4808,340,2025-04-17,5591.13,Wallet
4809,340,2025-05-10,8196.57,Cash on Delivery
4810,340,2025-10-14,208.6,Cash on Delivery
4811,340,2025-10-27,2954.4,Credit Card
4812,340,2025-12-20,14912.43,Credit Card
4813,341,2024-10-26,14323.94,UPI
4814,341,2024-10-27,6830.7,Net Banking
4815,341,2024-12-22,2742.68,Debit Card
4816,341,2024-12-24,2295.87,Wallet
4817,341,2025-01-06,4556.58,UPI
4818,341,2025-02-08,4824.99,UPI
4819,341,2025-02-14,2698.53,Net Banking
4820,341,2025-05-07,6416.96,Net Banking
4821,341,2025-07-10,5981.13,Net Banking
4822,341,2025-07-14,1656.04,Cash on Delivery
4823,341,2025-08-03,9426.9,Net Banking
4824,341,2025-10-19,2449.6,Credit Card
4825,341,2025-12-15,3258.73,UPI
4826,342,2023-04-09,509.41,Debit Card
4827,342,2023-07-08,13138.02,UPI
4828,342,2023-10-06,14374.89,Credit Card
4829,342,2023-12-04,1370.26,Wallet
4830,342,2023-12-21,1391.23,Wallet
4831,342,2024-02-27,12628.69,Net Banking
4832,342,2024-04-10,2822.97,Net Banking
4833,342,2024-04-23,1978.08,Wallet
4834,342,2024-05-26,401.37,Wallet
4835,342,2024-08-11,9757.83,UPI
4836,342,2024-08-27,6960.52,Net Banking
4837,342,2025-03-01,7789.46,Debit Card
4838,342,2025-03-05,8805.16,Credit Card
4839,342,2025-07-18,10800.21,UPI
4840,342,2025-11-24,2933.26,Wallet
4841,343,2024-05-14,11535.79,Wallet
4842,343,2024-07-20,5002.63,UPI
4843,344,2024-12-23,2121.36,UPI
4844,344,2025-03-26,6817.66,Cash on Delivery
4845,344,2025-04-08,7765.05,Credit Card
4846,344,2025-05-08,333.3,Wallet
4847,344,2025-05-17,1059.15,Wallet
4848,344,2025-06-30,6979.92,Net Banking
4849,344,2025-07-23,3488.73,Net Banking
4850,344,2025-08-01,12021.76,Credit Card
4851,344,2025-09-24,6096.54,UPI
4852,344,2025-12-25,1829.0,Net Banking
4853,345,2023-11-29,13095.55,Debit Card
4854,345,2023-12-10,9363.42,Credit Card
4855,345,2023-12-10,3102.42,Credit Card
4856,345,2023-12-30,367.38,Debit Card
4857,345,2024-02-19,13290.52,Net Banking
4858,345,2024-03-04,622.05,Credit Card
4859,345,2024-05-11,12461.72,Debit Card
4860,345,2024-05-30,554.79,Wallet
4861,345,2024-08-27,4445.97,Wallet
4862,345,2024-09-14,3647.93,Wallet
4863,345,2024-10-31,690.78,Credit Card
4864,345,2025-01-01,1433.19,Wallet
4865,345,2025-01-27,10128.2,Debit Card
4866,345,2025-02-11,6274.14,Cash on Delivery
4867,345,2025-05-17,5599.2,Wallet
4868,345,2025-06-24,4297.46,Credit Card
4869,346,2024-09-19,7602.0,Net Banking
4870,346,2024-11-01,5811.56,Wallet
4871,346,2024-12-10,24106.82,Debit Card
4872,346,2024-12-16,7819.0,Wallet
4873,346,2025-01-04,12461.02,Wallet
4874,346,2025-01-11,2768.51,Cash on Delivery
4875,346,2025-02-14,1646.11,Credit Card
4876,346,2025-02-18,6720.18,Wallet
4877,346,2025-05-03,11022.61,UPI
4878,346,2025-05-11,7383.04,Debit Card
4879,346,2025-05-27,3678.16,UPI
4880,346,2025-05-31,11079.25,Cash on Delivery
4881,346,2025-06-07,8033.37,Wallet
4882,346,2025-08-26,2413.34,Credit Card
4883,346,2025-08-29,5546.43,UPI
4884,346,2025-09-07,3279.44,Debit Card
4885,346,2025-10-04,5572.22,Credit Card
4886,346,2025-10-20,1031.88,Debit Card
4887,346,2025-11-01,4334.08,Debit Card
4888,346,2025-11-20,3169.4,Net Banking
4889,347,2025-03-01,2344.65,Cash on Delivery
4890,347,2025-03-23,21052.42,Credit Card
4891,347,2025-04-11,445.53,Cash on Delivery
4892,347,2025-04-28,3474.36,Net Banking
4893,347,2025-06-15,204.25,UPI
4894,347,2025-06-18,424.66,Cash on Delivery
4895,347,2025-06-26,9452.88,Credit Card
4896,347,2025-07-08,1663.52,Credit Card
4897,347,2025-08-17,14422.27,Net Banking
4898,347,2025-08-18,18719.27,UPI
4899,347,2025-08-24,983.39,Cash on Delivery
4900,347,2025-10-03,7950.0,Debit Card
4901,347,2025-10-07,11049.43,Debit Card
4902,347,2025-10-19,788.97,Cash on Delivery
4903,347,2025-11-08,6834.48,Wallet
4904,347,2025-11-09,5314.12,Wallet
4905,347,2025-12-31,6247.6,Net Banking
4906,348,2023-04-08,8732.83,UPI
4907,348,2023-05-05,3825.92,Wallet
4908,348,2023-05-28,5411.79,Wallet
4909,348,2023-06-09,12389.08,Cash on Delivery
4910,348,2023-06-17,717.45,Cash on Delivery
4911,348,2023-10-15,8850.12,Cash on Delivery
4912,348,2023-10-25,6492.08,Debit Card
4913,348,2023-11-29,13638.89,Cash on Delivery
4914,348,2023-12-11,1838.98,Net Banking
4915,348,2023-12-14,4640.7,Credit Card
4916,348,2024-01-10,1815.1,UPI
4917,348,2024-01-19,11147.5,UPI
4918,348,2024-03-19,3527.13,Credit Card
4919,348,2024-03-31,15616.69,Debit Card
4920,348,2024-04-02,217.12,Net Banking
4921,348,2024-04-07,8255.66,Wallet
4922,348,2024-05-27,2793.75,Net Banking
4923,348,2024-09-01,1793.77,Wallet
4924,348,2024-09-23,2202.15,Net Banking
4925,348,2024-10-12,3732.42,Debit Card
4926,348,2024-10-20,10029.86,Credit Card
4927,348,2024-11-01,15434.8,Debit Card
4928,348,2024-11-29,5708.48,Debit Card
4929,348,2025-01-18,8016.36,Credit Card
4930,348,2025-02-03,4744.25,Net Banking
4931,348,2025-02-11,5900.93,UPI
4932,348,2025-03-07,3882.96,Cash on Delivery
4933,348,2025-04-07,9297.52,Credit Card
4934,348,2025-04-13,373.98,Wallet
4935,348,2025-05-19,7564.27,Net Banking
4936,348,2025-05-20,1668.27,UPI
4937,348,2025-06-08,13407.3,Wallet
4938,348,2025-07-07,1163.85,Debit Card
4939,348,2025-07-29,1625.95,UPI
4940,348,2025-07-30,5712.89,Credit Card
4941,348,2025-09-08,6959.47,Wallet
4942,348,2025-09-25,4641.43,Wallet
4943,348,2025-10-04,15016.9,Cash on Delivery
4944,349,2020-12-03,14936.98,Cash on Delivery
4945,349,2021-01-10,11060.0,Debit Card
4946,349,2021-04-10,9668.39,Debit Card
4947,349,2021-11-05,2518.23,Net Banking
4948,349,2021-12-30,1441.26,UPI
4949,349,2022-01-09,9396.3,Debit Card
4950,349,2022-02-01,3592.0,Debit Card
4951,349,2022-05-27,3789.34,Credit Card
4952,349,2022-08-20,9210.88,Credit Card
4953,349,2022-12-13,5589.54,Credit Card
4954,349,2023-04-10,3901.2,Wallet
4955,349,2023-05-16,2304.38,Wallet
4956,349,2023-05-19,122.16,Net Banking
4957,349,2023-08-15,5509.79,Cash on Delivery
4958,349,2023-09-24,3107.1,Wallet
4959,349,2024-03-01,6110.88,Cash on Delivery
4960,349,2024-09-25,5135.16,Debit Card
4961,349,2024-11-25,10550.99,Debit Card
4962,349,2024-12-03,13242.86,Wallet
4963,349,2025-01-14,7449.6,Net Banking
4964,349,2025-03-01,2221.18,UPI
4965,349,2025-08-01,18238.83,Cash on Delivery
4966,349,2025-08-28,15099.7,Debit Card
4967,350,2025-10-11,1429.24,Net Banking
4968,350,2025-10-20,15736.71,Cash on Delivery
4969,350,2025-11-12,7439.68,Debit Card
4970,351,2025-09-05,6782.23,Debit Card
4971,351,2025-09-22,4257.42,Credit Card
4972,352,2023-05-09,1103.88,Net Banking
4973,352,2023-09-14,2247.3,Cash on Delivery
4974,352,2024-08-19,6732.14,Cash on Delivery
4975,352,2025-01-28,3471.64,Debit Card
4976,352,2025-02-11,3263.19,Debit Card
4977,352,2025-03-12,14012.85,Wallet
4978,352,2025-07-31,8398.57,Wallet
4979,352,2025-08-08,7636.86,Debit Card
4980,352,2025-09-22,6168.92,Credit Card
4981,352,2025-10-02,5756.0,Credit Card
4982,353,2025-12-11,13623.43,Wallet
4983,353,2025-12-18,6577.24,Cash on Delivery
4984,354,2024-09-03,5273.13,Wallet
4985,354,2024-09-11,6853.91,Credit Card
4986,354,2024-10-07,8866.26,Net Banking
4987,354,2024-10-14,1076.64,UPI
4988,354,2024-10-31,8294.16,UPI
4989,354,2025-01-26,2981.42,Debit Card
4990,354,2025-03-14,11400.55,Net Banking
4991,354,2025-03-14,1926.2,UPI
4992,354,2025-06-11,2846.34,Credit Card
4993,354,2025-12-31,17366.45,Credit Card
4994,355,2024-11-25,505.8,Wallet
4995,355,2024-12-16,1333.32,Cash on Delivery
4996,355,2025-04-26,5521.2,Wallet
4997,355,2025-07-04,3163.2,Credit Card
4998,355,2025-08-16,800.88,Net Banking
4999,356,2024-06-25,3859.14,Wallet
5000,356,2025-01-19,18510.39,Debit Card
5001,356,2025-03-07,8077.35,UPI
5002,356,2025-03-21,7136.86,Credit Card
5003,356,2025-06-14,1532.58,Wallet
5004,356,2025-11-10,6704.72,Wallet
5005,357,2023-08-14,16797.38,Wallet
5006,357,2023-09-15,9455.21,Debit Card
5007,357,2024-03-01,18226.27,Wallet
5008,357,2024-06-26,8649.61,UPI
5009,357,2024-09-14,9154.35,Debit Card
5010,357,2025-05-07,12261.35,Debit Card
5011,358,2021-05-22,6398.1,Wallet
5012,358,2022-05-20,8793.4,Cash on Delivery
5013,358,2023-07-08,8025.48,Debit Card
5014,358,2024-02-08,13626.72,UPI
5015,358,2024-03-08,12641.31,Cash on Delivery
5016,358,2024-09-24,3070.44,UPI
5017,359,2022-10-12,7675.86,Net Banking
5018,359,2023-03-09,5796.19,Net Banking
5019,359,2023-10-09,5824.65,Net Banking
5020,359,2023-11-13,102.56,Credit Card
5021,359,2023-12-05,2544.41,Debit Card
5022,359,2024-05-08,6223.76,Net Banking
5023,359,2024-12-09,5454.84,UPI
5024,359,2025-01-13,5173.64,Cash on Delivery
5025,359,2025-02-21,24248.51,Credit Card
5026,359,2025-02-22,15340.06,UPI
5027,359,2025-05-04,9745.48,Wallet
5028,359,2025-06-01,9858.85,Wallet
5029,360,2025-08-12,1811.68,Net Banking
5030,360,2025-10-15,6557.76,Wallet
5031,360,2025-10-27,1902.48,Net Banking
5032,361,2024-09-13,7050.44,Credit Card
5033,361,2024-10-05,6915.57,Net Banking
5034,361,2025-01-04,3331.62,Credit Card
5035,361,2025-01-14,5248.85,Net Banking
5036,361,2025-03-29,1874.88,Wallet
5037,361,2025-04-09,7585.79,Net Banking
5038,361,2025-04-16,10993.45,Cash on Delivery
5039,361,2025-05-24,1536.34,Cash on Delivery
5040,361,2025-07-18,7538.29,Cash on Delivery
5041,361,2025-09-06,5663.28,Debit Card
5042,361,2025-10-01,6257.49,Cash on Delivery
5043,362,2020-12-25,318.38,UPI
5044,362,2021-02-28,7129.58,UPI
5045,362,2021-03-22,350.49,Wallet
5046,362,2021-11-24,18387.04,Wallet
5047,362,2022-01-03,10498.37,Credit Card
5048,362,2022-05-24,16271.32,Cash on Delivery
5049,362,2023-02-19,262.0,Debit Card
5050,362,2023-02-24,2295.84,Net Banking
5051,362,2023-03-02,6124.32,Net Banking
5052,362,2023-06-25,7154.39,Credit Card
5053,362,2023-11-14,12126.48,Debit Card
5054,362,2024-02-12,5172.44,Cash on Delivery
5055,362,2024-06-21,11224.17,Wallet
5056,362,2024-10-02,7561.86,Wallet
5057,362,2025-05-17,3862.72,Credit Card
5058,362,2025-10-03,13799.51,Net Banking
5059,363,2024-03-08,404.04,Wallet
5060,363,2024-06-25,4383.72,Credit Card
5061,363,2024-09-30,8980.42,Wallet
5062,363,2025-01-23,638.74,UPI
5063,363,2025-02-01,6185.15,Debit Card
5064,363,2025-02-11,4941.43,Wallet
5065,363,2025-03-27,6000.76,Wallet
5066,363,2025-09-24,4472.62,Wallet
5067,363,2025-12-07,3619.55,Wallet
5068,363,2025-12-25,2928.85,UPI
5069,364,2025-08-27,19797.48,Credit Card
5070,364,2025-08-28,645.72,UPI
5071,364,2025-12-06,5381.56,Wallet
5072,364,2025-12-22,6590.48,Credit Card
5073,365,2022-11-23,3498.33,Credit Card
5074,365,2023-01-10,6627.35,Credit Card
5075,365,2023-01-31,9199.41,Debit Card
5076,365,2023-02-27,9297.13,Credit Card
5077,365,2023-03-14,5385.81,Credit Card
5078,365,2023-06-01,4760.11,Cash on Delivery
5079,365,2023-06-12,22078.61,Wallet
5080,365,2023-06-26,9049.35,UPI
5081,365,2023-07-08,277.64,Debit Card
5082,365,2023-08-17,1605.0,Credit Card
5083,365,2023-09-21,4988.46,Credit Card
5084,365,2023-10-04,3377.38,Debit Card
5085,365,2024-02-09,8760.88,Net Banking
5086,365,2024-02-19,240.9,Debit Card
5087,365,2024-03-31,6970.52,Cash on Delivery
5088,365,2024-04-14,6290.37,Net Banking
5089,365,2024-05-09,858.82,Cash on Delivery
5090,365,2024-05-12,6515.37,Cash on Delivery
5091,365,2024-05-19,2473.41,Credit Card
5092,365,2024-05-23,4979.72,Net Banking
5093,365,2024-06-17,6423.14,Net Banking
5094,365,2024-07-23,15863.4,UPI
5095,365,2024-08-29,2917.24,Wallet
5096,365,2024-09-03,4456.33,UPI
5097,365,2024-10-14,8304.56,Credit Card
5098,365,2024-10-24,7241.03,Wallet
5099,365,2024-11-07,6568.04,UPI
5100,365,2025-01-08,1982.88,Debit Card
5101,365,2025-01-30,2678.56,Net Banking
5102,365,2025-05-05,6692.25,Wallet
5103,365,2025-05-15,4252.35,Cash on Delivery
5104,365,2025-06-04,7420.69,Wallet
5105,365,2025-07-09,14041.78,Credit Card
5106,365,2025-07-17,10689.99,Cash on Delivery
5107,365,2025-07-28,633.84,UPI
5108,365,2025-08-08,5176.68,Debit Card
5109,365,2025-08-16,4112.66,Net Banking
5110,365,2025-09-11,8647.93,Debit Card
5111,365,2025-10-13,440.1,Wallet
5112,365,2025-10-15,7281.33,Credit Card
5113,365,2025-11-20,5220.22,Debit Card
5114,365,2025-12-30,5394.58,UPI
5115,366,2022-11-03,14196.02,Debit Card
5116,366,2022-12-05,5298.22,Net Banking
5117,366,2022-12-09,5259.48,Cash on Delivery
5118,366,2023-01-20,7935.63,Debit Card
5119,366,2023-02-28,323.88,UPI
5120,366,2023-04-12,2151.12,Credit Card
5121,366,2023-05-28,1107.24,UPI
5122,366,2023-08-23,4281.08,Wallet
5123,366,2023-09-02,4307.02,Debit Card
5124,366,2023-09-30,19383.93,UPI
5125,366,2023-12-23,12157.84,Wallet
5126,366,2024-01-15,10642.62,Cash on Delivery
5127,366,2024-03-01,13384.72,Debit Card
5128,366,2024-04-22,2297.0,Cash on Delivery
5129,366,2024-07-12,12641.95,Debit Card
5130,366,2024-09-23,1482.01,Credit Card
5131,366,2024-09-27,348.28,UPI
5132,366,2024-11-20,5553.45,Wallet
5133,366,2025-01-04,13583.92,Cash on Delivery
5134,366,2025-01-24,5249.92,Debit Card
5135,366,2025-03-03,16232.48,Net Banking
5136,366,2025-04-27,1386.96,UPI
5137,366,2025-07-28,1881.09,Credit Card
5138,366,2025-09-13,1749.19,Debit Card
5139,367,2021-08-20,5135.32,Wallet
5140,367,2024-03-22,285.86,Wallet
5141,367,2024-07-07,638.0,UPI
5142,367,2025-05-05,13620.03,Debit Card
5143,367,2025-07-19,11580.6,Wallet
5144,368,2022-12-20,1067.52,Wallet
5145,368,2022-12-25,1415.6,Cash on Delivery
5146,368,2023-01-05,13203.34,Credit Card
5147,368,2023-01-06,1310.23,Cash on Delivery
5148,368,2023-02-18,2797.1,Credit Card
5149,368,2023-07-04,9076.6,Debit Card
5150,368,2023-07-15,6843.46,Net Banking
5151,368,2023-08-13,3903.28,Wallet
5152,368,2023-09-22,1746.88,Debit Card
5153,368,2023-10-02,5231.99,UPI
5154,368,2024-03-11,5280.24,UPI
5155,368,2024-08-05,10056.01,Credit Card
5156,368,2024-09-01,4522.8,Wallet
5157,368,2024-09-11,2700.76,Cash on Delivery
5158,368,2024-10-17,9121.63,Debit Card
5159,368,2024-11-05,13828.68,Net Banking
5160,368,2024-11-08,2548.64,Debit Card
5161,368,2024-12-15,7284.56,Wallet
5162,368,2025-02-08,6703.68,Debit Card
5163,368,2025-04-04,7662.42,Debit Card
5164,368,2025-06-24,1222.65,Wallet
5165,368,2025-07-10,409.42,Debit Card
5166,368,2025-09-05,6376.57,Net Banking
5167,368,2025-10-07,5951.53,Credit Card
5168,369,2022-09-26,4599.35,Wallet
5169,369,2022-10-12,3891.64,Cash on Delivery
5170,369,2022-11-08,127.19,UPI
5171,369,2023-05-30,14343.77,Net Banking
5172,369,2024-01-23,16950.89,Credit Card
5173,369,2025-05-18,400.46,UPI
5174,370,2021-07-02,2590.59,UPI
5175,370,2021-07-15,6482.99,Net Banking
5176,370,2021-07-15,13338.84,UPI
5177,370,2021-07-28,4388.3,Cash on Delivery
5178,370,2021-08-27,1668.8,Debit Card
5179,370,2021-09-05,1901.51,Credit Card
5180,370,2021-09-16,12178.5,Debit Card
5181,370,2021-10-02,8707.6,Net Banking
5182,370,2021-10-20,4475.98,Cash on Delivery
5183,370,2021-11-20,8277.41,Debit Card
5184,370,2021-12-18,463.77,Wallet
5185,370,2021-12-27,2030.85,Credit Card
5186,370,2022-01-23,217.98,Wallet
5187,370,2022-03-01,4045.75,Cash on Delivery
5188,370,2022-04-05,3191.18,UPI
5189,370,2022-06-12,1829.36,UPI
5190,370,2022-06-14,3710.16,Debit Card
5191,370,2022-08-13,3615.57,Credit Card
5192,370,2022-12-31,597.93,Wallet
5193,370,2023-03-11,9273.51,Wallet
5194,370,2023-04-09,3008.98,Cash on Delivery
5195,370,2023-04-22,4041.03,Debit Card
5196,370,2023-05-17,3724.38,Debit Card
5197,370,2023-07-11,8769.99,UPI
5198,370,2023-08-30,4754.49,Debit Card
5199,370,2023-09-02,1825.32,Debit Card
5200,370,2024-02-01,1592.85,Credit Card
5201,370,2024-03-06,6509.73,Wallet
5202,370,2024-03-07,2757.0,UPI
5203,370,2024-03-22,3919.2,Wallet
5204,370,2024-05-14,2232.3,Credit Card
5205,370,2024-06-03,9302.42,Debit Card
5206,370,2024-07-16,2611.86,Credit Card
5207,370,2024-07-16,553.74,Net Banking
5208,370,2024-10-04,1639.32,Credit Card
5209,370,2024-11-12,750.12,Credit Card
5210,370,2024-12-06,7675.63,Net Banking
5211,370,2024-12-20,1974.54,Wallet
5212,370,2025-01-27,1188.72,Credit Card
5213,370,2025-05-25,853.34,Debit Card
5214,370,2025-05-27,5481.15,UPI
5215,370,2025-06-22,386.79,Net Banking
5216,370,2025-07-23,3986.84,Wallet
5217,370,2025-09-13,6283.68,Cash on Delivery
5218,370,2025-10-08,27398.28,UPI
5219,370,2025-10-13,14183.31,Credit Card
5220,370,2025-10-18,7351.81,UPI
5221,370,2025-11-26,6740.94,Credit Card
5222,371,2025-10-18,522.55,UPI
5223,371,2025-12-16,3281.8,Credit Card
5224,371,2025-12-23,9645.51,UPI
5225,372,2023-10-02,7771.82,Net Banking
5226,372,2023-12-19,3193.38,Credit Card
5227,372,2024-02-14,3488.26,Credit Card
5228,372,2024-03-02,2871.49,UPI
5229,372,2024-10-26,916.02,Cash on Delivery
5230,372,2025-02-19,12923.25,UPI
5231,373,2023-11-09,4961.55,Debit Card
5232,373,2023-11-14,9552.01,Net Banking
5233,373,2023-11-29,8353.13,Credit Card
5234,373,2023-12-24,11747.25,Cash on Delivery
5235,373,2024-04-23,697.18,Debit Card
5236,373,2024-05-21,3134.24,UPI
5237,373,2024-07-14,881.09,Credit Card
5238,373,2024-08-12,1598.74,Wallet
5239,373,2024-09-20,6464.79,Cash on Delivery
5240,373,2024-10-14,551.49,UPI
5241,373,2024-11-25,2233.33,UPI
5242,373,2024-12-22,3739.64,Debit Card
5243,373,2025-01-28,2718.55,UPI
5244,373,2025-03-19,2435.31,Cash on Delivery
5245,373,2025-07-30,5290.27,Net Banking
5246,374,2024-01-01,4167.54,UPI
5247,374,2024-06-17,5673.4,Net Banking
5248,374,2025-01-22,1159.38,Net Banking
5249,374,2025-01-31,10855.96,Wallet
5250,374,2025-05-07,8900.18,Debit Card
5251,374,2025-08-17,897.28,Debit Card
5252,375,2024-03-31,6163.73,Cash on Delivery
5253,375,2024-07-26,3481.97,Debit Card
5254,375,2025-07-08,4321.74,Credit Card
5255,376,2024-03-27,3540.12,Cash on Delivery
5256,376,2024-06-15,2685.4,Net Banking
5257,376,2024-11-24,6088.38,Net Banking
5258,376,2025-07-07,9336.48,Credit Card
5259,376,2025-10-09,9068.79,Wallet
5260,376,2025-10-25,2348.61,Debit Card
5261,377,2022-03-13,206.74,UPI
5262,377,2022-07-13,8668.6,UPI
5263,377,2022-12-17,684.78,Debit Card
5264,377,2024-04-18,15741.1,Credit Card
5265,377,2025-06-25,1566.63,Net Banking
5266,377,2025-12-14,10133.83,Credit Card
5267,378,2024-04-19,12491.69,Credit Card
5268,378,2024-04-24,8057.1,Debit Card
5269,378,2024-05-24,5180.11,Wallet
5270,378,2024-08-03,1256.58,Cash on Delivery
5271,378,2024-08-19,4567.93,Credit Card
5272,378,2024-12-03,6634.31,Credit Card
5273,378,2025-01-04,4087.53,Net Banking
5274,378,2025-02-28,4358.53,UPI
5275,378,2025-03-18,13691.68,Debit Card
5276,378,2025-08-13,5186.41,Cash on Delivery
5277,378,2025-08-23,13388.33,Wallet
5278,378,2025-10-14,1219.92,Credit Card
5279,378,2025-10-31,1619.25,UPI
5280,378,2025-11-13,12383.3,UPI
5281,378,2025-11-16,2282.52,Debit Card
5282,378,2025-12-19,668.39,Net Banking
5283,379,2023-04-22,1919.68,Credit Card
5284,379,2024-04-23,608.91,Credit Card
5285,379,2024-12-30,6188.81,Credit Card
5286,379,2025-07-27,555.88,UPI
5287,379,2025-11-29,5420.19,Credit Card
5288,380,2025-03-20,831.18,Debit Card
5289,380,2025-04-27,1874.72,UPI
5290,380,2025-06-19,1710.68,Wallet
5291,380,2025-08-31,3801.5,Wallet
5292,380,2025-10-01,5103.19,UPI
5293,380,2025-10-10,11067.48,Cash on Delivery
5294,381,2024-07-22,1489.2,Net Banking
5295,381,2024-10-10,8457.44,Credit Card
5296,381,2024-11-19,2909.21,Credit Card
5297,381,2024-12-08,23725.92,Cash on Delivery
5298,381,2025-12-24,220.18,Net Banking
5299,382,2025-11-04,1398.62,Credit Card
5300,383,2025-10-29,5831.7,Wallet
5301,383,2025-12-30,3414.48,Net Banking
5302,384,2020-09-03,2909.68,Wallet
5303,384,2020-09-05,8073.1,UPI
5304,384,2020-10-04,3466.84,UPI
5305,384,2020-10-24,1516.28,Net Banking
5306,384,2020-12-22,2927.01,UPI
5307,384,2021-02-02,3147.48,Wallet
5308,384,2021-02-16,4367.91,Net Banking
5309,384,2021-03-16,4205.7,Net Banking
5310,384,2021-03-16,6593.52,Cash on Delivery
5311,384,2021-03-21,3513.04,UPI
5312,384,2021-03-24,103.97,Credit Card
5313,384,2021-06-12,846.56,Debit Card
5314,384,2021-06-26,8363.32,Cash on Delivery
5315,384,2021-07-12,458.55,Net Banking
5316,384,2021-08-15,6118.1,Wallet
5317,384,2021-08-15,3410.34,Net Banking
5318,384,2021-09-05,6508.83,Credit Card
5319,384,2021-12-05,2885.13,Net Banking
5320,384,2022-02-20,2318.56,Credit Card
5321,384,2022-04-19,4038.26,Credit Card
5322,384,2022-06-05,6739.05,Net Banking
5323,384,2022-08-25,12401.73,Debit Card
5324,384,2022-10-16,7851.36,Debit Card
5325,384,2023-03-17,5771.81,UPI
5326,384,2023-05-09,25303.84,Cash on Delivery
5327,384,2023-07-11,20972.59,Net Banking
5328,384,2023-07-17,8390.27,UPI
5329,384,2023-07-28,11980.5,Debit Card
5330,384,2023-08-18,4856.66,Debit Card
5331,384,2023-09-09,5170.36,Credit Card
5332,384,2023-10-08,1716.05,Credit Card
5333,384,2024-03-12,3562.48,Credit Card
5334,384,2024-06-05,1716.98,Wallet
5335,384,2024-06-28,12343.85,Cash on Delivery
5336,384,2024-07-18,7568.84,Debit Card
5337,384,2024-10-09,9656.01,Credit Card
5338,384,2024-10-20,7663.58,Credit Card
5339,384,2024-10-27,7509.89,Cash on Delivery
5340,384,2025-01-09,8883.31,Debit Card
5341,384,2025-01-27,11919.22,Cash on Delivery
5342,384,2025-02-15,10561.98,Debit Card
5343,384,2025-03-22,624.66,Debit Card
5344,384,2025-05-01,5140.56,Wallet
5345,384,2025-05-06,2392.23,Wallet
5346,384,2025-08-01,2440.82,Credit Card
5347,384,2025-08-18,11404.59,Wallet
5348,384,2025-10-04,5533.61,Credit Card
5349,384,2025-10-04,10015.35,UPI
5350,385,2025-05-28,2850.49,UPI
5351,385,2025-06-29,8364.47,UPI
5352,385,2025-07-25,1967.31,Net Banking
5353,385,2025-09-28,6700.18,Net Banking
5354,385,2025-10-04,1406.13,Cash on Delivery
5355,385,2025-10-23,8427.87,Net Banking
5356,385,2025-10-30,10513.09,Credit Card
5357,385,2025-12-06,3865.42,Cash on Delivery
5358,386,2023-05-05,7825.09,UPI
5359,386,2023-11-28,1062.32,Cash on Delivery
5360,386,2023-12-18,710.4,Cash on Delivery
5361,386,2024-03-18,14827.51,Credit Card
5362,386,2024-06-26,461.44,Credit Card
5363,386,2024-07-27,3097.0,Debit Card
5364,386,2025-01-03,16658.22,Wallet
5365,386,2025-02-01,6763.36,Cash on Delivery
5366,386,2025-07-29,4519.73,Debit Card
5367,386,2025-11-11,2083.26,Cash on Delivery
5368,387,2022-12-13,6995.16,Credit Card
5369,387,2022-12-28,5465.25,UPI
5370,387,2023-01-30,2387.13,Debit Card
5371,387,2023-09-04,6672.03,Credit Card
5372,387,2023-09-05,8575.76,Cash on Delivery
5373,387,2023-10-05,3087.1,Credit Card
5374,387,2023-12-18,19627.09,Wallet
5375,387,2024-02-12,1013.22,Wallet
5376,387,2024-03-04,244.63,Net Banking
5377,387,2024-06-14,4260.09,Cash on Delivery
5378,387,2024-08-01,1574.64,Credit Card
5379,387,2024-08-20,3955.5,Cash on Delivery
5380,387,2024-09-15,6292.76,Credit Card
5381,387,2024-11-23,203.78,Cash on Delivery
5382,387,2025-03-03,461.3,UPI
5383,387,2025-03-10,21836.95,Wallet
5384,387,2025-06-05,5562.9,Cash on Delivery
5385,387,2025-06-14,6942.86,Net Banking
5386,387,2025-11-08,8356.03,UPI
5387,387,2025-11-13,12738.6,Cash on Delivery
5388,387,2025-12-26,3908.24,Wallet
5389,388,2022-12-15,10886.92,Net Banking
5390,388,2023-03-11,858.46,Debit Card
5391,388,2023-03-11,1192.6,Net Banking
5392,388,2023-04-14,1899.26,Net Banking
5393,388,2023-09-03,13486.13,Cash on Delivery
5394,388,2024-01-01,7420.89,UPI
5395,388,2024-01-12,888.27,Debit Card
5396,388,2024-12-07,8956.62,Credit Card
5397,388,2024-12-22,6594.91,Cash on Delivery
5398,388,2025-01-23,6228.06,Wallet
5399,388,2025-03-16,7506.66,Cash on Delivery
5400,388,2025-04-20,10568.19,Debit Card
5401,388,2025-05-10,1982.41,Net Banking
5402,388,2025-08-04,2946.58,UPI
5403,388,2025-09-20,1385.49,Cash on Delivery
5404,388,2025-10-16,16846.73,Debit Card
5405,388,2025-11-02,12671.64,UPI
5406,388,2025-11-04,3814.51,UPI
5407,388,2025-12-01,2020.6,Wallet
5408,388,2025-12-28,2206.59,UPI
5409,388,2025-12-28,9028.48,Net Banking
5410,389,2021-06-02,1727.44,UPI
5411,389,2021-10-07,1558.5,Credit Card
5412,389,2022-03-21,5463.4,Credit Card
5413,389,2022-06-16,13372.3,Cash on Delivery
5414,389,2022-07-05,11661.6,Wallet
5415,389,2022-07-18,4043.84,Cash on Delivery
5416,389,2022-07-28,4053.14,UPI
5417,389,2022-08-02,2703.96,Net Banking
5418,389,2022-10-27,464.44,Net Banking
5419,389,2022-11-02,5906.03,Wallet
5420,389,2022-11-03,14324.56,Cash on Delivery
5421,389,2022-12-01,936.2,Wallet
5422,389,2022-12-13,1893.36,Cash on Delivery
5423,389,2023-01-12,2633.97,Credit Card
5424,389,2023-01-25,6560.55,UPI
5425,389,2023-03-20,4802.43,Credit Card
5426,389,2023-05-20,9098.29,Cash on Delivery
5427,389,2023-05-26,3056.17,Net Banking
5428,389,2023-06-16,4972.56,Wallet
5429,389,2023-06-29,1171.62,Debit Card
5430,389,2023-07-11,3768.15,Cash on Delivery
5431,389,2023-07-18,3735.66,Wallet
5432,389,2023-08-12,775.33,Wallet
5433,389,2023-08-24,1761.24,Debit Card
5434,389,2023-10-03,3278.22,Wallet
5435,389,2023-11-23,5327.77,UPI
5436,389,2023-12-03,6912.36,UPI
5437,389,2023-12-30,7021.83,Credit Card
5438,389,2024-01-05,2977.98,Credit Card
5439,389,2024-01-07,16055.85,Net Banking
5440,389,2024-01-20,5206.07,Wallet
5441,389,2024-03-05,5505.28,Net Banking
5442,389,2024-03-25,11957.54,Cash on Delivery
5443,389,2024-05-12,4427.56,UPI
5444,389,2024-06-03,5670.44,Debit Card
5445,389,2024-06-09,1653.88,Credit Card
5446,389,2024-09-17,6066.48,Debit Card
5447,389,2024-10-26,5332.72,Credit Card
5448,389,2024-11-14,1764.5,Net Banking
5449,389,2024-12-24,914.56,Wallet
5450,389,2025-02-01,6669.62,Debit Card
5451,389,2025-02-08,4165.02,Wallet
5452,389,2025-03-02,317.78,Cash on Delivery
5453,389,2025-04-17,6548.13,Cash on Delivery
5454,389,2025-06-26,11402.04,Net Banking
5455,389,2025-07-13,6483.36,UPI
5456,389,2025-07-23,16697.25,Wallet
5457,389,2025-11-22,2671.76,Credit Card
5458,390,2020-01-14,1053.9,Net Banking
5459,390,2020-03-18,264.1,Net Banking
5460,390,2020-08-05,1004.48,Wallet
5461,390,2020-10-28,4311.2,Wallet
5462,390,2020-11-17,2390.08,Debit Card
5463,390,2021-01-22,458.25,UPI
5464,390,2021-05-18,6826.16,UPI
5465,390,2021-06-15,12537.68,UPI
5466,390,2021-11-19,886.12,Wallet
5467,390,2021-11-19,2528.56,UPI
5468,390,2021-12-05,1576.32,Cash on Delivery
5469,390,2022-02-07,2404.94,Cash on Delivery
5470,390,2022-02-28,1843.88,Net Banking
5471,390,2022-04-18,4402.94,Cash on Delivery
5472,390,2022-05-31,12917.81,Net Banking
5473,390,2022-05-31,3949.75,Wallet
5474,390,2022-06-09,316.56,Debit Card
5475,390,2022-07-13,6627.14,Net Banking
5476,390,2022-10-09,6692.37,Net Banking
5477,390,2022-11-16,1514.52,UPI
5478,390,2022-11-17,6114.37,Debit Card
5479,390,2022-11-23,8528.75,Net Banking
5480,390,2023-01-25,232.94,Net Banking
5481,390,2023-05-16,5747.12,UPI
5482,390,2023-06-10,13576.74,Cash on Delivery
5483,390,2023-08-12,8929.45,Credit Card
5484,390,2023-10-30,272.02,Wallet
5485,390,2023-12-14,6270.43,Credit Card
5486,390,2024-01-12,3565.68,Cash on Delivery
5487,390,2024-04-11,11364.96,UPI
5488,390,2024-05-18,13576.15,Net Banking
5489,390,2024-05-28,7341.59,Cash on Delivery
5490,390,2024-10-11,4139.74,Net Banking
5491,390,2025-01-04,1318.29,Debit Card
5492,390,2025-02-14,1169.82,Wallet
5493,390,2025-02-20,9174.26,UPI
5494,390,2025-02-26,4652.44,Credit Card
5495,390,2025-04-18,6280.94,Wallet
5496,390,2025-07-06,9758.94,Wallet
5497,390,2025-08-17,6295.65,Wallet
5498,390,2025-09-02,8435.88,Credit Card
5499,390,2025-09-30,13009.53,Net Banking
5500,390,2025-11-23,649.11,Credit Card
5501,390,2025-12-14,14371.13,UPI
5502,390,2025-12-29,4882.17,Debit Card
5503,391,2023-11-28,2653.38,Credit Card
5504,391,2023-12-02,6738.42,Cash on Delivery
5505,391,2024-02-17,3450.4,Credit Card
5506,391,2024-05-01,5025.05,Wallet
5507,391,2024-07-17,7335.42,Net Banking
5508,391,2024-12-14,4047.32,Debit Card
5509,391,2025-03-05,9371.37,Credit Card
5510,391,2025-05-02,4724.54,Cash on Delivery
5511,391,2025-08-12,12421.19,Cash on Delivery
5512,391,2025-12-22,7976.76,Wallet
5513,392,2024-06-03,4585.24,Debit Card
5514,392,2024-11-13,3507.7,UPI
5515,392,2025-09-28,5003.16,Debit Card
5516,393,2022-01-18,3901.29,Net Banking
5517,393,2022-02-08,6955.99,Credit Card
5518,393,2022-02-22,2531.89,Credit Card
5519,393,2022-03-22,1542.36,Cash on Delivery
5520,393,2022-05-15,750.96,Debit Card
5521,393,2022-05-18,3071.56,UPI
5522,393,2022-08-12,2662.41,Wallet
5523,393,2022-11-09,1712.42,Debit Card
5524,393,2022-12-01,15482.56,Debit Card
5525,393,2023-01-30,2910.64,UPI
5526,393,2023-03-23,3781.34,Cash on Delivery
5527,393,2023-05-04,7750.59,UPI
5528,393,2023-06-01,5826.89,UPI
5529,393,2023-06-21,4069.51,Cash on Delivery
5530,393,2023-08-20,2450.88,Wallet
5531,393,2023-10-08,3279.82,Credit Card
5532,393,2023-10-15,4220.3,UPI
5533,393,2024-01-27,1146.04,Cash on Delivery
5534,393,2024-02-20,15303.72,Wallet
5535,393,2024-02-29,7967.49,Net Banking
5536,393,2024-03-07,835.4,UPI
5537,393,2024-04-13,6611.41,Credit Card
5538,393,2024-07-23,7562.58,Cash on Delivery
5539,393,2024-08-03,903.93,Net Banking
5540,393,2024-08-30,1837.64,Credit Card
5541,393,2024-10-15,7351.96,UPI
5542,393,2024-12-06,3163.56,Net Banking
5543,393,2025-07-29,1846.48,Credit Card
5544,393,2025-07-31,10171.65,Net Banking
5545,394,2025-07-19,4891.4,Net Banking
5546,394,2025-12-09,8157.77,Debit Card
5547,395,2025-10-15,562.4,Net Banking
5548,395,2025-11-26,5451.82,Credit Card
5549,396,2023-01-27,4059.66,Net Banking
5550,396,2023-08-04,9207.05,Net Banking
5551,396,2023-08-21,1045.5,Net Banking
5552,396,2024-01-24,4915.43,Net Banking
5553,396,2024-02-06,2987.03,Cash on Delivery
5554,396,2024-07-23,4968.44,UPI
5555,397,2024-07-03,8065.8,Debit Card
5556,397,2024-12-03,2516.06,Wallet
5557,397,2025-08-22,3692.79,Debit Card
5558,397,2025-10-07,6367.47,Cash on Delivery
5559,397,2025-11-19,4337.64,Wallet
5560,398,2024-05-19,10323.77,UPI
5561,398,2024-05-20,4055.3,Net Banking
5562,398,2025-03-17,20576.75,Net Banking
5563,398,2025-04-07,2708.6,Credit Card
5564,398,2025-08-07,4343.96,UPI
5565,398,2025-08-12,525.92,Debit Card
5566,398,2025-09-15,7002.09,UPI
5567,398,2025-11-23,1114.11,Net Banking
5568,399,2024-07-17,5899.58,Credit Card
5569,399,2024-08-10,9485.86,Debit Card
5570,399,2024-08-23,6875.97,Credit Card
5571,399,2024-09-28,642.39,Credit Card
5572,399,2024-10-13,13534.31,Debit Card
5573,399,2024-11-18,3470.04,Wallet
5574,399,2024-12-17,7203.21,Wallet
5575,399,2025-03-31,7491.94,Credit Card
5576,399,2025-04-07,15198.74,UPI
5577,399,2025-07-29,795.0,Credit Card
5578,399,2025-08-13,4416.02,Cash on Delivery
5579,399,2025-08-29,6159.75,Debit Card
5580,399,2025-09-10,965.84,UPI
5581,399,2025-09-27,7170.67,Net Banking
5582,399,2025-10-19,5043.2,Wallet
5583,399,2025-11-13,2073.89,Cash on Delivery
5584,399,2025-12-06,6084.3,Cash on Delivery
5585,399,2025-12-29,6245.15,Wallet
5586,400,2024-01-25,7284.95,Wallet
5587,400,2024-04-07,4712.2,Net Banking
5588,400,2024-05-26,6684.29,UPI
5589,400,2024-07-12,6324.62,Debit Card
5590,400,2024-07-26,2520.4,Cash on Delivery
5591,400,2024-09-16,1132.23,Net Banking
5592,400,2024-10-22,8611.37,Wallet
5593,400,2024-10-23,6995.73,Wallet
5594,400,2024-11-28,2191.26,UPI
5595,400,2024-12-25,15754.81,UPI
5596,400,2025-01-22,11059.29,Debit Card
5597,400,2025-03-23,1113.7,Net Banking
5598,400,2025-06-27,5775.9,Cash on Delivery
5599,400,2025-08-30,2883.3,Debit Card
5600,400,2025-10-10,20773.99,Net Banking
5601,400,2025-10-13,2129.48,Debit Card
5602,400,2025-12-16,14109.66,Credit Card
5603,401,2023-07-03,2654.43,Debit Card
5604,401,2023-08-06,6206.88,Credit Card
5605,401,2023-11-01,11036.69,Debit Card
5606,401,2023-11-26,10260.62,Debit Card
5607,401,2024-02-08,5208.14,Debit Card
5608,401,2024-07-12,2274.05,UPI
5609,401,2024-07-21,13188.98,Wallet
5610,401,2024-08-04,2154.72,Net Banking
5611,401,2024-08-19,10431.46,UPI
5612,401,2024-09-03,1988.96,UPI
5613,401,2025-01-10,455.31,Wallet
5614,401,2025-06-23,3305.07,Credit Card
5615,401,2025-06-26,9927.07,Wallet
5616,401,2025-09-04,7921.64,Credit Card
5617,402,2024-12-10,3698.77,Cash on Delivery
5618,402,2025-01-13,3920.9,Debit Card
5619,402,2025-02-10,1771.22,Credit Card
5620,402,2025-02-20,3553.85,Debit Card
5621,402,2025-02-21,7547.0,Credit Card
5622,402,2025-02-26,2175.36,Cash on Delivery
5623,402,2025-03-09,3317.15,Debit Card
5624,402,2025-03-26,9914.74,Wallet
5625,402,2025-04-08,935.71,Credit Card
5626,402,2025-04-15,11545.22,Wallet
5627,402,2025-06-04,1444.3,Cash on Delivery
5628,402,2025-06-16,104.5,Wallet
5629,402,2025-07-03,8344.86,UPI
5630,402,2025-08-11,6081.48,UPI
5631,402,2025-08-17,5312.4,Wallet
5632,402,2025-10-05,16428.59,Credit Card
5633,402,2025-10-28,3325.05,Wallet
5634,402,2025-11-02,6008.26,Debit Card
5635,402,2025-11-08,6432.66,Wallet
5636,402,2025-11-12,4467.8,UPI
5637,402,2025-12-07,19074.36,Net Banking
5638,402,2025-12-23,2028.24,UPI
5639,402,2025-12-31,20019.39,Debit Card
5640,403,2019-02-23,3984.86,UPI
5641,403,2019-03-06,19835.05,UPI
5642,403,2019-04-12,2138.95,Net Banking
5643,403,2019-04-27,5187.68,UPI
5644,403,2019-05-22,1098.65,Credit Card
5645,403,2019-11-06,5728.5,Net Banking
5646,403,2019-12-01,5164.14,Debit Card
5647,403,2019-12-05,2382.68,Net Banking
5648,403,2020-01-15,12274.32,Net Banking
5649,403,2020-04-05,8988.05,Cash on Delivery
5650,403,2020-04-23,20652.08,Debit Card
5651,403,2020-05-07,2281.92,Cash on Delivery
5652,403,2020-06-24,5812.38,Credit Card
5653,403,2020-07-07,3873.14,Wallet
5654,403,2020-10-20,4876.66,UPI
5655,403,2020-11-21,552.12,Net Banking
5656,403,2020-11-25,7084.38,Credit Card
5657,403,2020-12-18,3018.89,Debit Card
5658,403,2021-01-10,1836.09,Cash on Delivery
5659,403,2021-02-17,11257.41,Credit Card
5660,403,2021-03-13,3484.68,Debit Card
5661,403,2021-04-03,2780.31,Wallet
5662,403,2021-07-01,15173.34,Debit Card
5663,403,2021-07-16,3796.41,Debit Card
5664,403,2021-12-07,6437.91,UPI
5665,403,2022-01-13,9647.63,Credit Card
5666,403,2022-02-05,9692.95,Net Banking
5667,403,2022-12-15,9187.27,Debit Card
5668,403,2022-12-26,12805.46,Net Banking
5669,403,2022-12-28,7916.96,UPI
5670,403,2023-01-30,3761.57,Wallet
5671,403,2023-04-22,12819.22,Wallet
5672,403,2023-05-26,6578.93,UPI
5673,403,2023-06-25,1804.32,Debit Card
5674,403,2023-10-18,3793.81,Wallet
5675,403,2023-10-23,3758.6,Cash on Delivery
5676,403,2024-03-05,6364.34,Debit Card
5677,403,2024-06-09,14265.18,Cash on Delivery
5678,403,2024-07-13,8647.56,UPI
5679,403,2024-08-22,2050.34,Cash on Delivery
5680,403,2024-09-01,4149.69,Cash on Delivery
5681,403,2025-02-01,6714.88,Net Banking
5682,403,2025-03-28,5021.88,Cash on Delivery
5683,403,2025-06-14,2631.89,Wallet
5684,403,2025-09-23,5465.65,Wallet
5685,403,2025-10-10,8163.52,UPI
5686,403,2025-10-12,8925.08,Cash on Delivery
5687,403,2025-10-22,3575.04,Debit Card
5688,404,2025-11-12,4917.82,Net Banking
5689,405,2021-07-04,7530.1,Net Banking
5690,405,2021-09-11,3755.42,Cash on Delivery
5691,405,2021-09-27,2768.2,Cash on Delivery
5692,405,2022-01-12,6400.45,Cash on Delivery
5693,405,2022-01-19,6880.09,Wallet
5694,405,2022-07-16,7055.92,Credit Card
5695,405,2022-08-03,4379.27,Credit Card
5696,405,2022-08-18,10118.34,Debit Card
5697,405,2022-09-15,3754.94,Debit Card
5698,405,2022-10-16,3456.75,Net Banking
5699,405,2022-11-09,3359.44,Debit Card
5700,405,2023-04-26,2548.77,Net Banking
5701,405,2023-05-02,12987.85,Net Banking
5702,405,2023-06-24,8799.47,UPI
5703,405,2023-06-28,5478.38,Net Banking
5704,405,2023-09-21,7193.28,Net Banking
5705,405,2023-10-23,6264.38,Credit Card
5706,405,2023-11-01,861.06,Debit Card
5707,405,2023-11-13,6011.6,Net Banking
5708,405,2023-12-03,1899.06,Net Banking
5709,405,2023-12-22,7979.3,Wallet
5710,405,2024-10-01,2082.1,Cash on Delivery
5711,405,2024-10-13,3504.42,Cash on Delivery
5712,405,2024-10-15,9471.2,Net Banking
5713,405,2025-01-31,5428.62,UPI
5714,405,2025-02-03,1560.62,UPI
5715,405,2025-03-10,7906.61,Cash on Delivery
5716,405,2025-06-04,10609.77,Wallet
5717,405,2025-07-09,663.85,Debit Card
5718,405,2025-07-28,6836.81,Credit Card
5719,405,2025-09-03,2845.83,Net Banking
5720,405,2025-10-15,5164.62,Wallet
5721,405,2025-12-22,513.54,Credit Card
5722,406,2024-02-09,636.65,Wallet
5723,406,2024-12-31,2066.04,Credit Card
5724,406,2025-06-15,6381.56,UPI
5725,406,2025-08-07,6481.96,Credit Card
5726,406,2025-09-01,7903.67,Net Banking
5727,406,2025-12-19,627.66,Debit Card
5728,407,2024-10-18,5838.27,Wallet
5729,407,2024-10-28,6391.77,Credit Card
5730,407,2024-12-09,10219.2,Debit Card
5731,407,2025-01-22,16326.04,UPI
5732,407,2025-02-06,7783.28,Wallet
5733,407,2025-03-09,1639.94,Credit Card
5734,407,2025-05-14,7957.47,Credit Card
5735,407,2025-05-29,1849.34,Wallet
5736,407,2025-07-21,5792.1,Debit Card
5737,407,2025-08-06,15020.36,Credit Card
5738,407,2025-10-17,9340.04,Credit Card
5739,407,2025-10-24,4432.81,UPI
5740,408,2023-12-07,1551.26,Debit Card
5741,408,2023-12-15,2652.31,Cash on Delivery
5742,408,2024-05-07,1345.95,Debit Card
5743,408,2024-06-15,4965.98,Cash on Delivery
5744,408,2025-03-29,8941.42,Cash on Delivery
5745,408,2025-12-01,4075.95,UPI
5746,409,2022-05-01,2081.26,Net Banking
5747,409,2022-05-20,8029.76,Net Banking
5748,409,2022-08-16,6127.48,Credit Card
5749,409,2022-09-05,6536.99,UPI
5750,409,2022-09-06,10462.69,Debit Card
5751,409,2022-10-27,5267.01,Wallet
5752,409,2022-11-03,7659.36,UPI
5753,409,2023-03-27,5615.25,Wallet
5754,409,2023-03-31,2749.18,Net Banking
5755,409,2023-04-29,4821.6,Cash on Delivery
5756,409,2023-06-28,3698.6,Cash on Delivery
5757,409,2023-11-06,8554.14,Cash on Delivery
5758,409,2023-11-27,3738.69,Debit Card
5759,409,2023-12-10,784.98,Wallet
5760,409,2024-01-07,3399.55,Debit Card
5761,409,2024-04-13,11691.34,Cash on Delivery
5762,409,2024-08-11,2001.93,Debit Card
5763,409,2024-08-28,5956.88,Wallet
5764,409,2024-11-23,4496.88,Debit Card
5765,409,2024-11-27,8284.03,Net Banking
5766,409,2024-12-18,5178.29,Credit Card
5767,409,2025-04-29,690.4,Net Banking
5768,409,2025-05-21,4491.17,UPI
5769,409,2025-05-28,5626.38,Cash on Delivery
5770,409,2025-08-20,6151.51,Wallet
5771,409,2025-10-12,7380.13,Debit Card
5772,409,2025-10-22,3034.71,Cash on Delivery
5773,410,2024-04-12,6279.2,UPI
5774,411,2023-10-14,6377.09,UPI
5775,411,2023-11-12,2150.98,Cash on Delivery
5776,411,2024-01-18,8093.31,Cash on Delivery
5777,411,2024-04-11,386.0,UPI
5778,411,2024-04-21,4534.11,Cash on Delivery
5779,411,2024-08-10,2791.92,Cash on Delivery
5780,411,2025-04-01,6489.87,Wallet
5781,411,2025-07-07,386.19,Debit Card
5782,411,2025-09-13,6891.35,UPI
5783,411,2025-12-10,5815.29,Credit Card
5784,411,2025-12-31,8039.24,Credit Card
5785,412,2024-02-13,6250.59,Net Banking
5786,412,2024-03-18,7862.61,Cash on Delivery
5787,412,2024-04-01,6616.68,Net Banking
5788,412,2024-06-28,3989.77,Net Banking
5789,412,2024-08-12,5429.41,Debit Card
5790,412,2025-07-11,8789.66,Net Banking
5791,412,2025-08-14,17090.09,Debit Card
5792,412,2025-11-29,1755.7,UPI
5793,412,2025-12-21,8938.58,Wallet
5794,413,2024-12-04,4206.87,Cash on Delivery
5795,413,2025-02-19,7154.06,Credit Card
5796,413,2025-05-31,1609.02,Credit Card
5797,413,2025-06-02,2590.08,Cash on Delivery
5798,413,2025-08-06,2918.24,Wallet
5799,413,2025-08-31,459.3,Debit Card
5800,413,2025-09-10,6630.12,UPI
5801,413,2025-10-01,6803.44,Credit Card
5802,413,2025-10-05,3276.36,UPI
5803,413,2025-11-30,6402.85,Wallet
5804,414,2022-01-24,1955.0,Wallet
5805,414,2022-06-15,8891.72,Wallet
5806,414,2022-08-15,11325.14,Cash on Delivery
5807,414,2023-08-19,4924.08,Credit Card
5808,414,2024-05-11,6335.44,Debit Card
5809,415,2022-07-02,15382.92,Net Banking
5810,415,2022-07-13,3600.44,UPI
5811,415,2022-07-15,11515.74,Debit Card
5812,415,2022-11-01,3400.82,Wallet
5813,415,2022-11-05,6539.15,Credit Card
5814,415,2023-02-11,8685.86,Cash on Delivery
5815,415,2023-04-20,2349.45,Credit Card
5816,415,2023-05-02,2492.19,Net Banking
5817,415,2023-08-27,1763.42,Wallet
5818,415,2023-11-12,9776.1,Net Banking
5819,415,2023-11-20,9323.72,Debit Card
5820,415,2023-11-29,10372.37,Wallet
5821,415,2024-05-05,4307.38,UPI
5822,415,2024-11-30,4241.52,Net Banking
5823,415,2024-12-24,10767.65,UPI
5824,415,2025-01-02,1756.13,Cash on Delivery
5825,415,2025-01-12,2521.83,UPI
5826,415,2025-03-24,6860.78,Net Banking
5827,415,2025-06-27,5171.08,Wallet
5828,415,2025-08-26,5458.68,Wallet
5829,415,2025-12-02,2437.3,UPI
5830,416,2023-03-21,2389.51,Debit Card
5831,416,2023-10-07,363.36,Net Banking
5832,416,2024-04-07,4635.52,Debit Card
5833,416,2024-07-26,2219.66,Credit Card
5834,416,2024-08-03,1348.14,Net Banking
5835,416,2024-10-11,9938.58,Wallet
5836,416,2025-03-03,7300.86,Cash on Delivery
5837,416,2025-03-05,8456.16,Wallet
5838,416,2025-05-18,2510.56,Wallet
5839,416,2025-06-18,7640.17,UPI
5840,416,2025-07-19,1232.34,Credit Card
5841,416,2025-07-24,1155.83,Net Banking
5842,416,2025-10-10,6368.06,Net Banking
5843,417,2022-02-18,4336.98,Net Banking
5844,417,2022-05-25,1753.49,Net Banking
5845,417,2022-08-01,2274.5,Cash on Delivery
5846,417,2023-01-27,4085.93,Credit Card
5847,417,2023-06-15,2545.24,Net Banking
5848,417,2023-11-09,5190.72,Debit Card
5849,417,2024-07-05,6429.14,Debit Card
5850,417,2024-08-08,19259.17,Net Banking
5851,417,2024-08-09,6509.2,Cash on Delivery
5852,417,2024-08-25,9228.2,Debit Card
5853,417,2024-10-15,3670.4,Wallet
5854,417,2025-03-21,13255.85,Cash on Delivery
5855,417,2025-05-14,4422.0,Debit Card
5856,417,2025-06-18,14635.04,Cash on Delivery
5857,417,2025-12-08,6482.51,UPI
5858,418,2022-06-18,2167.86,Wallet
5859,418,2022-10-20,3606.19,UPI
5860,418,2022-12-28,5267.15,Net Banking
5861,418,2023-05-29,6825.84,Net Banking
5862,418,2023-10-06,1125.29,Net Banking
5863,418,2023-10-20,4068.14,Wallet
5864,418,2024-05-29,5895.16,Credit Card
5865,418,2024-06-04,6725.18,Cash on Delivery
5866,418,2024-06-11,5276.1,Debit Card
5867,418,2024-07-04,3241.86,Cash on Delivery
5868,418,2024-10-11,3668.01,Wallet
5869,418,2024-11-08,7258.14,Debit Card
5870,418,2025-02-14,4920.59,Debit Card
5871,418,2025-09-25,415.26,UPI
5872,419,2023-03-23,8180.43,Wallet
5873,419,2023-06-27,3487.04,Wallet
5874,419,2023-07-09,3856.78,Wallet
5875,419,2023-10-16,5672.42,UPI
5876,419,2024-01-31,12180.92,UPI
5877,419,2024-02-23,4564.26,Wallet
5878,419,2024-04-18,522.28,Cash on Delivery
5879,419,2024-05-08,743.01,Credit Card
5880,419,2024-08-27,6066.7,Net Banking
5881,419,2024-09-10,1864.2,Net Banking
5882,419,2025-02-01,2104.48,Net Banking
5883,419,2025-03-12,6623.99,Credit Card
5884,419,2025-06-13,8113.95,Wallet
5885,419,2025-06-22,3260.22,Wallet
5886,419,2025-07-24,3824.54,Credit Card
5887,419,2025-07-30,1986.79,Wallet
5888,419,2025-09-04,7188.89,Credit Card
5889,419,2025-10-04,1871.16,Debit Card
5890,419,2025-10-06,405.93,Debit Card
5891,419,2025-10-16,9504.06,UPI
5892,419,2025-11-19,7326.58,Wallet
5893,419,2025-12-09,444.06,UPI
5894,420,2024-02-23,4328.8,Credit Card
5895,420,2024-08-01,749.73,UPI
5896,420,2024-11-16,282.23,UPI
5897,420,2025-03-23,11914.95,Cash on Delivery
5898,420,2025-04-15,9003.89,Credit Card
5899,420,2025-08-28,10659.05,Credit Card
5900,421,2023-11-22,1709.69,UPI
5901,421,2023-11-27,21495.2,UPI
5902,421,2024-07-10,8729.11,Net Banking
5903,421,2024-09-30,6335.76,UPI
5904,421,2025-04-05,7833.1,UPI
5905,421,2025-04-17,2504.28,Debit Card
5906,422,2022-11-10,6234.19,Credit Card
5907,422,2023-05-23,11147.37,UPI
5908,422,2023-07-31,9650.01,Net Banking
5909,422,2023-09-08,721.5,Cash on Delivery
5910,422,2024-06-12,3580.38,Credit Card
5911,422,2024-06-17,1968.18,Credit Card
5912,422,2024-07-11,12113.92,Cash on Delivery
5913,422,2024-07-26,8744.67,Debit Card
5914,422,2024-08-25,1053.22,Debit Card
5915,422,2025-04-17,5046.18,Wallet
5916,422,2025-11-28,4459.48,Wallet
5917,422,2025-12-07,2525.67,UPI
5918,423,2021-09-04,16951.86,Cash on Delivery
5919,423,2021-10-24,3615.36,Credit Card
5920,423,2021-11-26,4113.82,Debit Card
5921,423,2021-12-09,7831.97,Wallet
5922,423,2023-02-08,7789.14,Net Banking
5923,423,2023-03-24,9343.67,UPI
5924,423,2023-11-07,6515.45,Wallet
5925,423,2023-11-16,6804.4,Net Banking
5926,424,2023-09-11,7808.4,UPI
5927,424,2023-10-23,864.75,Wallet
5928,424,2023-11-22,3953.87,Credit Card
5929,424,2023-11-27,4562.8,Cash on Delivery
5930,424,2023-12-06,991.87,Credit Card
5931,424,2023-12-14,5457.41,UPI
5932,424,2024-01-10,9915.65,Wallet
5933,424,2024-01-13,861.82,Wallet
5934,424,2024-02-07,5505.54,Debit Card
5935,424,2024-02-19,4196.56,Debit Card
5936,424,2024-03-28,372.95,Debit Card
5937,424,2024-04-08,6076.6,UPI
5938,424,2024-05-30,7355.32,Credit Card
5939,424,2024-06-22,14571.92,Cash on Delivery
5940,424,2024-07-07,4128.92,Credit Card
5941,424,2024-07-08,2505.33,Credit Card
5942,424,2024-08-01,591.75,Debit Card
5943,424,2024-08-09,794.47,Credit Card
5944,424,2024-10-06,5373.04,Wallet
5945,424,2025-01-28,3314.92,UPI
5946,424,2025-02-08,5130.39,Credit Card
5947,424,2025-03-17,171.92,Cash on Delivery
5948,424,2025-05-27,12318.49,Debit Card
5949,424,2025-05-28,7730.3,Wallet
5950,424,2025-06-12,2860.82,Debit Card
5951,424,2025-07-19,814.05,Credit Card
5952,424,2025-09-19,12727.07,Wallet
5953,424,2025-09-22,6740.73,Debit Card
5954,424,2025-10-20,8616.17,Debit Card
5955,424,2025-11-11,2168.68,Cash on Delivery
5956,425,2022-07-02,7521.37,Net Banking
5957,425,2022-08-01,4029.4,Net Banking
5958,425,2022-10-01,3089.64,Net Banking
5959,425,2022-12-08,6626.46,Wallet
5960,425,2022-12-23,10424.22,Credit Card
5961,425,2023-10-07,16794.97,Credit Card
5962,425,2023-10-20,1583.55,Net Banking
5963,425,2023-12-17,5067.15,Cash on Delivery
5964,425,2024-01-03,2550.22,Debit Card
5965,425,2024-01-10,1480.14,Wallet
5966,425,2024-01-24,10489.44,Wallet
5967,425,2024-04-25,2785.26,Net Banking
5968,425,2024-09-05,7180.29,Debit Card
5969,425,2025-01-05,4853.18,UPI
5970,425,2025-02-07,10307.81,UPI
5971,425,2025-04-08,1437.03,Wallet
5972,425,2025-06-10,6144.4,Debit Card
5973,425,2025-07-21,3872.66,Credit Card
5974,425,2025-08-03,2479.89,Wallet
5975,425,2025-10-07,17252.58,Net Banking
5976,426,2023-02-01,3283.29,Debit Card
5977,426,2023-05-06,4322.39,UPI
5978,426,2023-06-22,5032.0,Wallet
5979,426,2023-07-22,6416.51,UPI
5980,426,2023-08-07,4648.03,UPI
5981,426,2023-10-14,3933.97,Net Banking
5982,426,2023-11-25,1068.56,Wallet
5983,426,2024-01-12,3305.98,Wallet
5984,426,2024-04-03,2756.16,Wallet
5985,426,2024-10-08,4497.52,Wallet
5986,426,2024-10-15,1904.11,Net Banking
5987,426,2025-01-15,4141.58,Credit Card
5988,426,2025-01-17,6002.25,Debit Card
5989,426,2025-02-15,1890.38,Net Banking
5990,426,2025-03-04,17272.98,Debit Card
5991,426,2025-03-27,4441.39,Cash on Delivery
5992,426,2025-04-21,1777.95,Credit Card
5993,426,2025-05-05,7530.16,Wallet
5994,426,2025-05-30,1256.87,Credit Card
5995,426,2025-07-07,6723.23,Wallet
5996,426,2025-09-28,3745.25,Debit Card
5997,426,2025-10-06,4368.54,Cash on Delivery
5998,426,2025-12-16,1944.99,Cash on Delivery
5999,427,2025-10-09,200.63,UPI
6000,427,2025-11-01,3251.38,Wallet
6001,427,2025-11-03,7334.04,Wallet
6002,427,2025-11-21,1086.48,UPI
6003,427,2025-12-04,2007.29,Net Banking
6004,428,2025-08-18,9995.16,UPI
6005,428,2025-09-18,7075.56,Wallet
6006,428,2025-09-24,13681.07,Net Banking
6007,428,2025-10-11,8450.31,Debit Card
6008,428,2025-10-27,552.48,UPI
6009,428,2025-11-24,15753.64,Net Banking
6010,428,2025-11-26,9881.07,UPI
6011,428,2025-12-26,1469.56,UPI
6012,429,2021-06-15,3409.44,UPI
6013,429,2021-08-15,755.04,Cash on Delivery
6014,429,2022-04-08,105.55,Net Banking
6015,429,2022-04-15,3150.24,Cash on Delivery
6016,429,2022-05-28,5205.07,Wallet
6017,429,2022-06-06,4305.59,Credit Card
6018,429,2022-07-13,4391.09,Net Banking
6019,429,2022-12-22,10099.5,Wallet
6020,429,2023-02-19,3857.84,Credit Card
6021,429,2023-06-05,7735.67,UPI
6022,429,2023-07-20,3272.6,Credit Card
6023,429,2023-09-25,3801.47,Net Banking
6024,429,2023-12-27,512.52,UPI
6025,429,2024-01-24,4224.6,Cash on Delivery
6026,429,2024-03-12,375.09,Credit Card
6027,429,2024-05-24,1337.9,Credit Card
6028,429,2024-09-30,9731.73,Cash on Delivery
6029,429,2024-11-04,2271.71,Debit Card
6030,429,2025-08-23,9997.44,UPI
6031,430,2024-01-08,9811.37,Credit Card
6032,430,2024-03-02,4373.26,UPI
6033,430,2024-06-21,9874.96,Net Banking
6034,430,2024-07-02,4309.57,Cash on Delivery
6035,430,2024-07-11,12289.96,Wallet
6036,430,2024-08-04,747.34,UPI
6037,430,2024-11-21,7466.74,Net Banking
6038,430,2025-01-12,1369.21,Credit Card
6039,430,2025-05-08,4579.94,Debit Card
6040,430,2025-11-28,704.83,Debit Card
6041,431,2025-02-20,9291.29,Credit Card
6042,431,2025-05-30,11421.68,Debit Card
6043,431,2025-07-05,1868.64,Cash on Delivery
6044,431,2025-12-09,1047.68,Net Banking
6045,432,2021-12-01,15057.34,Debit Card
6046,432,2021-12-19,3733.59,Cash on Delivery
6047,432,2022-01-02,9901.19,Net Banking
6048,432,2022-03-24,5431.56,Credit Card
6049,432,2022-05-09,10850.85,Debit Card
6050,432,2022-05-31,295.9,Credit Card
6051,432,2022-06-07,7717.73,UPI
6052,432,2022-07-07,1472.1,Wallet
6053,432,2022-07-28,10715.7,Cash on Delivery
6054,432,2022-08-12,6794.14,Debit Card
6055,432,2022-10-23,528.94,Wallet
6056,432,2022-12-15,4171.77,Wallet
6057,432,2023-01-09,3619.5,Cash on Delivery
6058,432,2023-01-28,1188.75,Wallet
6059,432,2023-04-08,820.82,Wallet
6060,432,2023-04-13,5506.63,Credit Card
6061,432,2023-09-15,4102.65,Cash on Delivery
6062,432,2024-05-26,3350.52,Cash on Delivery
6063,432,2024-06-11,5855.09,Debit Card
6064,432,2024-08-12,5719.07,Cash on Delivery
6065,432,2025-03-11,1947.14,Net Banking
6066,432,2025-03-25,7520.79,UPI
6067,432,2025-04-14,4901.34,Net Banking
6068,432,2025-05-16,2171.39,Debit Card
6069,432,2025-06-25,1840.68,Credit Card
6070,432,2025-09-21,5969.22,Debit Card
6071,432,2025-10-09,5907.86,Credit Card
6072,432,2025-10-10,144.3,Cash on Delivery
6073,432,2025-12-15,11863.86,UPI
6074,433,2025-08-28,15612.85,Debit Card
6075,433,2025-09-17,2695.56,Net Banking
6076,433,2025-11-03,9198.76,UPI
6077,434,2021-10-09,7777.8,UPI
6078,434,2021-10-11,1452.92,Cash on Delivery
6079,434,2022-01-28,7152.24,Credit Card
6080,434,2022-03-13,3559.98,UPI
6081,434,2022-05-30,10440.76,Cash on Delivery
6082,434,2022-08-04,1280.54,Wallet
6083,434,2023-08-17,1189.15,Credit Card
6084,434,2023-09-19,9086.54,Wallet
6085,434,2023-10-10,265.52,UPI
6086,434,2023-12-11,15379.86,Cash on Delivery
6087,434,2024-02-05,794.23,Credit Card
6088,434,2024-04-01,8222.32,Cash on Delivery
6089,434,2024-04-08,16396.05,UPI
6090,434,2024-04-09,2908.64,Debit Card
6091,434,2024-06-04,2391.43,Credit Card
6092,434,2024-06-28,7497.16,Debit Card
6093,434,2024-07-09,4607.85,Debit Card
6094,434,2024-07-21,7621.5,Net Banking
6095,434,2024-10-29,6773.28,Cash on Delivery
6096,434,2024-11-25,12707.72,Credit Card
6097,434,2024-12-12,2887.92,Net Banking
6098,434,2024-12-28,12987.31,Debit Card
6099,434,2025-02-01,6961.93,Wallet
6100,434,2025-02-14,4904.63,Credit Card
6101,434,2025-03-12,848.26,Credit Card
6102,434,2025-06-24,9110.74,Net Banking
6103,434,2025-10-28,6192.45,Debit Card
6104,434,2025-12-02,315.24,Wallet
6105,435,2023-01-09,13321.1,Credit Card
6106,435,2023-12-27,3033.69,Wallet
6107,435,2024-01-26,5226.92,Cash on Delivery
6108,435,2024-01-26,3730.86,Cash on Delivery
6109,435,2024-02-28,17717.05,Wallet
6110,435,2024-06-11,2533.53,UPI
6111,435,2024-08-09,9274.55,Credit Card
6112,435,2024-10-04,5907.4,UPI
6113,435,2024-12-11,21888.28,Net Banking
6114,435,2025-01-02,3257.58,Wallet
6115,435,2025-04-10,718.44,Cash on Delivery
6116,435,2025-08-20,518.96,UPI
6117,435,2025-11-18,4002.42,Cash on Delivery
6118,436,2023-04-08,4509.0,Net Banking
6119,436,2023-04-18,1574.26,Cash on Delivery
6120,436,2023-10-17,7253.7,UPI
6121,436,2023-12-22,13628.59,Wallet
6122,436,2024-01-23,17179.53,Credit Card
6123,436,2024-02-02,6434.01,UPI
6124,436,2024-03-08,809.56,Net Banking
6125,436,2024-08-30,10853.32,Credit Card
6126,436,2024-10-16,2664.54,Cash on Delivery
6127,436,2024-12-22,9250.52,Credit Card
6128,436,2025-11-04,5484.9,Credit Card
6129,437,2025-06-01,3259.16,UPI
6130,437,2025-06-28,5890.16,Cash on Delivery
6131,437,2025-11-21,1619.64,Debit Card
6132,437,2025-12-08,15155.33,Credit Card
6133,437,2025-12-26,20441.21,UPI
6134,438,2022-05-17,10762.23,Cash on Delivery
6135,438,2022-10-19,4320.0,Credit Card
6136,438,2022-12-08,9724.37,Net Banking
6137,438,2023-01-26,2054.3,Cash on Delivery
6138,438,2023-04-12,14023.94,Net Banking
6139,438,2023-07-02,4736.51,Cash on Delivery
6140,438,2023-08-07,154.36,Credit Card
6141,438,2023-08-25,8871.59,UPI
6142,438,2023-10-09,11802.78,Wallet
6143,438,2024-11-12,1983.15,UPI
6144,438,2025-08-30,4694.4,UPI
6145,438,2025-09-03,7723.14,Credit Card
6146,439,2024-11-16,5304.6,Cash on Delivery
6147,439,2024-11-26,2491.1,Wallet
6148,439,2025-02-03,4146.15,Net Banking
6149,439,2025-03-18,4310.43,Credit Card
6150,439,2025-08-14,5200.54,Credit Card
6151,439,2025-10-29,4974.7,Cash on Delivery
6152,439,2025-11-10,2745.6,Debit Card
6153,439,2025-11-29,10692.3,Net Banking
6154,440,2022-09-24,2924.46,Credit Card
6155,440,2022-11-15,5121.29,Credit Card
6156,440,2023-02-03,5237.37,Credit Card
6157,440,2023-02-07,878.05,Debit Card
6158,440,2023-02-16,2216.04,Wallet
6159,440,2023-05-14,1862.46,Cash on Delivery
6160,440,2023-07-30,1185.64,Credit Card
6161,440,2023-08-04,2576.71,Net Banking
6162,440,2023-08-14,3172.67,Cash on Delivery
6163,440,2023-09-25,8006.86,Cash on Delivery
6164,440,2024-09-23,9454.62,Debit Card
6165,440,2024-11-23,1433.51,Net Banking
6166,440,2025-01-13,19692.46,Debit Card
6167,440,2025-02-26,458.91,UPI
6168,440,2025-05-20,7781.05,Cash on Delivery
6169,440,2025-05-21,4258.47,Debit Card
6170,440,2025-06-13,9707.55,Debit Card
6171,440,2025-07-04,9313.48,UPI
6172,440,2025-12-11,4519.84,Cash on Delivery
6173,441,2023-04-05,11133.74,Wallet
6174,441,2023-04-16,10412.25,UPI
6175,441,2023-07-11,7522.28,Debit Card
6176,441,2023-09-24,3882.96,Cash on Delivery
6177,441,2023-10-16,12264.4,Net Banking
6178,441,2023-11-29,7637.64,Debit Card
6179,441,2023-12-02,469.08,Debit Card
6180,441,2024-03-10,8646.29,Credit Card
6181,441,2024-05-10,6874.74,Wallet
6182,441,2024-05-20,11838.38,UPI
6183,441,2024-06-04,9195.15,Credit Card
6184,441,2024-06-07,4105.86,Credit Card
6185,441,2024-10-05,5440.9,Credit Card
6186,441,2024-10-07,2310.59,Net Banking
6187,441,2024-10-15,23073.21,UPI
6188,441,2025-03-10,6720.48,Wallet
6189,441,2025-03-20,533.16,UPI
6190,441,2025-04-06,12813.9,Wallet
6191,441,2025-07-11,1681.26,UPI
6192,441,2025-12-15,8031.74,UPI
6193,441,2025-12-15,3668.35,Net Banking
6194,442,2024-03-06,12768.06,UPI
6195,442,2024-03-10,6688.13,UPI
6196,442,2024-10-28,6330.01,Credit Card
6197,442,2024-11-28,10980.54,Net Banking
6198,442,2025-01-18,499.68,Wallet
6199,442,2025-02-20,8046.58,Cash on Delivery
6200,442,2025-10-15,1373.26,UPI
6201,443,2025-09-15,9326.45,Wallet
6202,444,2025-08-19,3996.22,UPI
6203,445,2024-03-02,2135.35,Credit Card
6204,445,2024-06-24,4734.52,Net Banking
6205,445,2024-12-27,7426.74,Wallet
6206,445,2025-06-14,4617.96,UPI
6207,445,2025-07-29,10135.77,Wallet
6208,445,2025-07-30,10672.69,Debit Card
6209,446,2023-03-06,4105.08,Wallet
6210,446,2023-04-29,327.62,Wallet
6211,446,2023-07-13,9836.3,UPI
6212,446,2023-09-02,1513.62,Credit Card
6213,446,2024-01-07,446.74,UPI
6214,446,2024-05-15,1186.22,Wallet
6215,446,2024-09-14,3996.72,Debit Card
6216,446,2025-01-17,5497.44,Net Banking
6217,446,2025-05-13,4288.31,Debit Card
6218,446,2025-05-28,8676.15,Wallet
6219,446,2025-07-13,1083.86,Debit Card
6220,447,2024-01-31,3819.78,UPI
6221,447,2024-02-13,8687.7,Credit Card
6222,447,2024-02-26,6254.69,Credit Card
6223,447,2024-03-03,6688.95,Cash on Delivery
6224,447,2024-05-28,4441.93,UPI
6225,447,2024-06-03,2663.08,Cash on Delivery
6226,447,2024-06-30,262.98,Wallet
6227,447,2024-07-08,1885.52,Debit Card
6228,447,2024-09-09,14295.72,Cash on Delivery
6229,447,2025-02-13,7857.85,UPI
6230,447,2025-04-22,11887.94,Credit Card
6231,447,2025-05-14,5451.2,UPI
6232,447,2025-06-05,13906.39,Debit Card
6233,447,2025-07-25,1020.82,Debit Card
6234,447,2025-08-31,10372.51,UPI
6235,447,2025-09-11,1313.08,Wallet
6236,447,2025-11-11,848.51,Debit Card
6237,447,2025-12-18,15724.17,Net Banking
6238,447,2025-12-25,8668.28,Net Banking
6239,448,2025-11-01,1690.84,UPI
6240,448,2025-11-03,9280.25,Wallet
6241,448,2025-12-25,11323.05,Cash on Delivery
6242,449,2023-01-02,9560.8,Debit Card
6243,449,2023-01-04,3513.32,Wallet
6244,449,2023-03-24,3122.04,Wallet
6245,449,2023-04-16,8056.02,Credit Card
6246,449,2023-06-07,3948.84,Credit Card
6247,449,2023-08-06,3013.9,Credit Card
6248,449,2023-09-01,5180.95,Debit Card
6249,449,2023-09-25,11217.55,Wallet
6250,449,2024-02-21,4180.09,Net Banking
6251,449,2024-02-23,815.22,Wallet
6252,449,2024-02-24,1278.85,UPI
6253,449,2024-02-28,13674.45,Net Banking
6254,449,2024-05-16,403.0,Net Banking
6255,449,2024-05-21,2237.18,Credit Card
6256,449,2024-05-30,5987.59,UPI
6257,449,2024-06-20,1430.94,Cash on Delivery
6258,449,2024-08-17,2325.38,Wallet
6259,449,2024-08-30,6651.97,UPI
6260,449,2024-09-07,4154.22,Net Banking
6261,449,2024-10-19,6491.26,Cash on Delivery
6262,449,2024-11-13,4949.33,UPI
6263,449,2024-12-13,9462.35,Credit Card
6264,449,2025-01-12,11850.47,Debit Card
6265,449,2025-01-31,4851.44,Debit Card
6266,449,2025-02-13,8347.48,Net Banking
6267,449,2025-04-23,2653.82,Net Banking
6268,449,2025-05-05,451.6,Net Banking
6269,449,2025-07-07,2071.58,Net Banking
6270,449,2025-08-09,4323.82,Net Banking
6271,449,2025-09-02,2405.73,UPI
6272,449,2025-09-27,1802.62,UPI
6273,449,2025-09-28,1802.42,UPI
6274,449,2025-10-05,7591.07,Debit Card
6275,450,2023-08-04,2417.98,Credit Card
6276,450,2024-02-14,2688.81,UPI
6277,450,2024-08-15,5675.7,Cash on Delivery
6278,450,2025-02-28,3370.62,UPI
6279,450,2025-05-23,285.78,Wallet
6280,451,2023-07-15,1744.98,UPI
6281,451,2023-08-06,17598.43,Net Banking
6282,451,2024-01-27,2655.88,Wallet
6283,451,2024-05-17,12750.3,Wallet
6284,451,2024-06-01,7357.07,Wallet
6285,451,2024-07-09,6403.84,Debit Card
6286,451,2024-09-03,5787.63,Wallet
6287,451,2024-11-30,1689.06,UPI
6288,451,2025-01-27,5955.81,Credit Card
6289,451,2025-03-09,6994.14,Net Banking
6290,451,2025-03-22,9379.06,Cash on Delivery
6291,451,2025-04-08,17271.37,Net Banking
6292,451,2025-05-08,5203.27,UPI
6293,451,2025-06-19,16077.99,Debit Card
6294,451,2025-11-29,417.61,Debit Card
6295,452,2023-11-02,1404.76,Wallet
6296,452,2023-12-07,5677.92,Debit Card
6297,452,2024-03-13,7740.62,Cash on Delivery
6298,452,2024-07-02,4350.47,Cash on Delivery
6299,452,2024-11-27,11350.96,Wallet
6300,452,2024-12-04,7322.59,Cash on Delivery
6301,452,2025-02-28,136.62,Wallet
6302,453,2025-07-10,8114.5,Wallet
6303,453,2025-08-26,2408.67,Credit Card
6304,453,2025-12-17,11929.82,Wallet
6305,453,2025-12-24,2646.71,Cash on Delivery
6306,453,2025-12-29,7357.54,Wallet
6307,454,2024-08-04,15079.56,UPI
6308,454,2025-02-23,8306.8,Credit Card
6309,454,2025-04-11,1741.48,Debit Card
6310,454,2025-06-30,10786.01,Net Banking
6311,454,2025-07-01,7724.54,Net Banking
6312,454,2025-09-21,5735.95,Cash on Delivery
6313,454,2025-09-29,7170.08,Wallet
6314,454,2025-10-12,3139.2,Wallet
6315,455,2023-11-09,4938.21,Wallet
6316,455,2024-09-04,14105.25,Credit Card
6317,455,2025-04-10,11975.47,Cash on Delivery
6318,455,2025-05-04,6002.54,Wallet
6319,455,2025-08-02,4952.97,Credit Card
6320,455,2025-09-16,11612.87,UPI
6321,455,2025-11-13,7469.24,Wallet
6322,456,2022-10-30,5274.63,Debit Card
6323,456,2022-11-22,6895.78,Debit Card
6324,456,2022-11-27,2619.2,Cash on Delivery
6325,456,2023-04-04,560.43,Credit Card
6326,456,2023-05-06,11268.74,Credit Card
6327,456,2024-03-17,3513.78,Net Banking
6328,456,2024-04-05,10696.05,Debit Card
6329,456,2024-06-13,5112.27,Net Banking
6330,456,2024-10-15,5674.97,UPI
6331,456,2025-05-16,4158.36,UPI
6332,456,2025-05-21,7259.89,Debit Card
6333,456,2025-10-14,232.27,Cash on Delivery
6334,456,2025-12-06,3868.19,Cash on Delivery
6335,457,2023-04-12,1179.74,Cash on Delivery
6336,457,2023-05-03,2379.14,Debit Card
6337,457,2023-06-18,19882.36,Wallet
6338,457,2023-07-16,2441.58,Wallet
6339,457,2023-08-31,2617.6,UPI
6340,457,2023-09-13,3393.78,Wallet
6341,457,2023-11-09,2857.02,Credit Card
6342,457,2023-11-18,14115.42,Credit Card
6343,457,2024-01-13,2133.89,Cash on Delivery
6344,457,2024-02-04,2845.29,Credit Card
6345,457,2024-02-13,6570.88,Credit Card
6346,457,2024-03-19,11039.79,Credit Card
6347,457,2024-04-05,10052.87,Credit Card
6348,457,2024-05-10,12112.77,Credit Card
6349,457,2024-12-20,4112.24,Credit Card
6350,457,2025-03-02,2178.21,Wallet
6351,457,2025-03-12,461.58,Net Banking
6352,457,2025-04-20,401.22,Debit Card
6353,457,2025-05-02,4335.3,Wallet
6354,457,2025-05-27,6863.66,Debit Card
6355,457,2025-06-22,6005.64,Net Banking
6356,457,2025-06-29,9968.79,Wallet
6357,457,2025-07-02,3482.16,Cash on Delivery
6358,457,2025-10-25,2956.26,Cash on Delivery
6359,457,2025-11-15,3749.52,Wallet
6360,458,2023-04-12,4017.87,Debit Card
6361,458,2023-05-05,6295.56,Wallet
6362,458,2023-11-21,4169.86,Debit Card
6363,458,2023-12-01,4814.28,Debit Card
6364,458,2024-02-21,11583.03,Credit Card
6365,458,2024-04-16,1644.58,Cash on Delivery
6366,458,2024-05-31,5311.19,Cash on Delivery
6367,458,2024-06-03,12138.72,Debit Card
6368,458,2024-06-12,12263.86,Net Banking
6369,458,2024-07-01,832.05,Debit Card
6370,458,2024-07-09,6650.1,Credit Card
6371,458,2024-07-09,3660.34,UPI
6372,458,2024-07-13,981.24,UPI
6373,458,2024-07-21,3810.26,Debit Card
6374,458,2024-08-10,3015.36,Wallet
6375,458,2024-08-21,2996.94,Net Banking
6376,458,2024-10-06,1503.18,UPI
6377,458,2024-10-10,6299.46,Wallet
6378,458,2024-10-27,12282.53,Cash on Delivery
6379,458,2024-11-17,7513.56,Debit Card
6380,458,2025-01-11,4081.75,Wallet
6381,458,2025-02-20,1966.05,UPI
6382,458,2025-05-11,10147.64,UPI
6383,458,2025-05-12,6603.24,Wallet
6384,458,2025-06-19,4507.0,UPI
6385,458,2025-07-10,9187.59,Cash on Delivery
6386,458,2025-08-22,3227.48,UPI
6387,458,2025-10-04,5972.54,Wallet
6388,458,2025-10-28,1044.45,Credit Card
6389,458,2025-11-06,8887.0,Cash on Delivery
6390,459,2020-05-19,7926.31,Wallet
6391,459,2020-08-27,10649.12,UPI
6392,459,2020-09-26,13132.62,UPI
6393,459,2020-11-12,10488.48,Credit Card
6394,459,2020-11-14,5290.67,UPI
6395,459,2020-11-20,2507.46,Cash on Delivery
6396,459,2020-12-26,6429.5,Debit Card
6397,459,2021-01-31,6467.29,Debit Card
6398,459,2021-05-12,2264.61,Cash on Delivery
6399,459,2021-05-16,2740.62,Debit Card
6400,459,2021-06-19,4044.33,Net Banking
6401,459,2021-09-17,551.22,Cash on Delivery
6402,459,2021-10-24,10057.02,Wallet
6403,459,2022-02-24,1136.9,Credit Card
6404,459,2022-03-17,13765.03,Debit Card
6405,459,2022-03-21,1561.16,Wallet
6406,459,2022-05-24,6088.41,Cash on Delivery
6407,459,2022-06-22,4856.09,UPI
6408,459,2022-09-19,1843.68,Debit Card
6409,459,2022-10-09,2425.57,Cash on Delivery
6410,459,2023-01-29,5263.92,UPI
6411,459,2023-05-10,1429.58,Wallet
6412,459,2023-05-21,9005.43,Wallet
6413,459,2023-07-23,6241.12,UPI
6414,459,2023-08-27,1291.72,UPI
6415,459,2023-09-23,9693.08,Wallet
6416,459,2023-10-15,805.5,Debit Card
6417,459,2023-11-04,1369.04,Net Banking
6418,459,2024-03-16,418.98,Net Banking
6419,459,2024-03-25,13659.55,Cash on Delivery
6420,459,2024-08-12,2990.11,Credit Card
6421,459,2025-04-14,10196.61,Net Banking
6422,459,2025-04-17,2951.11,Net Banking
6423,459,2025-06-30,11507.92,Debit Card
6424,459,2025-08-09,2449.69,Debit Card
6425,459,2025-08-19,2659.77,Cash on Delivery
6426,459,2025-09-29,3392.79,Debit Card
6427,459,2025-11-20,8032.94,Cash on Delivery
6428,459,2025-11-21,3985.33,Wallet
6429,460,2023-03-10,8927.34,Cash on Delivery
6430,460,2023-04-13,6226.61,Debit Card
6431,460,2023-07-10,373.9,Net Banking
6432,460,2023-07-10,276.42,Net Banking
6433,460,2023-08-31,1194.48,Debit Card
6434,460,2023-10-04,13163.25,UPI
6435,460,2023-10-05,678.84,Debit Card
6436,460,2023-10-14,2253.76,Wallet
6437,460,2023-10-25,3754.92,Wallet
6438,460,2023-10-30,1992.56,Wallet
6439,460,2023-11-13,3972.66,UPI
6440,460,2023-11-16,13952.52,Cash on Delivery
6441,460,2023-12-27,206.94,UPI
6442,460,2024-01-26,347.92,Debit Card
6443,460,2024-02-04,5383.06,Cash on Delivery
6444,460,2024-03-04,2414.64,UPI
6445,460,2024-03-06,7864.53,Credit Card
6446,460,2024-03-12,1411.92,Net Banking
6447,460,2024-03-21,9855.7,UPI
6448,460,2024-04-04,3230.24,Cash on Delivery
6449,460,2024-05-03,4413.0,Debit Card
6450,460,2024-05-16,3271.85,Cash on Delivery
6451,460,2024-05-18,3433.49,Net Banking
6452,460,2024-05-25,240.04,UPI
6453,460,2024-06-02,12286.22,Net Banking
6454,460,2024-07-22,6425.24,UPI
6455,460,2024-08-21,8372.78,Net Banking
6456,460,2024-08-25,1734.16,Debit Card
6457,460,2024-09-03,7823.3,Wallet
6458,460,2024-10-01,603.35,Wallet
6459,460,2024-10-08,5919.69,Cash on Delivery
6460,460,2024-11-12,13773.09,Credit Card
6461,460,2024-12-24,3974.26,Cash on Delivery
6462,460,2025-01-24,5468.49,UPI
6463,460,2025-02-02,6155.38,Net Banking
6464,460,2025-03-14,2398.1,Cash on Delivery
6465,460,2025-05-15,7458.51,Credit Card
6466,460,2025-06-06,6001.76,Net Banking
6467,460,2025-07-14,1494.87,Debit Card
6468,460,2025-09-19,14659.29,Debit Card
6469,460,2025-09-25,1600.78,UPI
6470,460,2025-09-27,5024.3,Wallet
6471,460,2025-10-07,8277.52,Credit Card
6472,460,2025-10-10,6452.54,UPI
6473,460,2025-10-25,6556.02,Net Banking
6474,460,2025-12-03,9269.85,UPI
6475,460,2025-12-25,7159.47,UPI
6476,461,2024-09-03,1781.34,Net Banking
6477,461,2024-09-22,9812.3,Wallet
6478,461,2024-10-06,3203.52,Credit Card
6479,461,2024-10-08,14075.19,UPI
6480,461,2024-11-03,5753.3,Wallet
6481,461,2024-12-15,465.62,Net Banking
6482,461,2025-02-15,1859.22,UPI
6483,461,2025-02-18,8430.76,Net Banking
6484,461,2025-03-24,10281.86,Net Banking
6485,461,2025-04-22,8349.33,UPI
6486,461,2025-05-21,3406.59,Debit Card
6487,461,2025-06-05,891.6,Cash on Delivery
6488,461,2025-06-07,2801.2,Debit Card
6489,461,2025-06-25,8395.92,UPI
6490,461,2025-08-22,7124.05,Wallet
6491,461,2025-08-24,2183.5,UPI
6492,461,2025-08-31,10615.04,Cash on Delivery
6493,461,2025-11-15,5596.98,Wallet
6494,461,2025-11-16,7995.49,Net Banking
6495,462,2023-03-20,239.92,Net Banking
6496,462,2023-06-12,1855.16,Credit Card
6497,462,2023-06-24,5946.52,Net Banking
6498,462,2023-07-10,5793.91,UPI
6499,462,2023-10-13,396.87,Cash on Delivery
6500,462,2023-10-16,16659.72,Net Banking
6501,462,2023-10-20,2970.32,Net Banking
6502,462,2023-12-30,4363.5,Credit Card
6503,462,2024-01-24,6314.59,UPI
6504,462,2024-02-08,2987.42,Wallet
6505,462,2024-02-28,906.36,Cash on Delivery
6506,462,2024-03-08,11391.94,Wallet
6507,462,2024-05-17,11629.21,Wallet
6508,462,2024-06-11,4252.09,UPI
6509,462,2024-10-16,207.26,UPI
6510,462,2024-11-05,503.24,Wallet
6511,462,2024-11-24,23372.81,Net Banking
6512,462,2025-01-03,6621.28,Debit Card
6513,462,2025-04-17,5440.92,UPI
6514,462,2025-05-31,2096.16,Credit Card
6515,462,2025-06-27,1871.45,UPI
6516,462,2025-07-13,13597.6,Debit Card
6517,462,2025-08-20,6123.84,Cash on Delivery
6518,462,2025-10-27,19193.15,Cash on Delivery
6519,462,2025-11-05,21297.91,Debit Card
6520,462,2025-12-14,9718.02,Wallet
6521,463,2025-11-19,16899.22,Debit Card
6522,463,2025-12-15,873.4,Credit Card
6523,464,2023-09-29,324.68,UPI
6524,464,2023-10-06,9276.11,Net Banking
6525,464,2023-10-08,7684.06,Net Banking
6526,464,2023-10-18,5874.76,Credit Card
6527,464,2023-11-19,1575.55,Credit Card
6528,464,2023-12-12,910.66,Debit Card
6529,464,2024-02-23,1347.4,Net Banking
6530,464,2024-02-23,1392.44,UPI
6531,464,2024-04-27,7355.99,Debit Card
6532,464,2024-06-16,9914.32,Cash on Delivery
6533,464,2024-06-28,3637.32,Cash on Delivery
6534,464,2024-07-17,9948.46,Credit Card
6535,464,2024-10-09,1736.69,Cash on Delivery
6536,464,2024-11-11,14564.0,UPI
6537,464,2024-12-04,3182.78,Wallet
6538,464,2025-04-21,16664.94,Wallet
6539,464,2025-06-07,2203.45,Debit Card
6540,464,2025-12-23,8006.69,Wallet
6541,465,2024-01-12,6017.32,Credit Card
6542,465,2024-05-04,2086.58,Wallet
6543,465,2024-05-31,389.17,Net Banking
6544,465,2024-06-27,2814.26,Debit Card
6545,465,2024-07-05,5631.3,Net Banking
6546,465,2024-10-07,601.62,Net Banking
6547,465,2025-05-25,6752.84,Cash on Delivery
6548,465,2025-06-18,9557.34,Credit Card
6549,465,2025-09-28,6915.52,Cash on Delivery
6550,465,2025-11-01,3216.36,Debit Card
6551,465,2025-11-17,3296.18,UPI
6552,466,2025-10-08,4027.12,Credit Card
6553,467,2025-11-06,2126.66,Debit Card
6554,467,2025-11-06,13273.19,Credit Card
6555,467,2025-11-26,6499.44,Credit Card
6556,467,2025-12-25,5480.75,Cash on Delivery
6557,468,2022-06-07,3688.8,Debit Card
6558,468,2022-06-20,7399.78,UPI
6559,468,2022-07-02,6545.54,Debit Card
6560,468,2022-07-25,8547.26,UPI
6561,468,2022-07-26,8050.77,Debit Card
6562,468,2022-07-27,501.16,UPI
6563,468,2022-09-28,2256.0,Cash on Delivery
6564,468,2022-11-27,882.91,UPI
6565,468,2022-12-11,1390.34,Credit Card
6566,468,2022-12-30,705.16,Wallet
6567,468,2023-01-11,5356.64,Debit Card
6568,468,2023-02-01,15285.6,Credit Card
6569,468,2023-02-07,2847.74,Wallet
6570,468,2023-02-07,2327.1,Net Banking
6571,468,2023-02-12,2477.02,Debit Card
6572,468,2023-03-28,3360.05,Debit Card
6573,468,2023-04-06,4551.54,Net Banking
6574,468,2023-05-10,2247.44,Cash on Delivery
6575,468,2023-06-12,10021.24,Credit Card
6576,468,2023-08-14,8546.18,Credit Card
6577,468,2023-08-18,748.32,UPI
6578,468,2023-09-02,22540.94,Net Banking
6579,468,2023-10-02,1784.16,Debit Card
6580,468,2023-10-08,6779.11,UPI
6581,468,2023-11-01,2963.58,Wallet
6582,468,2023-12-14,6464.43,Net Banking
6583,468,2024-02-08,801.12,Net Banking
6584,468,2024-02-16,425.26,Net Banking
6585,468,2024-03-14,809.4,UPI
6586,468,2024-03-19,2168.76,Credit Card
6587,468,2024-05-24,7780.74,Debit Card
6588,468,2024-05-26,9770.03,UPI
6589,468,2024-05-28,206.64,Net Banking
6590,468,2024-07-09,6369.26,UPI
6591,468,2024-08-09,5612.14,Credit Card
6592,468,2024-10-03,14621.19,Credit Card
6593,468,2025-01-11,8668.06,Credit Card
6594,468,2025-04-18,4275.2,Credit Card
6595,468,2025-06-15,562.6,Cash on Delivery
6596,468,2025-07-03,5480.44,Credit Card
6597,468,2025-07-21,10292.24,Net Banking
6598,468,2025-08-18,3905.59,Debit Card
6599,468,2025-08-25,8042.04,Cash on Delivery
6600,468,2025-09-25,8977.84,Debit Card
6601,468,2025-10-02,5868.7,UPI
6602,468,2025-10-02,6928.92,Credit Card
6603,468,2025-10-15,17099.48,Credit Card
6604,468,2025-11-07,9399.74,Cash on Delivery
6605,469,2024-04-20,5260.16,UPI
6606,469,2024-10-26,2153.7,Wallet
6607,469,2025-07-10,3879.28,Net Banking
6608,469,2025-07-29,469.24,Credit Card
6609,469,2025-08-31,456.39,Cash on Delivery
6610,469,2025-09-01,2885.72,Net Banking
6611,469,2025-10-01,16786.27,Net Banking
6612,470,2024-08-11,4640.12,UPI
6613,470,2024-08-26,4626.38,Wallet
6614,470,2024-12-27,3843.86,UPI
6615,470,2025-06-02,3367.32,Cash on Delivery
6616,470,2025-11-14,5851.69,Cash on Delivery
6617,471,2022-09-04,7615.58,Cash on Delivery
6618,471,2023-02-17,3626.32,Wallet
6619,471,2023-02-24,10428.6,Cash on Delivery
6620,471,2023-07-24,7151.45,Wallet
6621,471,2023-08-10,14697.18,Wallet
6622,471,2023-08-24,15037.28,Net Banking
6623,471,2023-09-14,8389.11,Debit Card
6624,471,2023-11-11,10348.02,UPI
6625,471,2023-12-16,1704.8,Net Banking
6626,471,2024-02-23,8398.44,UPI
6627,471,2024-10-22,4161.52,UPI
6628,471,2024-12-10,464.94,Debit Card
6629,471,2025-04-19,5231.48,Wallet
6630,471,2025-05-08,1026.52,Cash on Delivery
6631,471,2025-09-13,13114.29,Credit Card
6632,472,2023-02-03,5517.66,Debit Card
6633,472,2023-03-14,1159.85,Debit Card
6634,472,2023-03-27,3815.22,Net Banking
6635,472,2023-05-04,1290.14,Credit Card
6636,472,2023-06-13,5340.75,Debit Card
6637,472,2023-09-08,10982.17,UPI
6638,472,2023-11-13,9078.58,Debit Card
6639,472,2024-01-12,2096.0,Credit Card
6640,472,2024-02-06,6915.42,Wallet
6641,472,2024-03-19,867.78,Cash on Delivery
6642,472,2024-04-05,1751.91,Net Banking
6643,472,2024-04-26,6756.26,Net Banking
6644,472,2024-07-20,9127.34,Debit Card
6645,472,2024-08-04,10692.04,Wallet
6646,472,2024-08-16,7316.52,Credit Card
6647,472,2024-09-02,8274.43,UPI
6648,472,2024-09-04,2616.36,UPI
6649,472,2024-09-24,1421.82,Wallet
6650,472,2024-10-09,5894.46,Wallet
6651,472,2024-11-01,6846.39,Debit Card
6652,472,2024-12-04,4343.8,Cash on Delivery
6653,472,2024-12-05,5700.84,Cash on Delivery
6654,472,2024-12-09,1870.4,Credit Card
6655,472,2025-01-27,9672.49,Credit Card
6656,472,2025-03-05,507.84,Credit Card
6657,472,2025-03-14,8299.35,Cash on Delivery
6658,472,2025-04-07,4109.51,Net Banking
6659,472,2025-07-13,1512.39,Credit Card
6660,472,2025-07-28,3992.92,Debit Card
6661,472,2025-10-27,2158.36,Net Banking
6662,472,2025-11-30,3540.28,Wallet
6663,472,2025-12-28,7660.75,UPI
6664,473,2022-08-09,8564.5,Wallet
6665,473,2022-08-09,5248.95,Wallet
6666,473,2023-02-22,3128.22,Net Banking
6667,473,2024-01-10,6173.68,Wallet
6668,473,2024-09-09,1342.54,Debit Card
6669,473,2025-06-11,3327.36,Cash on Delivery
6670,473,2025-06-16,9943.59,UPI
6671,473,2025-07-02,14099.92,Wallet
6672,473,2025-11-25,2275.75,Wallet
6673,473,2025-11-26,5795.8,Wallet
6674,474,2024-06-25,9992.83,Net Banking
6675,474,2024-08-31,10788.51,Net Banking
6676,474,2024-11-21,11578.83,Debit Card
6677,474,2024-12-20,9227.48,Debit Card
6678,474,2024-12-27,9406.08,UPI
6679,474,2025-01-07,5835.16,Cash on Delivery
6680,474,2025-02-19,6860.09,Debit Card
6681,474,2025-05-01,7618.66,Cash on Delivery
6682,474,2025-06-01,8324.46,Wallet
6683,474,2025-07-10,1867.56,UPI
6684,474,2025-08-28,2347.92,Debit Card
6685,474,2025-09-05,6992.37,Debit Card
6686,474,2025-09-13,2264.24,Net Banking
6687,474,2025-10-08,3993.58,Wallet
6688,474,2025-10-10,5499.45,UPI
6689,474,2025-10-18,4088.07,Credit Card
6690,474,2025-10-20,10500.18,Net Banking
6691,474,2025-11-23,1700.97,Wallet
6692,474,2025-11-28,2391.84,Debit Card
6693,474,2025-12-30,8641.7,Net Banking
6694,475,2024-02-17,10367.01,Credit Card
6695,475,2024-11-09,7379.44,Wallet
6696,475,2025-04-17,6714.66,Cash on Delivery
6697,475,2025-04-22,16711.67,UPI
6698,475,2025-11-18,407.62,Net Banking
6699,476,2020-09-12,5949.5,Cash on Delivery
6700,476,2020-10-21,232.42,Debit Card
6701,476,2020-12-25,2606.29,Cash on Delivery
6702,476,2021-03-30,17412.22,Credit Card
6703,476,2022-05-05,1875.75,Debit Card
6704,476,2022-11-10,2178.9,Debit Card
6705,476,2022-11-15,6055.32,Debit Card
6706,476,2023-05-27,3154.26,Cash on Delivery
6707,476,2024-02-24,1836.99,Cash on Delivery
6708,476,2025-07-04,4005.38,UPI
6709,476,2025-11-11,1392.99,Cash on Delivery
6710,476,2025-12-15,5299.64,Credit Card
6711,477,2022-12-02,5508.4,UPI
6712,477,2022-12-16,3723.14,Credit Card
6713,477,2022-12-27,22818.45,Debit Card
6714,477,2023-01-01,2680.29,Cash on Delivery
6715,477,2023-01-13,10055.84,Cash on Delivery
6716,477,2023-02-01,3584.14,Credit Card
6717,477,2023-02-11,4652.05,Cash on Delivery
6718,477,2023-03-07,13021.42,Net Banking
6719,477,2023-04-05,8160.04,Wallet
6720,477,2023-04-13,2460.46,Net Banking
6721,477,2023-05-25,1746.95,Cash on Delivery
6722,477,2023-06-03,8127.15,Net Banking
6723,477,2023-06-30,686.73,UPI
6724,477,2023-07-01,7350.79,Net Banking
6725,477,2023-07-28,5359.34,Wallet
6726,477,2023-08-20,490.68,Debit Card
6727,477,2023-10-06,1825.14,Net Banking
6728,477,2023-12-16,10811.18,Net Banking
6729,477,2024-02-24,3327.09,UPI
6730,477,2024-03-08,12916.69,Cash on Delivery
6731,477,2024-04-24,6144.36,Cash on Delivery
6732,477,2024-04-30,6923.36,Credit Card
6733,477,2024-05-03,519.9,Net Banking
6734,477,2024-05-12,1379.66,Debit Card
6735,477,2024-05-27,5682.89,Credit Card
6736,477,2024-05-27,682.8,Credit Card
6737,477,2024-07-17,2555.19,Debit Card
6738,477,2024-07-21,8931.68,Debit Card
6739,477,2024-09-10,617.48,Cash on Delivery
6740,477,2024-09-21,3985.4,Net Banking
6741,477,2024-11-11,7191.75,Wallet
6742,477,2024-11-15,7540.62,UPI
6743,477,2025-02-16,2715.83,Cash on Delivery
6744,477,2025-03-12,4464.36,UPI
6745,477,2025-04-02,6656.35,Wallet
6746,477,2025-04-11,6138.04,UPI
6747,477,2025-05-12,16862.68,Net Banking
6748,477,2025-05-22,1310.14,Cash on Delivery
6749,477,2025-06-01,4308.92,Wallet
6750,477,2025-06-09,3025.61,Net Banking
6751,477,2025-07-05,8570.21,Debit Card
6752,477,2025-07-17,1866.44,Credit Card
6753,477,2025-07-20,720.57,Debit Card
6754,477,2025-08-27,9185.53,Credit Card
6755,477,2025-10-12,9159.87,UPI
6756,478,2024-01-02,6507.08,Debit Card
6757,478,2024-01-21,3401.88,Cash on Delivery
6758,478,2024-04-13,3615.62,Debit Card
6759,478,2024-06-16,15184.15,Wallet
6760,478,2024-07-09,259.68,UPI
6761,478,2024-07-19,16583.71,Net Banking
6762,478,2024-08-14,1553.33,Credit Card
6763,478,2024-08-17,3248.85,Cash on Delivery
6764,478,2024-09-14,3352.82,UPI
6765,478,2024-09-23,9873.95,UPI
6766,478,2024-09-26,4856.75,UPI
6767,478,2024-10-03,5557.46,UPI
6768,478,2024-11-18,8615.12,Cash on Delivery
6769,478,2024-11-29,2577.09,Credit Card
6770,478,2024-12-03,11045.62,Credit Card
6771,478,2024-12-04,12042.88,Credit Card
6772,478,2024-12-06,8933.32,Credit Card
6773,478,2024-12-31,14019.76,Wallet
6774,478,2025-01-29,7059.55,Credit Card
6775,478,2025-01-29,3532.22,Debit Card
6776,478,2025-01-30,1421.26,Cash on Delivery
6777,478,2025-02-12,14652.52,Wallet
6778,478,2025-03-15,15668.67,Credit Card
6779,478,2025-05-23,6984.03,Debit Card
6780,478,2025-06-03,5255.67,Debit Card
6781,478,2025-06-13,10074.58,Cash on Delivery
6782,478,2025-07-10,5181.33,UPI
6783,478,2025-07-12,1007.08,UPI
6784,478,2025-07-18,3506.88,Cash on Delivery
6785,478,2025-07-18,3385.77,Cash on Delivery
6786,478,2025-07-23,6698.17,Wallet
6787,478,2025-08-03,581.44,Debit Card
6788,478,2025-09-29,6715.89,UPI
6789,478,2025-10-24,1471.85,Debit Card
6790,478,2025-11-15,2293.05,Cash on Delivery
6791,478,2025-12-11,3677.89,Wallet
6792,479,2022-11-07,6566.01,UPI
6793,479,2023-01-12,3072.24,Credit Card
6794,479,2023-03-16,8257.67,Cash on Delivery
6795,479,2023-04-18,3887.34,Wallet
6796,479,2023-10-12,4388.93,UPI
6797,479,2024-03-28,10136.41,UPI
6798,479,2024-07-27,4032.63,Net Banking
6799,479,2024-11-14,9670.04,Credit Card
6800,479,2025-04-22,1010.52,UPI
6801,479,2025-12-08,9714.72,Net Banking
6802,480,2024-04-02,8663.0,Credit Card
6803,480,2024-05-31,8504.97,UPI
6804,480,2025-05-19,3898.48,Wallet
6805,481,2020-10-12,1016.37,Cash on Delivery
6806,481,2021-01-26,8479.75,Credit Card
6807,481,2021-05-14,4166.03,Cash on Delivery
6808,481,2021-12-12,5202.16,Net Banking
6809,481,2022-05-01,16307.46,Cash on Delivery
6810,481,2022-08-02,7125.44,UPI
6811,481,2023-03-22,2499.23,Cash on Delivery
6812,481,2023-07-03,5535.61,Cash on Delivery
6813,481,2023-07-12,3090.1,UPI
6814,481,2023-07-19,7765.66,Net Banking
6815,481,2023-07-30,13550.03,Wallet
6816,481,2023-09-16,9988.92,Credit Card
6817,481,2023-11-13,2880.51,Net Banking
6818,481,2024-07-22,6696.48,Wallet
6819,481,2025-03-16,12491.0,Credit Card
6820,482,2024-01-12,2638.94,Credit Card
6821,482,2024-01-13,503.02,Net Banking
6822,482,2024-01-14,10574.07,Wallet
6823,482,2024-04-07,4329.12,Net Banking
6824,482,2024-07-27,11613.72,Wallet
6825,482,2024-09-22,7163.27,UPI
6826,482,2024-11-19,9395.55,Wallet
6827,482,2025-01-13,8948.15,Wallet
6828,482,2025-04-02,14710.34,Net Banking
6829,482,2025-07-11,2990.02,Debit Card
6830,482,2025-07-14,6621.99,UPI
6831,482,2025-07-17,21766.86,Wallet
6832,482,2025-07-20,1428.92,Net Banking
6833,482,2025-08-09,10936.62,Debit Card
6834,482,2025-10-17,942.43,Net Banking
6835,483,2023-03-31,15111.74,UPI
6836,483,2023-05-24,8464.55,Net Banking
6837,483,2023-06-26,5599.56,UPI
6838,483,2023-10-01,4412.76,Debit Card
6839,483,2024-05-14,3528.48,Credit Card
6840,483,2025-04-09,3603.92,Cash on Delivery
6841,483,2025-07-17,4255.98,Cash on Delivery
6842,483,2025-07-23,10098.47,Net Banking
6843,483,2025-10-26,6326.55,Credit Card
6844,484,2022-04-19,1322.37,Wallet
6845,484,2022-05-08,5782.9,Cash on Delivery
6846,484,2022-06-18,2302.49,Credit Card
6847,484,2022-10-28,2381.62,Credit Card
6848,484,2022-11-17,1692.79,Net Banking
6849,484,2022-11-28,7787.49,UPI
6850,484,2022-11-30,601.95,Cash on Delivery
6851,484,2022-12-10,8082.62,Net Banking
6852,484,2023-02-07,6790.3,UPI
6853,484,2023-04-21,8402.94,Net Banking
6854,484,2023-12-22,5326.42,Cash on Delivery
6855,484,2023-12-26,413.86,Net Banking
6856,484,2024-02-14,4237.14,Wallet
6857,484,2024-02-22,5974.2,Net Banking
6858,484,2024-04-06,12422.63,Debit Card
6859,484,2024-05-05,6397.52,Debit Card
6860,484,2024-05-25,2058.94,Debit Card
6861,484,2024-08-20,7321.24,UPI
6862,484,2024-11-08,276.66,Credit Card
6863,484,2025-02-23,17716.4,Wallet
6864,484,2025-04-10,644.41,UPI
6865,484,2025-04-22,1293.79,Net Banking
6866,484,2025-10-07,13129.6,Debit Card
6867,485,2022-11-25,4399.79,Wallet
6868,485,2023-01-21,1926.16,UPI
6869,485,2023-11-05,2077.46,Cash on Delivery
6870,485,2024-03-31,10608.07,Credit Card
6871,485,2024-05-25,13207.48,Net Banking
6872,485,2024-07-01,16541.39,Net Banking
6873,485,2024-09-07,11796.07,Debit Card
6874,485,2024-11-18,1285.6,Wallet
6875,485,2024-11-29,6800.91,Wallet
6876,485,2025-02-17,7458.25,Wallet
6877,485,2025-06-25,9657.57,Net Banking
6878,485,2025-08-13,3734.79,Debit Card
6879,485,2025-08-14,9196.8,Wallet
6880,485,2025-10-01,11607.92,Wallet
6881,485,2025-11-24,12217.32,Debit Card
6882,485,2025-12-19,255.67,UPI
6883,486,2024-01-30,4257.24,Debit Card
6884,486,2024-04-06,5715.69,Wallet
6885,486,2024-04-12,16778.88,Net Banking
6886,486,2024-05-12,3846.49,Wallet
6887,486,2024-07-10,11362.17,Net Banking
6888,486,2024-07-24,4922.3,Cash on Delivery
6889,486,2024-09-25,547.54,UPI
6890,486,2024-10-01,9728.86,Credit Card
6891,486,2024-11-03,3602.7,Debit Card
6892,486,2025-03-16,2258.19,Net Banking
6893,486,2025-04-19,4360.55,Credit Card
6894,486,2025-05-16,6447.95,Net Banking
6895,486,2025-06-04,9753.27,UPI
6896,486,2025-07-25,2757.2,Wallet
6897,486,2025-09-06,4786.26,Wallet
6898,486,2025-10-12,2471.22,Wallet
6899,486,2025-11-20,8073.08,Debit Card
6900,486,2025-11-21,7162.01,Wallet
6901,486,2025-11-29,3707.84,Debit Card
6902,486,2025-12-15,11346.73,Credit Card
6903,487,2022-01-30,4330.19,Wallet
6904,487,2022-11-18,5718.97,Debit Card
6905,487,2022-11-19,11604.14,Debit Card
6906,487,2023-01-09,1883.54,Wallet
6907,487,2023-01-22,1689.96,Credit Card
6908,487,2023-03-01,4978.38,Debit Card
6909,487,2023-03-06,7085.47,Debit Card
6910,487,2023-03-18,2100.28,Net Banking
6911,487,2023-03-27,7562.09,Debit Card
6912,487,2023-04-04,4443.0,Wallet
6913,487,2023-06-02,22566.33,Debit Card
6914,487,2023-08-13,9954.58,Net Banking
6915,487,2023-08-18,3807.21,Cash on Delivery
6916,487,2023-09-19,6429.12,Debit Card
6917,487,2024-03-19,10991.79,Wallet
6918,487,2024-04-22,4139.15,UPI
6919,487,2024-06-27,5201.02,UPI
6920,487,2024-07-12,7016.82,UPI
6921,487,2024-09-27,2492.7,Debit Card
6922,487,2025-01-26,5227.59,Credit Card
6923,487,2025-04-09,2775.64,Wallet
6924,487,2025-05-10,962.03,Debit Card
6925,487,2025-05-24,2539.95,Credit Card
6926,487,2025-06-21,8764.96,Cash on Delivery
6927,487,2025-07-06,6175.93,Debit Card
6928,487,2025-07-11,5094.75,Net Banking
6929,487,2025-07-16,6290.15,UPI
6930,487,2025-12-20,4060.12,Cash on Delivery
6931,488,2025-10-29,12322.3,Wallet
6932,488,2025-11-02,3706.21,Cash on Delivery
6933,489,2023-05-27,10124.87,Wallet
6934,489,2023-08-21,6978.23,Debit Card
6935,489,2024-05-30,2204.15,Debit Card
6936,489,2024-06-29,6433.23,Debit Card
6937,489,2024-09-19,4653.5,Credit Card
6938,489,2024-11-04,3238.04,Credit Card
6939,489,2025-02-27,9729.41,Net Banking
6940,489,2025-04-09,6188.36,Debit Card
6941,489,2025-05-07,1058.42,Wallet
6942,489,2025-06-17,6141.04,Net Banking
6943,489,2025-11-26,3938.64,Net Banking
6944,489,2025-12-28,2558.66,UPI
6945,490,2023-03-21,11751.41,Credit Card
6946,490,2023-08-09,4446.54,UPI
6947,490,2024-12-15,13162.05,Debit Card
6948,491,2025-08-25,10752.06,UPI
6949,491,2025-12-05,1923.53,Net Banking
6950,492,2022-12-15,727.5,Cash on Delivery
6951,492,2023-03-23,7327.7,Debit Card
6952,492,2023-07-22,3670.1,Debit Card
6953,492,2023-11-03,5995.21,Debit Card
6954,492,2023-12-04,7673.62,Wallet
6955,492,2024-01-11,10640.56,Wallet
6956,492,2024-07-16,769.44,Net Banking
6957,492,2024-08-10,12525.88,Credit Card
6958,492,2025-07-16,9525.32,Credit Card
6959,492,2025-09-05,3481.28,Cash on Delivery
6960,493,2024-02-04,6893.29,Cash on Delivery
6961,493,2024-02-19,9460.1,UPI
6962,493,2024-04-07,2110.34,UPI
6963,493,2024-04-16,8601.5,Credit Card
6964,493,2024-05-07,10439.5,Credit Card
6965,493,2024-05-12,6276.24,Wallet
6966,493,2024-06-05,2830.47,Net Banking
6967,493,2024-07-16,5045.26,Credit Card
6968,493,2024-07-30,1879.58,Credit Card
6969,493,2024-09-03,7261.24,Debit Card
6970,493,2024-12-14,4027.2,Net Banking
6971,493,2025-05-24,9876.96,Net Banking
6972,493,2025-07-16,1283.64,Cash on Delivery
6973,493,2025-08-21,9026.88,UPI
6974,493,2025-09-15,656.8,Wallet
6975,494,2024-11-12,5822.88,Cash on Delivery
6976,494,2025-06-01,708.75,Cash on Delivery
6977,495,2024-05-24,3702.54,UPI
6978,495,2024-06-06,3191.89,Credit Card
6979,495,2024-12-19,4543.62,Debit Card
6980,496,2021-07-06,16215.24,Credit Card
6981,496,2022-01-29,2511.72,Debit Card
6982,496,2022-08-05,6186.06,Wallet
6983,496,2022-10-14,1851.04,Net Banking
6984,496,2022-10-24,545.54,Credit Card
6985,496,2022-11-15,10267.86,Wallet
6986,496,2022-11-28,9888.7,UPI
6987,496,2023-01-22,900.25,Cash on Delivery
6988,496,2023-05-20,11408.61,UPI
6989,496,2023-11-19,12756.33,Debit Card
6990,496,2024-01-14,6882.29,Net Banking
6991,496,2024-06-06,1062.42,Debit Card
6992,496,2024-08-12,11088.67,Debit Card
6993,496,2024-08-16,10467.97,UPI
6994,496,2024-12-06,492.16,UPI
6995,496,2025-02-17,3804.64,Cash on Delivery
6996,496,2025-06-15,2606.46,Net Banking
6997,496,2025-07-14,10101.52,UPI
6998,496,2025-08-13,10368.21,Cash on Delivery
6999,497,2022-09-06,8425.52,Wallet
7000,497,2022-09-20,930.66,Cash on Delivery
7001,497,2023-01-31,1875.46,Wallet
7002,497,2023-03-05,8017.14,UPI
7003,497,2023-04-03,4281.26,Cash on Delivery
7004,497,2023-06-21,3216.8,UPI
7005,497,2023-08-20,2967.76,UPI
7006,497,2023-08-23,18639.75,Debit Card
7007,497,2023-09-30,8064.97,Net Banking
7008,497,2023-10-23,1098.25,UPI
7009,497,2023-11-03,10117.62,UPI
7010,497,2023-12-06,3497.26,UPI
7011,497,2024-02-26,17595.69,UPI
7012,497,2024-06-20,5083.65,Net Banking
7013,497,2024-06-28,8516.98,Wallet
7014,497,2024-08-01,5894.57,Credit Card
7015,497,2024-09-11,1391.38,UPI
7016,497,2024-11-19,4301.36,Wallet
7017,497,2024-12-05,515.32,Wallet
7018,497,2024-12-06,14725.84,UPI
7019,497,2025-01-31,7117.98,Credit Card
7020,497,2025-02-10,7445.11,Wallet
7021,497,2025-04-23,3522.7,Credit Card
7022,497,2025-06-24,1927.12,Credit Card
7023,497,2025-08-31,7208.08,Wallet
7024,497,2025-10-31,566.46,Debit Card
7025,497,2025-11-18,3536.04,Credit Card
7026,498,2025-11-24,6989.0,Net Banking
7027,498,2025-11-24,14344.5,Debit Card
7028,499,2023-08-24,3597.8,UPI
7029,499,2023-11-12,16256.33,Credit Card
7030,500,2023-07-17,3354.34,UPI
7031,500,2023-07-22,3228.02,Credit Card
7032,500,2024-11-01,9249.15,Wallet
7033,500,2024-12-07,4489.65,Debit Card
7034,500,2024-12-27,6796.59,Net Banking
7035,500,2025-01-18,4337.07,Wallet
7036,500,2025-05-30,5012.35,UPI
7037,500,2025-07-08,9820.4,Debit Card
