order_item_id,order_id,product_id,quantity,unit_price,line_total
1,1,14,2,147.4,294.8
2,1,18,2,1578.67,3157.34
3,1,12,2,260.73,521.46
4,2,14,6,127.38,764.28
5,2,4,3,379.8,1139.4
6,3,6,1,118.33,118.33
7,3,19,1,1061.27,1061.27
8,3,11,2,907.23,1814.46
9,3,11,5,811.81,4059.05
10,4,20,3,188.3,564.9
11,5,5,3,169.33,507.99
12,5,15,1,767.29,767.29
13,5,15,1,823.65,823.65
14,6,6,4,137.92,551.68
15,7,16,2,1250.97,2501.94
16,7,4,3,442.41,1327.23
17,8,1,6,1906.14,11436.84
18,9,11,5,894.22,4471.1
19,9,9,6,2079.89,12479.34
20,9,8,3,477.18,1431.54
21,10,16,1,1234.2,1234.2
22,10,14,4,139.59,558.36
23,10,16,4,1085.33,4341.32
24,11,11,3,905.21,2715.63
25,12,1,4,1824.94,7299.76
26,12,13,2,538.65,1077.3
27,12,18,2,1702.05,3404.1
28,12,19,1,1110.95,1110.95
29,13,17,2,2321.13,4642.26
30,13,14,1,122.08,122.08
31,14,20,3,245.43,736.29
32,14,2,5,710.93,3554.65
33,14,18,3,1600.93,4802.79
34,14,8,2,468.41,936.82
35,15,15,1,795.29,795.29
36,15,9,3,1903.46,5710.38
37,15,12,3,271.51,814.53
38,15,5,2,165.48,330.96
39,16,16,1,998.92,998.92
40,17,12,4,214.6,858.4
41,17,15,1,789.32,789.32
42,17,6,2,107.92,215.84
43,17,10,2,854.05,1708.1
44,18,5,3,195.51,586.53
45,19,19,5,1047.24,5236.2
46,19,7,1,608.77,608.77
47,19,7,1,611.83,611.83
48,19,7,1,577.48,577.48
49,20,4,3,384.08,1152.24
50,21,4,4,415.89,1663.56
51,21,14,2,140.2,280.4
52,21,9,1,1994.94,1994.94
53,21,1,3,1744.76,5234.28
54,22,11,2,930.24,1860.48
55,23,11,1,1028.7,1028.7
56,23,10,4,714.02,2856.08
57,24,7,3,687.33,2061.99
58,24,13,2,505.21,1010.42
59,24,12,2,212.69,425.38
60,25,16,5,1141.94,5709.7
61,26,4,2,397.06,794.12
62,26,16,5,1195.27,5976.35
63,26,12,5,236.14,1180.7
64,27,7,2,708.63,1417.26
65,27,16,1,1289.38,1289.38
66,28,9,3,1783.88,5351.64
67,28,5,2,157.5,315.0
68,28,19,3,1330.47,3991.41
69,28,6,3,110.43,331.29
70,29,17,6,2058.63,12351.78
71,29,12,2,248.48,496.96
72,29,9,2,2098.63,4197.26
73,29,14,2,136.22,272.44
74,30,2,2,745.29,1490.58
75,30,6,2,134.33,268.66
76,31,17,5,1719.99,8599.95
77,31,2,3,839.54,2518.62
78,31,18,2,1793.62,3587.24
79,32,6,1,137.92,137.92
80,32,11,2,1066.33,2132.66
81,32,6,4,131.11,524.44
82,32,7,3,570.73,1712.19
83,33,7,3,652.61,1957.83
84,34,2,1,679.23,679.23
85,35,3,1,969.23,969.23
86,35,19,2,1274.8,2549.6
87,36,3,5,959.07,4795.35
88,37,11,2,1037.82,2075.64
89,38,4,4,461.97,1847.88
90,39,16,3,1254.68,3764.04
91,39,7,2,641.08,1282.16
92,39,11,5,923.4,4617.0
93,39,18,3,1558.71,4676.13
94,40,13,1,488.03,488.03
95,41,11,2,1083.34,2166.68
96,41,19,3,1072.81,3218.43
97,41,16,2,1054.99,2109.98
98,42,12,4,254.9,1019.6
99,42,20,2,240.05,480.1
100,42,15,2,789.64,1579.28
101,42,13,1,490.54,490.54
102,43,17,4,2253.06,9012.24
103,43,10,1,781.63,781.63
104,43,1,1,2014.37,2014.37
105,44,13,1,461.78,461.78
106,44,3,1,959.53,959.53
107,44,3,2,998.59,1997.18
108,45,13,3,504.97,1514.91
109,45,1,3,2220.22,6660.66
110,46,18,2,1649.38,3298.76
111,46,13,1,452.83,452.83
112,46,11,3,888.17,2664.51
113,47,8,4,593.46,2373.84
114,47,14,3,145.89,437.67
115,47,12,4,221.28,885.12
116,48,7,4,598.48,2393.92
117,48,12,4,207.28,829.12
118,49,11,3,893.47,2680.41
119,49,8,3,547.92,1643.76
120,49,16,4,1297.25,5189.0
121,49,19,2,1258.54,2517.08
122,50,20,4,197.91,791.64
123,51,10,3,789.23,2367.69
124,52,15,1,914.54,914.54
125,52,8,2,578.68,1157.36
126,53,10,3,760.6,2281.8
127,53,1,4,1790.99,7163.96
128,53,20,1,239.88,239.88
129,54,13,5,461.43,2307.15
130,54,10,6,931.43,5588.58
131,55,2,2,704.48,1408.96
132,55,9,2,2180.7,4361.4
133,55,8,6,515.3,3091.8
134,55,3,6,847.74,5086.44
135,56,9,4,1885.27,7541.08
136,56,3,3,994.41,2983.23
137,56,18,3,1617.53,4852.59
138,57,13,2,474.12,948.24
139,57,9,4,1969.82,7879.28
140,57,19,1,1314.04,1314.04
141,57,15,2,838.12,1676.24
142,58,20,3,194.69,584.07
143,58,10,1,745.06,745.06
144,58,11,3,867.86,2603.58
145,59,3,2,955.66,1911.32
146,59,16,2,1178.45,2356.9
147,59,17,2,1946.88,3893.76
148,60,11,5,919.92,4599.6
149,61,12,2,249.83,499.66
150,62,6,2,127.62,255.24
151,62,14,3,143.99,431.97
152,62,16,2,1100.29,2200.58
153,62,5,3,189.14,567.42
154,63,10,2,973.01,1946.02
155,64,5,4,199.92,799.68
156,64,9,3,2152.92,6458.76
157,65,17,6,2316.92,13901.52
158,65,9,2,1894.17,3788.34
159,66,10,3,864.14,2592.42
160,66,19,2,1419.19,2838.38
161,67,13,2,429.81,859.62
162,67,17,1,1956.73,1956.73
163,68,6,1,115.19,115.19
164,69,4,2,411.89,823.78
165,70,20,2,216.98,433.96
166,70,8,2,569.6,1139.2
167,70,10,1,760.56,760.56
168,71,9,2,2085.64,4171.28
169,71,18,2,1666.72,3333.44
170,72,12,1,256.01,256.01
171,72,14,3,119.82,359.46
172,72,14,1,118.24,118.24
173,72,13,3,478.99,1436.97
174,73,18,1,1722.86,1722.86
175,74,1,1,1991.89,1991.89
176,75,17,2,1875.15,3750.3
177,75,20,4,212.45,849.8
178,75,16,3,1100.14,3300.42
179,75,10,4,767.59,3070.36
180,76,13,4,538.67,2154.68
181,76,4,2,338.5,677.0
182,77,8,3,579.6,1738.8
183,78,15,2,927.84,1855.68
184,78,18,3,1646.87,4940.61
185,79,9,2,2135.35,4270.7
186,79,13,3,479.54,1438.62
187,79,5,1,204.52,204.52
188,80,20,6,195.89,1175.34
189,80,19,3,1223.27,3669.81
190,80,5,3,211.62,634.86
191,81,18,3,1519.0,4557.0
192,82,19,2,1286.85,2573.7
193,82,18,3,1804.95,5414.85
194,83,15,4,886.78,3547.12
195,83,7,2,602.98,1205.96
196,83,2,4,718.36,2873.44
197,84,3,3,870.97,2612.91
198,84,8,3,530.7,1592.1
199,85,2,6,773.56,4641.36
200,85,14,4,156.37,625.48
201,85,15,3,1004.59,3013.77
202,85,3,2,743.94,1487.88
203,86,19,3,1228.14,3684.42
204,86,4,1,442.73,442.73
205,86,19,3,1359.98,4079.94
206,86,17,3,1723.38,5170.14
207,87,17,2,1764.74,3529.48
208,87,3,3,836.84,2510.52
209,87,13,5,496.14,2480.7
210,88,14,3,121.88,365.64
211,88,2,3,879.27,2637.81
212,88,17,4,1886.36,7545.44
213,88,1,5,1932.09,9660.45
214,89,9,2,1789.31,3578.62
215,90,3,3,804.73,2414.19
216,90,11,4,1081.88,4327.52
217,91,2,2,833.93,1667.86
218,92,16,2,977.27,1954.54
219,92,8,5,626.81,3134.05
220,92,14,3,157.7,473.1
221,92,5,4,198.48,793.92
222,93,12,3,267.24,801.72
223,93,13,3,422.2,1266.6
224,93,16,4,1109.77,4439.08
225,94,8,4,573.39,2293.56
226,94,8,3,626.57,1879.71
227,95,13,2,445.15,890.3
228,95,14,2,132.08,264.16
229,96,20,6,210.52,1263.12
230,97,11,4,1052.65,4210.6
231,97,5,1,158.55,158.55
232,98,16,2,1275.8,2551.6
233,99,14,3,138.17,414.51
234,100,2,4,888.28,3553.12
235,100,1,4,1996.76,7987.04
236,100,7,3,707.49,2122.47
237,101,16,2,1206.84,2413.68
238,102,19,5,1189.09,5945.45
239,103,6,3,137.98,413.94
240,103,11,1,855.79,855.79
241,103,12,3,261.2,783.6
242,103,6,2,132.61,265.22
243,104,17,3,2185.49,6556.47
244,104,17,2,2117.56,4235.12
245,105,3,2,930.81,1861.62
246,105,4,3,395.29,1185.87
247,105,9,3,2092.59,6277.77
248,105,12,2,246.85,493.7
249,106,15,5,898.57,4492.85
250,107,18,1,1866.79,1866.79
251,108,17,3,2332.56,6997.68
252,109,10,4,765.72,3062.88
253,109,7,5,628.63,3143.15
254,109,6,3,115.95,347.85
255,109,6,1,127.25,127.25
256,110,8,2,549.89,1099.78
257,111,2,1,687.6,687.6
258,111,15,4,909.34,3637.36
259,112,20,3,233.6,700.8
260,113,3,3,926.51,2779.53
261,113,11,1,798.01,798.01
262,113,5,1,206.84,206.84
263,113,17,2,2270.08,4540.16
264,114,14,4,149.01,596.04
265,115,14,2,144.56,289.12
266,116,14,3,158.5,475.5
267,117,3,3,753.0,2259.0
268,118,2,3,812.81,2438.43
269,118,14,2,135.15,270.3
270,118,4,2,457.49,914.98
271,118,11,2,969.68,1939.36
272,119,13,4,440.91,1763.64
273,119,20,3,219.82,659.46
274,119,3,3,852.42,2557.26
275,119,4,4,390.5,1562.0
276,120,12,3,218.86,656.58
277,120,10,4,832.89,3331.56
278,120,16,2,1264.05,2528.1
279,121,12,3,237.76,713.28
280,121,8,3,455.21,1365.63
281,121,2,4,836.8,3347.2
282,122,5,1,173.65,173.65
283,122,9,6,2054.31,12325.86
284,122,2,4,889.6,3558.4
285,123,15,4,994.67,3978.68
286,123,3,3,766.13,2298.39
287,124,19,1,1387.03,1387.03
288,124,18,4,1458.8,5835.2
289,125,12,4,285.89,1143.56
290,125,20,4,190.85,763.4
291,125,14,4,130.01,520.04
292,126,4,3,343.34,1030.02
293,126,11,2,878.39,1756.78
294,127,5,3,197.76,593.28
295,127,1,1,2201.21,2201.21
296,127,11,4,1065.41,4261.64
297,127,1,5,2004.28,10021.4
298,128,16,5,1139.74,5698.7
299,129,12,4,207.91,831.64
300,129,18,3,1639.31,4917.93
301,129,13,3,530.03,1590.09
302,130,13,2,534.35,1068.7
303,130,1,5,1666.95,8334.75
304,130,9,1,1942.98,1942.98
305,130,12,2,255.24,510.48
306,131,9,2,1966.33,3932.66
307,131,11,4,1008.33,4033.32
308,131,11,3,865.01,2595.03
309,132,14,1,150.68,150.68
310,132,17,3,2056.24,6168.72
311,132,18,2,1605.42,3210.84
312,132,17,5,2060.11,10300.55
313,133,10,1,810.93,810.93
314,133,19,2,1360.91,2721.82
315,134,8,3,521.48,1564.44
316,134,3,1,789.3,789.3
317,134,9,4,1968.57,7874.28
318,134,12,2,264.71,529.42
319,135,19,3,1200.51,3601.53
320,135,10,3,894.09,2682.27
321,135,20,3,195.12,585.36
322,135,16,4,1086.02,4344.08
323,136,10,2,733.31,1466.62
324,137,18,3,1653.27,4959.81
325,138,1,3,2058.08,6174.24
326,138,14,5,140.55,702.75
327,138,6,2,111.08,222.16
328,138,20,3,252.9,758.7
329,139,18,4,1605.71,6422.84
330,140,8,1,544.27,544.27
331,140,2,5,841.63,4208.15
332,140,14,1,133.69,133.69
333,140,13,2,483.13,966.26
334,141,1,2,1806.74,3613.48
335,141,6,2,110.2,220.4
336,141,4,2,399.04,798.08
337,142,16,4,984.14,3936.56
338,142,12,3,249.58,748.74
339,142,11,5,1085.22,5426.1
340,143,6,1,101.92,101.92
341,143,12,4,277.77,1111.08
342,144,3,2,862.46,1724.92
343,144,15,2,762.11,1524.22
344,144,20,3,216.59,649.77
345,145,9,2,2020.49,4040.98
346,145,10,2,877.7,1755.4
347,145,16,1,1267.41,1267.41
348,145,9,3,2359.44,7078.32
349,146,12,2,265.37,530.74
350,147,7,6,622.01,3732.06
351,148,8,1,467.03,467.03
352,148,6,2,113.82,227.64
353,148,13,3,499.56,1498.68
354,149,9,3,2303.02,6909.06
355,149,7,3,696.79,2090.37
356,149,15,5,852.77,4263.85
357,149,7,2,685.35,1370.7
358,150,11,3,926.67,2780.01
359,150,7,2,540.97,1081.94
360,150,18,1,1513.57,1513.57
361,151,8,5,481.45,2407.25
362,152,20,3,217.93,653.79
363,152,1,1,1926.84,1926.84
364,153,8,5,463.16,2315.8
365,153,2,3,882.93,2648.79
366,154,18,2,1869.5,3739.0
367,154,5,2,164.2,328.4
368,154,8,5,589.7,2948.5
369,155,5,3,205.85,617.55
370,155,10,1,789.72,789.72
371,156,18,2,1875.28,3750.56
372,157,16,3,1025.92,3077.76
373,157,7,5,597.78,2988.9
374,157,16,5,1137.59,5687.95
375,158,19,2,1257.87,2515.74
376,158,6,4,135.82,543.28
377,158,11,2,1054.32,2108.64
378,158,8,2,461.98,923.96
379,159,2,1,890.96,890.96
380,159,9,2,2117.53,4235.06
381,159,20,3,206.09,618.27
382,160,19,6,1406.99,8441.94
383,160,1,2,2221.62,4443.24
384,161,2,2,921.33,1842.66
385,161,15,4,842.3,3369.2
386,161,7,3,684.2,2052.6
387,161,10,2,902.17,1804.34
388,162,16,3,1064.57,3193.71
389,162,2,4,837.15,3348.6
390,162,3,3,895.24,2685.72
391,163,17,2,2298.99,4597.98
392,163,16,3,1306.37,3919.11
393,163,2,4,846.62,3386.48
394,164,8,3,565.48,1696.44
395,164,14,3,147.42,442.26
396,165,12,3,256.99,770.97
397,165,7,2,566.22,1132.44
398,165,16,3,1209.65,3628.95
399,166,10,2,880.58,1761.16
400,166,9,4,1923.68,7694.72
401,167,3,4,742.72,2970.88
402,167,3,3,859.94,2579.82
403,167,13,1,503.98,503.98
404,167,4,1,443.25,443.25
405,168,8,5,476.97,2384.85
406,168,20,2,244.72,489.44
407,168,8,5,486.6,2433.0
408,169,15,2,833.1,1666.2
409,169,13,3,527.38,1582.14
410,169,16,5,1205.33,6026.65
411,169,3,1,955.79,955.79
412,170,2,1,885.94,885.94
413,170,17,4,2035.7,8142.8
414,170,4,3,352.07,1056.21
415,170,16,4,1202.61,4810.44
416,171,3,3,906.56,2719.68
417,171,18,4,1469.03,5876.12
418,172,5,3,154.68,464.04
419,172,17,2,1976.8,3953.6
420,172,17,3,1924.28,5772.84
421,173,8,2,511.15,1022.3
422,173,16,3,1249.11,3747.33
423,174,12,5,279.42,1397.1
424,175,5,3,189.66,568.98
425,175,6,3,127.46,382.38
426,175,9,1,1921.47,1921.47
427,176,10,3,882.12,2646.36
428,176,19,4,1213.18,4852.72
429,176,2,3,685.71,2057.13
430,177,6,4,110.49,441.96
431,177,17,5,1731.23,8656.15
432,177,6,2,116.69,233.38
433,177,3,3,805.24,2415.72
434,178,4,1,469.0,469.0
435,178,7,1,672.07,672.07
436,178,16,5,1090.51,5452.55
437,178,4,2,465.04,930.08
438,179,3,3,963.59,2890.77
439,180,14,1,129.11,129.11
440,180,9,3,2338.72,7016.16
441,180,15,2,768.7,1537.4
442,181,20,3,206.06,618.18
443,182,10,2,830.16,1660.32
444,182,18,2,1424.16,2848.32
445,182,9,1,2074.59,2074.59
446,183,9,4,1772.48,7089.92
447,183,8,2,551.76,1103.52
448,184,12,4,225.48,901.92
449,184,7,3,534.07,1602.21
450,184,19,2,1142.93,2285.86
451,184,2,3,863.48,2590.44
452,185,11,4,814.19,3256.76
453,185,10,2,981.43,1962.86
454,186,15,4,966.42,3865.68
455,186,17,1,2311.13,2311.13
456,186,17,1,2222.58,2222.58
457,186,19,5,1220.83,6104.15
458,187,17,2,2016.65,4033.3
459,187,1,3,1651.02,4953.06
460,187,13,5,511.98,2559.9
461,188,6,3,102.18,306.54
462,188,12,3,236.5,709.5
463,189,13,2,469.77,939.54
464,189,5,2,190.71,381.42
465,189,20,5,229.58,1147.9
466,190,14,4,137.28,549.12
467,190,8,1,459.86,459.86
468,190,13,3,463.02,1389.06
469,191,2,3,746.29,2238.87
470,191,1,3,2153.48,6460.44
471,191,4,3,409.96,1229.88
472,191,1,2,1683.98,3367.96
473,192,5,2,153.97,307.94
474,192,19,5,1252.27,6261.35
475,192,13,4,493.53,1974.12
476,192,7,1,564.98,564.98
477,193,13,2,482.5,965.0
478,194,13,2,468.99,937.98
479,195,16,3,1006.66,3019.98
480,195,20,2,219.52,439.04
481,196,7,2,608.34,1216.68
482,196,12,4,239.7,958.8
483,196,12,2,278.95,557.9
484,197,8,3,589.0,1767.0
485,197,17,5,1721.5,8607.5
486,197,15,1,779.58,779.58
487,198,2,1,685.26,685.26
488,198,3,3,740.41,2221.23
489,198,2,2,842.66,1685.32
490,199,11,4,1026.3,4105.2
491,199,5,3,178.43,535.29
492,200,2,1,845.74,845.74
493,201,6,5,135.37,676.85
494,201,12,2,278.8,557.6
495,202,17,4,1686.76,6747.04
496,202,4,4,361.04,1444.16
497,203,1,3,1950.79,5852.37
498,203,18,2,1628.04,3256.08
499,203,9,2,1852.5,3705.0
500,204,12,2,252.37,504.74
501,204,9,1,2190.5,2190.5
502,205,20,2,186.25,372.5
503,205,8,4,593.23,2372.92
504,205,3,2,1018.67,2037.34
505,206,17,3,2066.15,6198.45
506,207,9,4,2126.67,8506.68
507,208,16,6,1055.23,6331.38
508,208,1,2,2033.61,4067.22
509,209,7,3,639.6,1918.8
510,210,3,2,808.48,1616.96
511,210,12,6,233.47,1400.82
512,210,2,4,742.75,2971.0
513,210,3,2,767.35,1534.7
514,211,18,4,1708.21,6832.84
515,211,6,3,116.41,349.23
516,211,3,2,788.56,1577.12
517,212,12,3,234.04,702.12
518,212,17,6,2206.62,13239.72
519,213,19,3,1263.67,3791.01
520,213,8,4,502.58,2010.32
521,214,19,3,1184.28,3552.84
522,214,2,4,847.12,3388.48
523,214,8,4,622.08,2488.32
524,214,12,2,241.2,482.4
525,215,16,2,1133.03,2266.06
526,215,8,4,610.66,2442.64
527,215,6,2,116.41,232.82
528,216,20,1,237.86,237.86
529,216,8,1,547.59,547.59
530,216,20,2,257.94,515.88
531,217,12,3,258.11,774.33
532,217,7,2,577.22,1154.44
533,217,19,2,1190.0,2380.0
534,217,16,1,1197.92,1197.92
535,218,13,6,518.54,3111.24
536,219,13,3,488.08,1464.24
537,220,17,1,1873.82,1873.82
538,220,16,2,1123.61,2247.22
539,220,6,3,121.59,364.77
540,220,5,6,156.05,936.3
541,221,3,4,1013.44,4053.76
542,221,20,1,207.95,207.95
543,222,19,1,1041.2,1041.2
544,223,12,4,257.37,1029.48
545,224,5,1,197.42,197.42
546,224,13,5,456.52,2282.6
547,224,11,5,1027.69,5138.45
548,225,9,2,1897.87,3795.74
549,225,18,1,1772.52,1772.52
550,226,10,5,860.87,4304.35
551,227,16,4,1025.65,4102.6
552,227,8,2,626.81,1253.62
553,227,12,2,255.47,510.94
554,227,13,4,516.05,2064.2
555,228,11,3,1061.55,3184.65
556,229,8,1,608.13,608.13
557,229,12,2,233.28,466.56
558,229,19,3,1411.91,4235.73
559,230,20,3,254.19,762.57
560,230,6,2,114.16,228.32
561,230,18,1,1590.35,1590.35
562,231,2,2,714.73,1429.46
563,231,5,1,211.19,211.19
564,231,12,3,285.93,857.79
565,231,3,1,971.15,971.15
566,232,5,3,178.84,536.52
567,233,4,6,404.27,2425.62
568,233,13,3,541.32,1623.96
569,234,16,3,1188.27,3564.81
570,234,20,2,203.46,406.92
571,234,5,4,163.23,652.92
572,234,3,2,1002.68,2005.36
573,235,9,1,1983.47,1983.47
574,235,19,2,1228.34,2456.68
575,235,12,3,234.17,702.51
576,236,15,4,848.03,3392.12
577,236,9,5,2056.69,10283.45
578,236,9,6,2255.35,13532.1
579,237,7,3,615.22,1845.66
580,237,13,2,519.0,1038.0
581,238,6,4,137.39,549.56
582,238,2,2,917.54,1835.08
583,238,15,2,947.32,1894.64
584,238,8,1,568.99,568.99
585,239,2,2,860.39,1720.78
586,240,3,3,845.26,2535.78
587,240,6,3,118.39,355.17
588,240,8,4,541.12,2164.48
589,240,18,4,1429.81,5719.24
590,241,8,4,617.96,2471.84
591,241,5,2,192.03,384.06
592,241,16,2,1219.66,2439.32
593,242,12,4,248.62,994.48
594,242,12,5,221.9,1109.5
595,242,5,2,159.17,318.34
596,242,15,2,946.25,1892.5
597,243,7,5,645.08,3225.4
598,243,1,1,1995.55,1995.55
599,243,11,3,900.61,2701.83
600,244,11,4,947.99,3791.96
601,244,4,2,448.32,896.64
602,244,20,2,239.97,479.94
603,244,9,2,2119.56,4239.12
604,245,13,3,501.91,1505.73
605,245,10,3,826.82,2480.46
606,245,10,3,853.58,2560.74
607,245,5,3,197.13,591.39
608,246,8,2,454.22,908.44
609,247,17,2,2000.54,4001.08
610,248,12,4,249.2,996.8
611,248,17,2,2318.5,4637.0
612,248,17,5,2284.63,11423.15
613,248,8,2,585.13,1170.26
614,249,1,4,2168.03,8672.12
615,249,1,1,1768.36,1768.36
616,249,7,6,645.14,3870.84
617,250,17,4,1835.37,7341.48
618,251,7,5,567.65,2838.25
619,252,4,4,345.93,1383.72
620,252,4,4,425.71,1702.84
621,252,18,3,1846.02,5538.06
622,252,20,2,194.57,389.14
623,253,17,2,1771.62,3543.24
624,253,18,3,1488.01,4464.03
625,253,18,3,1824.72,5474.16
626,254,8,6,619.52,3717.12
627,254,16,3,1144.54,3433.62
628,254,15,4,955.07,3820.28
629,255,3,2,942.08,1884.16
630,255,9,6,2078.05,12468.3
631,255,9,5,1722.85,8614.25
632,255,17,2,1893.47,3786.94
633,256,1,3,1948.24,5844.72
634,256,19,3,1320.26,3960.78
635,256,1,3,2228.07,6684.21
636,257,18,2,1592.16,3184.32
637,257,18,1,1879.94,1879.94
638,257,11,3,966.56,2899.68
639,257,16,6,1090.64,6543.84
640,258,17,2,2323.55,4647.1
641,259,4,3,416.1,1248.3
642,259,12,3,207.67,623.01
643,259,2,2,748.92,1497.84
644,259,20,2,191.46,382.92
645,260,19,2,1055.23,2110.46
646,260,1,2,2017.64,4035.28
647,261,3,2,833.25,1666.5
648,261,10,3,876.57,2629.71
649,261,16,2,1034.55,2069.1
650,262,4,1,347.58,347.58
651,262,9,4,1790.69,7162.76
652,262,6,2,107.08,214.16
653,263,18,4,1872.09,7488.36
654,263,19,5,1142.72,5713.6
655,263,17,5,2035.14,10175.7
656,264,17,2,2113.88,4227.76
657,264,12,2,247.27,494.54
658,265,20,2,190.98,381.96
659,266,10,3,738.97,2216.91
660,266,7,6,674.42,4046.52
661,266,14,3,139.41,418.23
662,267,20,5,243.02,1215.1
663,267,13,2,401.04,802.08
664,267,14,2,130.11,260.22
665,267,8,6,575.21,3451.26
666,268,2,2,831.53,1663.06
667,269,3,3,954.05,2862.15
668,269,7,4,700.85,2803.4
669,269,14,2,142.06,284.12
670,269,17,1,1840.35,1840.35
671,270,8,2,461.04,922.08
672,271,1,3,1705.73,5117.19
673,271,12,2,255.72,511.44
674,271,15,1,964.47,964.47
675,271,18,4,1416.65,5666.6
676,272,7,2,687.98,1375.96
677,273,13,2,528.54,1057.08
678,273,11,3,797.04,2391.12
679,273,13,2,440.27,880.54
680,274,19,1,1264.47,1264.47
681,274,18,2,1675.51,3351.02
682,274,2,2,916.55,1833.1
683,275,15,2,732.17,1464.34
684,276,7,2,569.36,1138.72
685,277,14,5,154.35,771.75
686,278,13,3,411.16,1233.48
687,279,10,4,874.68,3498.72
688,279,6,5,133.29,666.45
689,279,4,1,366.42,366.42
690,279,6,3,130.5,391.5
691,280,9,2,1755.45,3510.9
692,280,13,1,493.77,493.77
693,280,9,4,1901.61,7606.44
694,280,13,3,527.06,1581.18
695,281,16,3,1123.21,3369.63
696,281,7,1,599.06,599.06
697,281,2,3,841.88,2525.64
698,281,15,4,882.49,3529.96
699,282,6,2,104.42,208.84
700,283,8,1,543.68,543.68
701,283,16,6,1229.86,7379.16
702,284,15,6,940.58,5643.48
703,284,3,1,785.34,785.34
704,285,8,4,479.35,1917.4
705,285,16,4,1154.44,4617.76
706,285,8,3,599.27,1797.81
707,286,18,2,1680.51,3361.02
708,286,15,5,815.75,4078.75
709,286,14,1,145.32,145.32
710,287,19,1,1322.47,1322.47
711,287,12,2,252.25,504.5
712,288,13,1,404.89,404.89
713,288,1,1,1988.53,1988.53
714,288,4,1,382.29,382.29
715,289,8,1,618.99,618.99
716,289,5,2,157.01,314.02
717,290,15,2,833.62,1667.24
718,290,9,1,2215.79,2215.79
719,290,16,2,1092.66,2185.32
720,291,5,1,186.51,186.51
721,291,19,2,1107.25,2214.5
722,291,19,2,1280.53,2561.06
723,291,2,2,823.04,1646.08
724,292,10,5,888.65,4443.25
725,292,19,2,1106.81,2213.62
726,292,15,2,885.31,1770.62
727,293,11,6,857.89,5147.34
728,294,7,4,589.51,2358.04
729,294,17,3,2322.05,6966.15
730,295,11,1,1086.22,1086.22
731,295,20,3,244.62,733.86
732,295,9,2,2045.79,4091.58
733,296,2,1,724.62,724.62
734,297,19,2,1265.7,2531.4
735,297,4,3,415.9,1247.7
736,297,10,1,949.16,949.16
737,298,8,4,452.65,1810.6
738,298,18,3,1463.8,4391.4
739,298,1,2,2081.14,4162.28
740,299,3,3,772.65,2317.95
741,299,5,4,192.48,769.92
742,300,4,2,422.93,845.86
743,300,1,1,1738.8,1738.8
744,300,15,5,951.58,4757.9
745,301,16,3,1060.57,3181.71
746,301,1,2,1983.1,3966.2
747,302,2,3,677.88,2033.64
748,302,4,2,379.59,759.18
749,303,12,6,216.38,1298.28
750,303,3,4,768.83,3075.32
751,303,20,2,226.59,453.18
752,303,17,2,2028.02,4056.04
753,304,18,3,1451.31,4353.93
754,304,19,3,1086.13,3258.39
755,305,15,3,784.98,2354.94
756,305,17,4,1812.59,7250.36
757,306,16,2,1195.09,2390.18
758,306,2,1,827.46,827.46
759,306,13,1,469.98,469.98
760,307,18,4,1633.76,6535.04
761,307,5,4,205.89,823.56
762,307,13,2,432.97,865.94
763,307,9,1,1723.83,1723.83
764,308,16,2,1314.77,2629.54
765,308,1,2,1931.73,3863.46
766,308,8,6,460.54,2763.24
767,308,19,4,1204.1,4816.4
768,309,1,5,1996.81,9984.05
769,310,19,3,1155.17,3465.51
770,310,8,2,566.16,1132.32
771,311,17,2,2265.21,4530.42
772,312,10,4,845.04,3380.16
773,312,18,1,1454.08,1454.08
774,313,17,1,2287.61,2287.61
775,313,13,3,440.44,1321.32
776,313,15,3,967.87,2903.61
777,314,20,1,238.94,238.94
778,315,14,1,126.57,126.57
779,316,5,5,180.62,903.1
780,317,4,3,457.5,1372.5
781,317,3,3,875.46,2626.38
782,318,12,2,217.4,434.8
783,319,2,4,813.34,3253.36
784,320,16,4,1009.23,4036.92
785,320,15,2,846.64,1693.28
786,321,13,1,537.32,537.32
787,322,20,3,191.53,574.59
788,322,20,3,186.43,559.29
789,322,18,3,1647.94,4943.82
790,323,10,2,913.71,1827.42
791,323,12,2,272.98,545.96
792,324,11,3,1085.16,3255.48
793,324,14,5,142.83,714.15
794,325,2,2,859.36,1718.72
795,325,3,4,904.62,3618.48
796,325,8,2,526.7,1053.4
797,326,2,2,812.94,1625.88
798,326,17,1,2173.92,2173.92
799,326,14,4,137.34,549.36
800,327,13,3,531.61,1594.83
801,327,1,3,1680.79,5042.37
802,328,3,4,1022.0,4088.0
803,329,10,3,739.51,2218.53
804,329,18,1,1763.55,1763.55
805,330,8,3,556.43,1669.29
806,331,7,5,659.85,3299.25
807,331,17,1,1922.47,1922.47
808,332,19,2,1391.95,2783.9
809,332,14,3,147.33,441.99
810,332,19,1,1170.35,1170.35
811,333,19,1,1312.41,1312.41
812,333,2,2,773.66,1547.32
813,334,4,1,345.91,345.91
814,335,1,1,2043.99,2043.99
815,335,18,5,1628.21,8141.05
816,335,15,2,1003.55,2007.1
817,335,16,3,1245.46,3736.38
818,336,3,4,792.81,3171.24
819,337,10,3,942.88,2828.64
820,338,13,2,537.02,1074.04
821,338,20,4,213.01,852.04
822,339,7,4,641.21,2564.84
823,339,15,2,987.62,1975.24
824,339,4,6,454.25,2725.5
825,339,7,3,549.21,1647.63
826,340,10,1,890.34,890.34
827,340,1,1,2032.69,2032.69
828,341,5,2,200.18,400.36
829,341,17,6,1991.83,11950.98
830,341,15,3,784.49,2353.47
831,341,13,1,515.67,515.67
832,342,14,5,156.9,784.5
833,342,17,2,1938.31,3876.62
834,343,2,2,780.34,1560.68
835,344,6,1,128.52,128.52
836,344,20,4,186.96,747.84
837,344,3,5,787.55,3937.75
838,345,10,2,962.18,1924.36
839,345,3,2,912.91,1825.82
840,345,3,1,745.6,745.6
841,345,16,3,1222.85,3668.55
842,346,20,2,201.13,402.26
843,346,8,3,578.54,1735.62
844,346,10,3,805.42,2416.26
845,346,14,1,130.41,130.41
846,347,5,3,188.59,565.77
847,347,14,5,162.62,813.1
848,347,14,5,157.64,788.2
849,348,16,3,1305.65,3916.95
850,348,15,3,1002.82,3008.46
851,349,12,4,285.75,1143.0
852,349,11,2,1029.31,2058.62
853,349,14,3,136.63,409.89
854,349,14,2,156.27,312.54
855,350,9,3,1875.15,5625.45
856,350,16,2,1068.74,2137.48
857,350,18,2,1828.68,3657.36
858,351,7,3,622.8,1868.4
859,351,9,3,2334.11,7002.33
860,351,17,1,2177.7,2177.7
861,352,13,4,515.08,2060.32
862,352,8,2,487.26,974.52
863,352,19,4,1072.81,4291.24
864,353,14,6,138.16,828.96
865,354,10,2,938.82,1877.64
866,355,7,1,533.34,533.34
867,355,17,5,1723.96,8619.8
868,356,3,2,902.59,1805.18
869,356,2,4,736.03,2944.12
870,356,11,2,933.01,1866.02
871,356,20,2,215.29,430.58
872,357,10,3,939.56,2818.68
873,358,5,5,182.44,912.2
874,358,2,1,702.26,702.26
875,358,15,4,806.7,3226.8
876,358,6,4,111.51,446.04
877,359,9,4,2358.74,9434.96
878,359,1,3,1904.21,5712.63
879,360,5,3,186.02,558.06
880,360,9,3,1928.31,5784.93
881,360,16,2,1189.9,2379.8
882,360,13,3,464.55,1393.65
883,361,1,1,1623.56,1623.56
884,361,9,3,1852.44,5557.32
885,361,11,6,999.3,5995.8
886,362,18,5,1729.91,8649.55
887,362,7,4,564.37,2257.48
888,362,15,3,853.38,2560.14
889,363,14,2,158.38,316.76
890,363,15,2,937.36,1874.72
891,363,2,3,697.83,2093.49
892,364,14,2,135.25,270.5
893,365,9,4,2154.84,8619.36
894,365,11,2,809.15,1618.3
895,365,17,3,2310.19,6930.57
896,366,3,2,936.63,1873.26
897,367,19,3,1392.69,4178.07
898,367,11,1,795.84,795.84
899,367,17,5,1804.05,9020.25
900,368,13,3,516.27,1548.81
901,368,18,3,1547.15,4641.45
902,368,18,3,1512.56,4537.68
903,369,17,3,2183.13,6549.39
904,370,7,2,533.25,1066.5
905,370,8,4,481.04,1924.16
906,370,16,1,1149.85,1149.85
907,371,17,3,1814.81,5444.43
908,371,17,2,1690.22,3380.44
909,372,12,2,223.46,446.92
910,372,8,3,577.81,1733.43
911,372,19,1,1146.42,1146.42
912,373,19,4,1218.87,4875.48
913,373,2,1,712.33,712.33
914,374,18,2,1771.78,3543.56
915,374,4,2,401.47,802.94
916,375,2,3,833.81,2501.43
917,375,13,3,495.62,1486.86
918,375,19,1,1130.17,1130.17
919,375,19,1,1333.97,1333.97
920,376,9,3,1756.69,5270.07
921,376,12,3,225.08,675.24
922,376,16,2,1087.53,2175.06
923,376,7,1,688.99,688.99
924,377,14,4,134.36,537.44
925,377,16,1,1049.88,1049.88
926,378,12,2,236.68,473.36
927,378,12,5,215.17,1075.85
928,378,12,3,265.91,797.73
929,379,19,2,1098.59,2197.18
930,379,6,3,108.31,324.93
931,379,12,2,217.97,435.94
932,380,16,3,1039.67,3119.01
933,380,15,3,894.4,2683.2
934,380,3,3,914.1,2742.3
935,381,5,4,208.27,833.08
936,382,19,2,1337.69,2675.38
937,382,7,3,637.5,1912.5
938,383,5,3,189.75,569.25
939,383,14,3,141.03,423.09
940,384,1,1,2155.16,2155.16
941,384,16,2,1054.6,2109.2
942,384,19,4,1136.61,4546.44
943,385,4,2,450.92,901.84
944,385,7,2,554.37,1108.74
945,385,17,2,2261.35,4522.7
946,386,13,2,548.11,1096.22
947,386,6,3,114.24,342.72
948,386,20,3,214.48,643.44
949,387,11,3,809.27,2427.81
950,387,5,2,181.69,363.38
951,388,16,3,1302.16,3906.48
952,388,13,1,425.82,425.82
953,388,12,2,259.44,518.88
954,389,10,4,719.88,2879.52
955,389,6,3,101.17,303.51
956,389,1,2,1873.82,3747.64
957,389,17,4,2159.29,8637.16
958,390,3,1,861.88,861.88
959,390,16,6,982.29,5893.74
960,390,8,3,550.35,1651.05
961,391,6,3,120.91,362.73
962,391,18,3,1643.69,4931.07
963,392,9,5,1826.05,9130.25
964,392,20,4,203.54,814.16
965,393,5,3,165.14,495.42
966,393,5,1,173.98,173.98
967,393,14,4,159.51,638.04
968,393,6,3,135.99,407.97
969,394,19,3,1279.51,3838.53
970,394,9,3,2137.35,6412.05
971,395,1,2,1922.19,3844.38
972,396,13,3,467.86,1403.58
973,396,13,4,547.73,2190.92
974,397,16,3,1168.88,3506.64
975,397,1,4,1792.82,7171.28
976,397,6,1,105.14,105.14
977,398,10,4,853.66,3414.64
978,398,16,2,998.2,1996.4
979,398,16,2,1112.58,2225.16
980,398,4,3,419.19,1257.57
981,399,6,3,121.01,363.03
982,400,13,4,458.09,1832.36
983,400,19,2,1112.83,2225.66
984,400,13,2,400.08,800.16
985,401,16,3,988.89,2966.67
986,401,18,4,1773.67,7094.68
987,401,2,2,714.76,1429.52
988,402,13,4,530.11,2120.44
989,403,1,2,1879.9,3759.8
990,403,12,4,232.06,928.24
991,403,11,2,876.53,1753.06
992,404,10,6,721.39,4328.34
993,404,19,3,1390.94,4172.82
994,404,1,3,1884.47,5653.41
995,405,3,5,1005.44,5027.2
996,405,19,1,1177.43,1177.43
997,405,15,3,1004.31,3012.93
998,405,8,5,585.61,2928.05
999,406,6,3,118.96,356.88
1000,406,11,3,835.57,2506.71
1001,407,8,6,462.27,2773.62
1002,407,20,4,234.21,936.84
1003,407,13,1,537.4,537.4
1004,408,16,6,1076.12,6456.72
1005,408,10,2,759.42,1518.84
1006,408,3,2,1012.85,2025.7
1007,408,2,5,855.41,4277.05
1008,409,13,3,531.04,1593.12
1009,410,4,2,351.52,703.04
1010,410,18,1,1947.99,1947.99
1011,410,3,5,758.47,3792.35
1012,411,2,2,835.22,1670.44
1013,411,15,4,877.0,3508.0
1014,411,13,2,526.1,1052.2
1015,411,18,4,1538.83,6155.32
1016,412,10,3,761.46,2284.38
1017,412,4,6,366.17,2197.02
1018,412,17,3,1811.2,5433.6
1019,412,1,4,2207.04,8828.16
1020,413,2,4,914.54,3658.16
1021,414,4,3,469.78,1409.34
1022,414,19,4,1341.31,5365.24
1023,414,1,1,2157.47,2157.47
1024,415,9,2,1869.04,3738.08
1025,416,2,2,828.46,1656.92
1026,416,4,2,445.65,891.3
1027,416,12,4,264.88,1059.52
1028,416,13,4,546.06,2184.24
1029,417,15,3,814.39,2443.17
1030,417,5,2,183.37,366.74
1031,417,13,1,501.9,501.9
1032,418,8,3,540.01,1620.03
1033,418,11,3,1008.78,3026.34
1034,419,5,3,173.7,521.1
1035,419,11,3,1016.31,3048.93
1036,420,9,2,2224.87,4449.74
1037,421,9,3,1888.81,5666.43
1038,421,11,1,895.98,895.98
1039,421,11,4,904.76,3619.04
1040,421,9,4,1732.03,6928.12
1041,422,5,2,200.18,400.36
1042,422,18,3,1915.94,5747.82
1043,423,9,6,2040.43,12242.58
1044,424,11,1,1009.13,1009.13
1045,424,7,2,709.87,1419.74
1046,425,16,2,989.31,1978.62
1047,425,18,1,1694.39,1694.39
1048,426,11,2,861.12,1722.24
1049,426,8,2,461.35,922.7
1050,427,3,4,765.14,3060.56
1051,427,10,2,786.39,1572.78
1052,427,2,2,778.69,1557.38
1053,427,9,4,2047.61,8190.44
1054,428,11,3,872.42,2617.26
1055,428,17,1,2101.76,2101.76
1056,428,15,2,922.77,1845.54
1057,429,20,2,230.43,460.86
1058,429,15,4,868.64,3474.56
1059,430,7,2,548.98,1097.96
1060,430,12,2,248.39,496.78
1061,430,10,4,909.8,3639.2
1062,431,20,3,210.83,632.49
1063,431,1,1,1844.56,1844.56
1064,432,15,3,787.99,2363.97
1065,432,13,4,481.39,1925.56
1066,432,11,3,1079.62,3238.86
1067,432,18,3,1414.55,4243.65
1068,433,10,4,969.96,3879.84
1069,433,7,4,604.64,2418.56
1070,433,19,2,1114.0,2228.0
1071,434,11,2,944.82,1889.64
1072,434,8,3,473.35,1420.05
1073,434,1,4,1872.16,7488.64
1074,434,3,2,848.61,1697.22
1075,435,6,5,134.08,670.4
1076,435,1,2,2094.8,4189.6
1077,436,5,2,165.32,330.64
1078,437,14,3,140.42,421.26
1079,438,8,3,564.67,1694.01
1080,439,12,2,247.7,495.4
1081,440,3,5,1027.09,5135.45
1082,441,11,2,849.87,1699.74
1083,442,20,6,233.51,1401.06
1084,442,5,1,154.67,154.67
1085,443,2,4,853.89,3415.56
1086,443,2,6,680.09,4080.54
1087,444,9,4,2263.66,9054.64
1088,445,8,4,595.69,2382.76
1089,445,7,6,559.29,3355.74
1090,446,13,3,534.45,1603.35
1091,447,17,3,2239.43,6718.29
1092,447,16,2,1101.5,2203.0
1093,448,12,4,259.33,1037.32
1094,448,3,2,918.47,1836.94
1095,448,3,3,847.54,2542.62
1096,449,15,4,832.2,3328.8
1097,449,8,4,479.17,1916.68
1098,449,11,3,1008.1,3024.3
1099,450,3,3,873.81,2621.43
1100,451,19,3,1098.85,3296.55
1101,452,15,3,982.8,2948.4
1102,453,18,4,1424.44,5697.76
1103,454,15,3,739.74,2219.22
1104,455,10,1,908.09,908.09
1105,455,1,2,1945.87,3891.74
1106,455,11,2,1011.69,2023.38
1107,456,14,3,160.32,480.96
1108,456,2,6,836.87,5021.22
1109,456,3,1,771.9,771.9
1110,457,15,4,936.87,3747.48
1111,458,15,1,840.16,840.16
1112,458,11,1,968.67,968.67
1113,459,1,2,2148.36,4296.72
1114,459,7,2,717.36,1434.72
1115,460,3,1,777.54,777.54
1116,460,15,2,946.71,1893.42
1117,460,13,6,432.67,2596.02
1118,461,7,6,650.79,3904.74
1119,461,10,5,968.04,4840.2
1120,462,17,2,1895.3,3790.6
1121,462,14,3,140.51,421.53
1122,463,4,6,462.36,2774.16
1123,463,2,3,796.45,2389.35
1124,463,18,3,1931.56,5794.68
1125,463,9,4,2388.81,9555.24
1126,464,9,4,2019.36,8077.44
1127,465,2,4,709.95,2839.8
1128,465,3,3,757.08,2271.24
1129,465,19,1,1247.48,1247.48
1130,465,8,2,497.6,995.2
1131,466,11,3,982.85,2948.55
1132,466,10,1,783.62,783.62
1133,466,7,5,670.94,3354.7
1134,466,6,1,135.89,135.89
1135,467,14,2,134.71,269.42
1136,467,13,5,522.16,2610.8
1137,468,7,2,546.58,1093.16
1138,468,5,1,158.28,158.28
1139,468,2,3,836.65,2509.95
1140,468,2,2,882.31,1764.62
1141,469,9,2,1900.42,3800.84
1142,469,17,5,1860.54,9302.7
1143,470,16,3,1104.98,3314.94
1144,471,10,3,789.63,2368.89
1145,471,8,1,545.3,545.3
1146,472,9,2,1836.17,3672.34
1147,472,1,5,2021.64,10108.2
1148,473,5,3,197.24,591.72
1149,473,17,2,2153.01,4306.02
1150,473,10,2,910.34,1820.68
1151,473,8,2,485.44,970.88
1152,474,14,3,147.8,443.4
1153,474,10,4,922.93,3691.72
1154,474,13,4,542.92,2171.68
1155,474,3,4,831.03,3324.12
1156,475,15,2,924.38,1848.76
1157,475,2,3,840.04,2520.12
1158,475,15,2,985.04,1970.08
1159,476,11,3,1037.85,3113.55
1160,476,8,2,472.21,944.42
1161,477,12,2,210.76,421.52
1162,477,17,4,2194.51,8778.04
1163,477,13,2,440.1,880.2
1164,477,11,5,1046.53,5232.65
1165,478,15,2,799.2,1598.4
1166,479,5,4,189.76,759.04
1167,479,18,4,1734.29,6937.16
1168,479,12,3,246.02,738.06
1169,480,11,3,833.52,2500.56
1170,481,20,3,257.79,773.37
1171,481,17,5,1929.55,9647.75
1172,481,3,2,953.2,1906.4
1173,481,16,2,1263.37,2526.74
1174,482,9,4,2285.48,9141.92
1175,482,20,5,241.34,1206.7
1176,482,15,4,947.27,3789.08
1177,482,13,3,469.77,1409.31
1178,483,6,2,138.92,277.84
1179,483,2,6,868.96,5213.76
1180,483,6,2,132.68,265.36
1181,483,6,1,119.31,119.31
1182,484,2,3,846.32,2538.96
1183,485,15,2,964.17,1928.34
1184,485,15,2,830.6,1661.2
1185,485,19,5,1291.67,6458.35
1186,486,7,6,620.9,3725.4
1187,486,6,2,123.65,247.3
1188,486,15,1,1014.79,1014.79
1189,486,9,1,1883.39,1883.39
1190,487,16,4,1088.61,4354.44
1191,487,9,1,2070.11,2070.11
1192,487,4,1,393.33,393.33
1193,487,11,3,870.89,2612.67
1194,488,6,1,108.26,108.26
1195,488,17,1,2315.0,2315.0
1196,489,13,3,473.7,1421.1
1197,489,9,2,2339.12,4678.24
1198,490,18,4,1466.5,5866.0
1199,490,18,2,1514.45,3028.9
1200,490,3,3,833.39,2500.17
1201,490,14,2,134.52,269.04
1202,491,6,2,105.0,210.0
1203,491,14,5,130.24,651.2
1204,491,12,2,270.08,540.16
1205,491,19,3,1188.89,3566.67
1206,492,2,2,756.05,1512.1
1207,492,11,4,1000.15,4000.6
1208,493,2,1,768.98,768.98
1209,493,14,2,142.9,285.8
1210,494,10,3,769.24,2307.72
1211,494,8,4,454.59,1818.36
1212,495,17,3,2331.47,6994.41
1213,496,14,4,161.99,647.96
1214,496,9,2,1981.78,3963.56
1215,496,19,3,1391.82,4175.46
1216,496,15,4,863.51,3454.04
1217,497,11,3,811.78,2435.34
1218,498,9,1,2196.27,2196.27
1219,499,12,2,283.38,566.76
1220,500,14,5,126.49,632.45
1221,500,19,2,1269.27,2538.54
1222,500,20,2,186.84,373.68
1223,501,20,2,187.84,375.68
1224,501,7,4,721.81,2887.24
1225,501,20,6,238.41,1430.46
1226,501,15,2,995.82,1991.64
1227,502,13,5,515.79,2578.95
1228,502,8,3,489.9,1469.7
1229,503,12,1,256.08,256.08
1230,503,3,3,868.49,2605.47
1231,503,7,3,533.14,1599.42
1232,504,5,4,203.14,812.56
1233,505,13,2,503.02,1006.04
1234,506,16,3,1124.66,3373.98
1235,506,1,4,1940.97,7763.88
1236,506,20,2,228.88,457.76
1237,507,5,4,203.42,813.68
1238,507,13,1,495.52,495.52
1239,508,18,2,1476.14,2952.28
1240,508,3,2,867.69,1735.38
1241,508,10,2,833.71,1667.42
1242,509,8,4,473.96,1895.84
1243,509,4,5,383.04,1915.2
1244,509,11,5,1059.9,5299.5
1245,510,12,4,217.82,871.28
1246,510,5,5,194.3,971.5
1247,510,9,2,1856.79,3713.58
1248,510,7,2,629.12,1258.24
1249,511,18,2,1466.35,2932.7
1250,512,13,4,437.14,1748.56
1251,512,12,3,258.74,776.22
1252,512,7,2,540.39,1080.78
1253,512,20,3,239.16,717.48
1254,513,19,4,1053.58,4214.32
1255,514,16,2,1275.33,2550.66
1256,514,12,1,285.76,285.76
1257,515,6,6,127.03,762.18
1258,515,1,6,2161.92,12971.52
1259,515,5,1,199.93,199.93
1260,516,9,3,2249.12,6747.36
1261,517,7,2,652.7,1305.4
1262,518,2,3,752.62,2257.86
1263,518,8,2,511.05,1022.1
1264,519,6,5,129.57,647.85
1265,519,16,4,1222.35,4889.4
1266,519,16,1,1173.34,1173.34
1267,520,3,5,1011.61,5058.05
1268,520,17,3,2037.54,6112.62
1269,520,9,3,1811.65,5434.95
1270,521,8,2,491.42,982.84
1271,522,13,2,495.09,990.18
1272,522,16,3,1185.84,3557.52
1273,522,19,1,1416.92,1416.92
1274,523,2,6,885.58,5313.48
1275,523,11,3,847.02,2541.06
1276,523,9,4,2177.65,8710.6
1277,524,2,2,931.94,1863.88
1278,524,2,3,699.74,2099.22
1279,525,17,3,1957.66,5872.98
1280,525,20,3,199.63,598.89
1281,525,6,1,135.04,135.04
1282,526,17,2,2050.04,4100.08
1283,526,5,2,180.41,360.82
1284,526,9,2,2107.96,4215.92
1285,527,15,2,800.19,1600.38
1286,527,6,1,127.35,127.35
1287,527,6,2,128.47,256.94
1288,528,14,1,153.94,153.94
1289,528,19,2,1111.38,2222.76
1290,528,7,4,534.99,2139.96
1291,528,12,3,283.78,851.34
1292,529,9,5,1731.79,8658.95
1293,529,11,6,926.13,5556.78
1294,529,5,1,173.74,173.74
1295,529,10,3,978.85,2936.55
1296,530,15,3,998.48,2995.44
1297,531,10,2,861.27,1722.54
1298,532,8,2,539.44,1078.88
1299,532,6,2,119.22,238.44
1300,533,17,2,2251.74,4503.48
1301,533,8,2,591.79,1183.58
1302,534,14,4,122.29,489.16
1303,534,15,2,1009.23,2018.46
1304,534,14,2,131.12,262.24
1305,535,1,2,2124.73,4249.46
1306,535,7,2,527.13,1054.26
1307,536,10,2,871.38,1742.76
1308,536,5,1,195.31,195.31
1309,536,3,1,893.06,893.06
1310,537,13,4,443.39,1773.56
1311,537,11,2,1046.63,2093.26
1312,537,3,3,777.64,2332.92
1313,538,16,3,1270.3,3810.9
1314,538,3,2,947.8,1895.6
1315,538,16,2,1115.34,2230.68
1316,539,4,5,396.33,1981.65
1317,539,3,4,905.68,3622.72
1318,539,16,4,1319.38,5277.52
1319,539,9,2,2373.35,4746.7
1320,540,20,3,248.27,744.81
1321,540,12,2,256.39,512.78
1322,540,14,1,151.64,151.64
1323,541,9,3,1972.25,5916.75
1324,541,8,1,502.35,502.35
1325,541,12,1,265.86,265.86
1326,542,4,2,346.93,693.86
1327,542,3,2,941.92,1883.84
1328,542,17,1,1852.09,1852.09
1329,543,16,5,1246.93,6234.65
1330,544,13,6,414.75,2488.5
1331,544,15,3,880.08,2640.24
1332,544,16,2,1210.86,2421.72
1333,544,5,4,206.81,827.24
1334,545,1,6,2011.72,12070.32
1335,546,2,2,708.77,1417.54
1336,546,12,3,242.13,726.39
1337,546,15,4,819.69,3278.76
1338,546,5,5,172.39,861.95
1339,547,6,4,100.98,403.92
1340,547,4,3,346.78,1040.34
1341,547,2,1,751.41,751.41
1342,547,14,5,126.85,634.25
1343,548,1,5,1620.55,8102.75
1344,548,20,2,188.33,376.66
1345,549,5,3,201.63,604.89
1346,549,5,4,163.9,655.6
1347,549,15,5,794.07,3970.35
1348,550,19,2,1401.81,2803.62
1349,550,17,1,2152.77,2152.77
1350,550,10,4,759.69,3038.76
1351,551,11,3,797.62,2392.86
1352,552,6,2,121.56,243.12
1353,552,12,1,268.14,268.14
1354,552,11,2,860.46,1720.92
1355,553,11,3,815.14,2445.42
1356,553,7,1,599.26,599.26
1357,553,1,3,2008.31,6024.93
1358,553,18,2,1499.2,2998.4
1359,554,6,3,127.55,382.65
1360,554,2,4,932.75,3731.0
1361,555,1,5,1941.09,9705.45
1362,555,7,2,641.98,1283.96
1363,555,6,2,106.45,212.9
1364,555,11,3,983.12,2949.36
1365,556,3,2,795.59,1591.18
1366,556,6,3,135.18,405.54
1367,556,14,1,152.54,152.54
1368,557,16,2,1102.6,2205.2
1369,557,19,2,1237.34,2474.68
1370,557,15,1,771.96,771.96
1371,557,16,6,1186.5,7119.0
1372,558,8,3,470.3,1410.9
1373,559,1,3,1820.39,5461.17
1374,560,19,2,1044.02,2088.04
1375,560,19,1,1136.28,1136.28
1376,560,2,5,730.96,3654.8
1377,560,17,4,1755.42,7021.68
1378,561,7,1,631.57,631.57
1379,561,12,5,250.59,1252.95
1380,561,10,3,711.63,2134.89
1381,561,19,3,1133.94,3401.82
1382,562,7,4,722.9,2891.6
1383,562,20,2,235.01,470.02
1384,562,12,5,258.9,1294.5
1385,562,11,5,1041.81,5209.05
1386,563,7,3,716.18,2148.54
1387,563,18,2,1626.88,3253.76
1388,563,1,2,1645.88,3291.76
1389,564,11,1,919.99,919.99
1390,565,18,4,1626.79,6507.16
1391,565,6,2,127.44,254.88
1392,566,2,2,883.44,1766.88
1393,566,18,4,1883.48,7533.92
1394,566,1,1,2001.36,2001.36
1395,567,13,2,515.83,1031.66
1396,567,4,3,399.95,1199.85
1397,567,5,3,211.01,633.03
1398,567,3,6,969.72,5818.32
1399,568,13,2,452.39,904.78
1400,569,14,1,147.04,147.04
1401,569,8,3,554.46,1663.38
1402,569,16,4,1166.32,4665.28
1403,570,11,2,942.68,1885.36
1404,570,20,1,233.8,233.8
1405,570,10,3,861.77,2585.31
1406,571,18,2,1643.74,3287.48
1407,571,6,2,112.84,225.68
1408,571,10,3,741.67,2225.01
1409,571,15,3,836.62,2509.86
1410,572,20,6,205.99,1235.94
1411,572,20,3,223.08,669.24
1412,572,11,6,998.27,5989.62
1413,572,19,1,1404.93,1404.93
1414,573,6,2,111.12,222.24
1415,573,16,3,1312.64,3937.92
1416,573,8,3,598.63,1795.89
1417,574,11,2,1040.72,2081.44
1418,574,6,3,131.21,393.63
1419,574,1,3,1849.91,5549.73
1420,574,8,5,563.74,2818.7
1421,575,12,2,257.56,515.12
1422,575,11,3,1082.8,3248.4
1423,575,2,4,908.98,3635.92
1424,575,17,3,2302.19,6906.57
1425,576,12,4,254.41,1017.64
1426,577,12,4,212.03,848.12
1427,577,5,4,202.93,811.72
1428,577,14,5,124.97,624.85
1429,578,10,3,746.41,2239.23
1430,579,2,4,810.24,3240.96
1431,579,7,6,549.85,3299.1
1432,579,19,3,1041.77,3125.31
1433,579,12,3,258.93,776.79
1434,580,6,2,103.33,206.66
1435,580,10,1,787.28,787.28
1436,580,8,2,467.45,934.9
1437,581,19,2,1221.41,2442.82
1438,581,20,3,231.0,693.0
1439,581,13,2,537.38,1074.76
1440,581,5,5,171.12,855.6
1441,582,17,2,1688.04,3376.08
1442,582,14,1,143.97,143.97
1443,583,3,3,800.11,2400.33
1444,584,3,2,933.23,1866.46
1445,584,11,4,919.84,3679.36
1446,584,13,2,398.28,796.56
1447,585,14,2,137.69,275.38
1448,585,12,3,244.76,734.28
1449,585,9,2,2335.28,4670.56
1450,585,13,2,536.08,1072.16
1451,586,4,1,363.81,363.81
1452,586,20,2,234.32,468.64
1453,586,15,3,886.37,2659.11
1454,587,15,5,958.65,4793.25
1455,587,13,3,448.65,1345.95
1456,587,2,2,826.34,1652.68
1457,587,20,3,235.76,707.28
1458,588,10,3,760.32,2280.96
1459,589,20,1,234.83,234.83
1460,590,11,1,1024.28,1024.28
1461,590,8,3,542.9,1628.7
1462,590,17,2,2304.05,4608.1
1463,590,5,1,168.85,168.85
1464,591,14,2,143.29,286.58
1465,591,11,6,959.74,5758.44
1466,592,20,4,213.02,852.08
1467,592,8,2,580.39,1160.78
1468,593,3,3,994.12,2982.36
1469,593,19,3,1032.54,3097.62
1470,593,17,1,2053.5,2053.5
1471,593,20,3,228.63,685.89
1472,594,6,2,114.65,229.3
1473,594,14,1,137.12,137.12
1474,595,6,3,127.67,383.01
1475,596,12,2,233.05,466.1
1476,596,18,4,1708.68,6834.72
1477,596,5,3,187.47,562.41
1478,596,15,1,895.4,895.4
1479,597,11,1,1023.92,1023.92
1480,597,10,2,957.24,1914.48
1481,597,15,1,860.32,860.32
1482,598,8,2,613.57,1227.14
1483,599,4,4,377.42,1509.68
1484,599,5,3,167.88,503.64
1485,599,14,5,130.83,654.15
1486,600,6,3,137.17,411.51
1487,601,2,1,700.01,700.01
1488,601,1,5,2043.12,10215.6
1489,601,17,4,2207.73,8830.92
1490,601,7,1,668.35,668.35
1491,602,17,3,1841.39,5524.17
1492,602,14,2,154.05,308.1
1493,603,1,5,2011.38,10056.9
1494,603,14,3,152.5,457.5
1495,603,3,3,979.14,2937.42
1496,603,20,3,246.66,739.98
1497,604,18,1,1902.52,1902.52
1498,605,18,2,1477.23,2954.46
1499,605,19,4,1358.27,5433.08
1500,605,6,2,138.4,276.8
1501,605,10,3,943.34,2830.02
1502,606,17,1,2073.02,2073.02
1503,607,11,1,851.85,851.85
1504,608,15,3,745.39,2236.17
1505,608,13,2,515.21,1030.42
1506,608,11,2,1030.87,2061.74
1507,608,8,2,513.47,1026.94
1508,609,1,5,1943.12,9715.6
1509,609,12,3,257.33,771.99
1510,609,13,4,445.23,1780.92
1511,610,9,4,2057.72,8230.88
1512,610,9,6,2300.6,13803.6
1513,611,10,1,777.63,777.63
1514,612,14,5,120.53,602.65
1515,612,12,1,252.32,252.32
1516,612,12,2,271.36,542.72
1517,613,16,4,1246.79,4987.16
1518,614,10,3,873.21,2619.63
1519,614,7,4,571.58,2286.32
1520,614,12,1,230.0,230.0
1521,615,9,2,1753.13,3506.26
1522,615,18,3,1922.68,5768.04
1523,616,18,3,1475.32,4425.96
1524,617,17,3,1785.89,5357.67
1525,617,15,2,1001.69,2003.38
1526,618,12,2,222.43,444.86
1527,618,19,3,1419.07,4257.21
1528,619,19,1,1126.78,1126.78
1529,619,11,3,904.9,2714.7
1530,619,4,4,364.7,1458.8
1531,620,13,2,504.6,1009.2
1532,621,2,4,882.82,3531.28
1533,621,4,3,419.54,1258.62
1534,621,6,5,122.48,612.4
1535,622,17,2,2032.33,4064.66
1536,622,10,1,936.31,936.31
1537,622,4,2,425.41,850.82
1538,622,11,3,899.2,2697.6
1539,623,15,2,987.23,1974.46
1540,623,11,4,1031.56,4126.24
1541,624,19,4,1258.77,5035.08
1542,624,15,3,733.12,2199.36
1543,624,8,3,502.15,1506.45
1544,625,7,3,681.45,2044.35
1545,625,19,2,1327.58,2655.16
1546,626,4,3,384.6,1153.8
1547,626,8,3,587.59,1762.77
1548,626,4,3,395.62,1186.86
1549,627,19,3,1336.44,4009.32
1550,627,9,2,2389.56,4779.12
1551,627,4,4,422.55,1690.2
1552,627,2,4,929.57,3718.28
1553,628,6,2,138.23,276.46
1554,628,13,1,403.07,403.07
1555,628,7,3,714.9,2144.7
1556,629,1,2,2134.14,4268.28
1557,629,20,2,250.52,501.04
1558,630,20,4,218.53,874.12
1559,630,11,3,1034.26,3102.78
1560,631,15,2,862.64,1725.28
1561,631,20,4,199.7,798.8
1562,631,20,3,199.49,598.47
1563,631,1,4,1940.21,7760.84
1564,632,20,3,197.31,591.93
1565,632,19,5,1244.02,6220.1
1566,633,7,3,697.34,2092.02
1567,633,14,1,124.83,124.83
1568,633,18,4,1907.33,7629.32
1569,633,5,4,164.99,659.96
1570,634,17,3,1694.15,5082.45
1571,635,16,4,1208.58,4834.32
1572,635,20,3,236.76,710.28
1573,635,19,4,1319.74,5278.96
1574,635,6,3,106.26,318.78
1575,636,3,4,1016.65,4066.6
1576,636,18,4,1893.06,7572.24
1577,637,17,3,2054.78,6164.34
1578,637,3,2,812.43,1624.86
1579,637,11,2,824.07,1648.14
1580,637,11,4,959.27,3837.08
1581,638,14,2,133.91,267.82
1582,638,16,4,1035.73,4142.92
1583,638,13,5,428.04,2140.2
1584,639,19,3,1216.56,3649.68
1585,639,3,3,1012.28,3036.84
1586,639,15,1,869.7,869.7
1587,640,16,1,1152.92,1152.92
1588,640,5,3,185.46,556.38
1589,640,4,2,389.76,779.52
1590,641,5,3,186.19,558.57
1591,641,10,4,751.42,3005.68
1592,641,10,4,860.72,3442.88
1593,642,7,3,706.93,2120.79
1594,642,1,2,1931.61,3863.22
1595,643,20,2,216.46,432.92
1596,643,15,3,954.51,2863.53
1597,643,13,2,404.8,809.6
1598,644,1,4,2017.08,8068.32
1599,644,1,4,2053.64,8214.56
1600,644,16,3,1131.76,3395.28
1601,644,7,5,620.79,3103.95
1602,645,1,4,2227.77,8911.08
1603,645,20,3,208.22,624.66
1604,646,3,2,823.07,1646.14
1605,646,13,2,471.5,943.0
1606,646,11,5,795.05,3975.25
1607,647,15,2,851.96,1703.92
1608,647,18,2,1587.64,3175.28
1609,648,15,2,1002.17,2004.34
1610,648,8,4,492.6,1970.4
1611,648,4,6,340.56,2043.36
1612,649,1,4,1792.68,7170.72
1613,649,11,1,1059.49,1059.49
1614,649,20,5,217.77,1088.85
1615,649,2,1,674.17,674.17
1616,650,3,5,853.98,4269.9
1617,650,10,2,717.37,1434.74
1618,651,12,4,248.01,992.04
1619,652,16,4,1215.13,4860.52
1620,653,10,4,927.16,3708.64
1621,653,15,5,875.55,4377.75
1622,653,17,1,1790.1,1790.1
1623,654,8,3,535.19,1605.57
1624,655,19,2,1212.25,2424.5
1625,655,11,3,828.36,2485.08
1626,655,9,1,1947.1,1947.1
1627,655,15,1,999.79,999.79
1628,656,13,4,531.76,2127.04
1629,656,9,3,1787.16,5361.48
1630,657,9,5,1786.96,8934.8
1631,657,15,4,753.08,3012.32
1632,657,3,3,785.42,2356.26
1633,658,20,3,206.24,618.72
1634,658,15,6,869.73,5218.38
1635,658,3,1,940.19,940.19
1636,658,18,2,1613.44,3226.88
1637,659,10,2,969.55,1939.1
1638,659,10,3,876.6,2629.8
1639,660,18,6,1800.39,10802.34
1640,660,1,4,2042.7,8170.8
1641,660,19,2,1139.57,2279.14
1642,660,14,3,140.63,421.89
1643,661,13,3,526.85,1580.55
1644,661,18,3,1939.02,5817.06
1645,661,7,1,601.9,601.9
1646,661,8,2,560.74,1121.48
1647,662,3,3,897.24,2691.72
1648,662,4,4,453.47,1813.88
1649,662,10,5,900.28,4501.4
1650,662,19,2,1365.7,2731.4
1651,663,7,4,661.48,2645.92
1652,664,14,2,162.73,325.46
1653,664,7,4,577.77,2311.08
1654,665,4,4,350.12,1400.48
1655,665,7,2,613.02,1226.04
1656,665,12,3,217.99,653.97
1657,666,8,1,607.89,607.89
1658,666,12,1,232.62,232.62
1659,666,3,4,828.89,3315.56
1660,666,14,2,146.24,292.48
1661,667,11,3,1035.41,3106.23
1662,667,15,4,940.9,3763.6
1663,668,3,4,865.29,3461.16
1664,668,3,2,758.83,1517.66
1665,669,7,2,672.9,1345.8
1666,670,1,3,1849.57,5548.71
1667,670,16,5,1131.46,5657.3
1668,671,6,1,125.66,125.66
1669,671,13,2,508.66,1017.32
1670,671,6,1,110.15,110.15
1671,671,2,4,926.07,3704.28
1672,672,13,2,462.05,924.1
1673,672,12,3,223.47,670.41
1674,673,20,4,187.7,750.8
1675,674,7,2,533.91,1067.82
1676,675,11,3,978.99,2936.97
1677,676,5,3,168.67,506.01
1678,676,6,3,125.99,377.97
1679,676,9,1,1773.56,1773.56
1680,677,7,2,707.38,1414.76
1681,677,9,3,2068.63,6205.89
1682,678,12,3,277.43,832.29
1683,678,5,1,185.39,185.39
1684,678,6,4,102.96,411.84
1685,679,6,3,104.3,312.9
1686,679,8,5,456.02,2280.1
1687,679,4,4,357.9,1431.6
1688,680,20,1,197.11,197.11
1689,681,5,2,168.02,336.04
1690,682,14,2,155.26,310.52
1691,682,4,4,382.37,1529.48
1692,682,11,4,974.89,3899.56
1693,683,4,2,382.25,764.5
1694,684,11,4,786.41,3145.64
1695,684,20,3,243.61,730.83
1696,685,18,3,1927.12,5781.36
1697,685,9,2,2319.82,4639.64
1698,686,3,4,774.52,3098.08
1699,687,2,4,793.76,3175.04
1700,687,7,4,566.85,2267.4
1701,687,5,3,157.48,472.44
1702,687,12,3,257.38,772.14
1703,688,5,3,166.01,498.03
1704,688,15,2,957.4,1914.8
1705,688,11,3,1068.55,3205.65
1706,688,11,3,1007.06,3021.18
1707,689,5,4,195.36,781.44
1708,690,8,2,581.04,1162.08
1709,690,1,2,2135.38,4270.76
1710,690,3,1,829.63,829.63
1711,690,4,2,446.23,892.46
1712,691,9,5,2129.73,10648.65
1713,692,17,3,2239.12,6717.36
1714,692,9,5,1723.33,8616.65
1715,693,17,4,1883.7,7534.8
1716,693,3,2,990.99,1981.98
1717,693,4,2,367.21,734.42
1718,693,14,1,131.45,131.45
1719,694,19,6,1085.74,6514.44
1720,695,7,1,635.79,635.79
1721,695,11,2,793.85,1587.7
1722,696,16,2,1290.45,2580.9
1723,696,8,2,582.23,1164.46
1724,696,16,3,1323.5,3970.5
1725,696,4,3,349.47,1048.41
1726,697,1,1,1916.68,1916.68
1727,697,5,3,201.17,603.51
1728,697,18,2,1627.23,3254.46
1729,698,15,3,858.59,2575.77
1730,698,20,2,219.41,438.82
1731,698,9,1,2212.74,2212.74
1732,699,1,3,1874.65,5623.95
1733,699,9,3,2342.33,7026.99
1734,699,1,2,1657.14,3314.28
1735,699,11,3,941.83,2825.49
1736,700,15,3,813.24,2439.72
1737,701,6,2,109.21,218.42
1738,701,16,3,991.05,2973.15
1739,701,10,2,810.32,1620.64
1740,702,9,1,2321.79,2321.79
1741,702,18,5,1460.62,7303.1
1742,702,3,3,877.22,2631.66
1743,703,4,4,376.98,1507.92
1744,703,5,2,199.1,398.2
1745,703,15,3,740.83,2222.49
1746,704,10,2,877.34,1754.68
1747,704,18,4,1500.39,6001.56
1748,705,4,1,363.97,363.97
1749,705,14,2,124.05,248.1
1750,705,1,2,1662.75,3325.5
1751,705,15,5,804.85,4024.25
1752,706,9,3,1830.07,5490.21
1753,706,13,3,528.48,1585.44
1754,706,8,1,482.94,482.94
1755,707,20,4,224.65,898.6
1756,707,11,1,1008.9,1008.9
1757,707,14,1,154.44,154.44
1758,707,2,3,763.05,2289.15
1759,708,17,3,2126.98,6380.94
1760,708,9,4,2228.05,8912.2
1761,708,10,3,725.41,2176.23
1762,708,15,5,902.79,4513.95
1763,709,19,1,1276.36,1276.36
1764,710,9,2,2064.88,4129.76
1765,710,17,6,2010.43,12062.58
1766,710,10,1,863.8,863.8
1767,710,3,2,971.67,1943.34
1768,711,14,3,140.58,421.74
1769,712,9,3,1894.82,5684.46
1770,712,19,3,1306.04,3918.12
1771,713,20,4,240.31,961.24
1772,713,1,4,2179.79,8719.16
1773,713,8,2,503.13,1006.26
1774,714,3,5,781.52,3907.6
1775,714,8,2,578.16,1156.32
1776,715,6,3,115.14,345.42
1777,715,1,4,1875.61,7502.44
1778,715,4,3,461.17,1383.51
1779,716,18,1,1850.2,1850.2
1780,716,10,1,924.66,924.66
1781,716,11,4,910.97,3643.88
1782,716,20,3,231.45,694.35
1783,717,12,2,270.1,540.2
1784,717,3,1,794.3,794.3
1785,717,2,2,723.69,1447.38
1786,717,4,5,451.54,2257.7
1787,718,15,3,868.23,2604.69
1788,718,8,3,548.48,1645.44
1789,718,15,2,993.23,1986.46
1790,719,17,2,1710.48,3420.96
1791,720,7,2,534.52,1069.04
1792,720,7,1,584.6,584.6
1793,720,7,3,523.8,1571.4
1794,720,3,2,742.07,1484.14
1795,721,6,3,125.26,375.78
1796,722,18,3,1631.59,4894.77
1797,722,1,1,1698.34,1698.34
1798,722,3,3,837.57,2512.71
1799,723,7,1,641.63,641.63
1800,723,8,4,453.99,1815.96
1801,724,19,3,1227.43,3682.29
1802,724,10,6,764.17,4585.02
1803,724,4,2,437.9,875.8
1804,724,12,1,286.91,286.91
1805,725,18,4,1653.3,6613.2
1806,725,11,3,957.7,2873.1
1807,725,11,4,863.88,3455.52
1808,726,12,2,222.68,445.36
1809,726,3,3,855.19,2565.57
1810,726,8,1,517.53,517.53
1811,727,14,3,156.77,470.31
1812,728,1,3,1884.12,5652.36
1813,728,20,3,240.06,720.18
1814,728,20,2,211.35,422.7
1815,728,1,2,2138.41,4276.82
1816,729,14,2,141.68,283.36
1817,730,17,3,2277.34,6832.02
1818,731,2,2,913.74,1827.48
1819,732,14,3,151.16,453.48
1820,733,6,3,137.01,411.03
1821,734,5,4,167.05,668.2
1822,735,19,4,1111.06,4444.24
1823,736,11,2,986.17,1972.34
1824,736,13,2,531.74,1063.48
1825,736,2,2,707.97,1415.94
1826,736,4,4,426.18,1704.72
1827,737,16,2,1114.22,2228.44
1828,737,18,1,1541.09,1541.09
1829,738,3,2,950.25,1900.5
1830,739,8,1,490.04,490.04
1831,739,11,3,1045.66,3136.98
1832,739,15,1,839.4,839.4
1833,740,5,2,180.09,360.18
1834,740,11,2,1027.71,2055.42
1835,741,12,3,212.09,636.27
1836,741,3,1,830.38,830.38
1837,741,10,1,887.0,887.0
1838,742,18,6,1894.49,11366.94
1839,742,6,2,129.87,259.74
1840,743,18,4,1925.48,7701.92
1841,743,10,3,830.94,2492.82
1842,743,20,2,235.93,471.86
1843,744,5,3,176.44,529.32
1844,745,5,2,159.74,319.48
1845,745,19,2,1199.58,2399.16
1846,745,4,1,436.16,436.16
1847,745,16,3,1324.99,3974.97
1848,746,12,2,235.99,471.98
1849,746,19,3,1341.02,4023.06
1850,746,14,3,129.61,388.83
1851,747,13,5,445.55,2227.75
1852,748,12,4,212.13,848.52
1853,748,2,3,908.14,2724.42
1854,749,16,3,1210.42,3631.26
1855,749,15,1,830.6,830.6
1856,750,11,3,1073.24,3219.72
1857,751,11,1,836.96,836.96
1858,751,17,3,2161.33,6483.99
1859,751,8,1,558.86,558.86
1860,752,14,4,119.53,478.12
1861,752,13,3,545.65,1636.95
1862,752,5,2,192.04,384.08
1863,753,12,5,239.9,1199.5
1864,753,1,4,2039.79,8159.16
1865,754,1,2,2052.37,4104.74
1866,754,15,1,844.22,844.22
1867,755,6,3,127.44,382.32
1868,755,14,2,156.71,313.42
1869,755,18,3,1561.07,4683.21
1870,755,1,2,1650.11,3300.22
1871,756,3,1,822.97,822.97
1872,756,3,1,751.26,751.26
1873,756,4,3,432.36,1297.08
1874,756,18,1,1778.55,1778.55
1875,757,5,2,183.87,367.74
1876,758,8,1,598.41,598.41
1877,758,16,4,1130.04,4520.16
1878,759,14,4,118.32,473.28
1879,760,8,2,476.5,953.0
1880,760,15,2,752.56,1505.12
1881,760,8,3,507.19,1521.57
1882,761,7,3,560.61,1681.83
1883,761,2,3,886.95,2660.85
1884,761,9,2,1795.03,3590.06
1885,762,1,5,1698.02,8490.1
1886,762,15,6,785.56,4713.36
1887,763,17,3,1726.42,5179.26
1888,763,11,2,956.16,1912.32
1889,764,3,2,943.38,1886.76
1890,764,19,3,1308.58,3925.74
1891,765,16,1,1230.88,1230.88
1892,766,3,4,955.93,3823.72
1893,766,15,2,823.68,1647.36
1894,767,14,1,125.98,125.98
1895,767,8,1,569.67,569.67
1896,767,10,2,855.09,1710.18
1897,768,4,3,436.88,1310.64
1898,769,19,3,1157.27,3471.81
1899,769,15,3,782.13,2346.39
1900,769,16,2,999.18,1998.36
1901,769,4,2,381.03,762.06
1902,770,2,5,913.13,4565.65
1903,771,8,4,586.21,2344.84
1904,772,19,3,1249.7,3749.1
1905,772,2,5,863.26,4316.3
1906,773,17,4,2165.97,8663.88
1907,773,20,3,228.83,686.49
1908,773,2,3,898.05,2694.15
1909,774,7,2,706.56,1413.12
1910,774,18,1,1524.42,1524.42
1911,775,15,3,888.76,2666.28
1912,775,4,3,439.62,1318.86
1913,775,10,3,855.97,2567.91
1914,775,17,2,2010.58,4021.16
1915,776,8,1,624.14,624.14
1916,776,15,2,775.14,1550.28
1917,776,7,3,636.04,1908.12
1918,776,13,2,540.88,1081.76
1919,777,3,1,816.18,816.18
1920,777,10,4,814.66,3258.64
1921,778,20,4,209.9,839.6
1922,778,4,1,459.55,459.55
1923,779,7,1,675.83,675.83
1924,779,11,3,1002.54,3007.62
1925,779,17,1,1924.1,1924.1
1926,780,1,3,2087.81,6263.43
1927,780,18,3,1935.02,5805.06
1928,780,6,2,116.27,232.54
1929,780,5,4,158.47,633.88
1930,781,7,3,664.76,1994.28
1931,781,7,1,664.91,664.91
1932,781,11,4,1062.78,4251.12
1933,782,8,1,613.71,613.71
1934,782,9,4,1841.42,7365.68
1935,782,19,3,1192.93,3578.79
1936,782,11,4,995.79,3983.16
1937,783,15,4,773.91,3095.64
1938,784,4,3,431.73,1295.19
1939,784,20,5,208.8,1044.0
1940,784,20,1,196.49,196.49
1941,785,20,4,236.05,944.2
1942,785,13,2,451.89,903.78
1943,785,18,4,1715.57,6862.28
1944,785,13,4,552.81,2211.24
1945,786,13,3,493.53,1480.59
1946,786,12,2,258.14,516.28
1947,786,6,1,123.62,123.62
1948,787,5,4,166.35,665.4
1949,787,19,2,1245.22,2490.44
1950,787,9,2,1927.7,3855.4
1951,787,6,1,129.37,129.37
1952,788,12,3,224.31,672.93
1953,788,9,4,1754.7,7018.8
1954,789,2,4,849.35,3397.4
1955,790,7,2,614.96,1229.92
1956,791,8,2,585.58,1171.16
1957,792,4,2,386.17,772.34
1958,793,12,4,222.06,888.24
1959,793,11,4,831.87,3327.48
1960,793,12,5,255.83,1279.15
1961,794,1,3,2203.6,6610.8
1962,795,11,2,842.72,1685.44
1963,795,13,4,493.14,1972.56
1964,795,11,5,797.58,3987.9
1965,796,15,4,924.15,3696.6
1966,796,3,2,969.24,1938.48
1967,796,14,2,150.64,301.28
1968,796,5,2,153.78,307.56
1969,797,8,3,534.09,1602.27
1970,798,8,2,482.64,965.28
1971,799,20,3,246.4,739.2
1972,799,19,6,1281.66,7689.96
1973,799,12,2,273.91,547.82
1974,799,18,1,1713.42,1713.42
1975,800,18,6,1949.64,11697.84
1976,800,3,2,815.18,1630.36
1977,801,10,3,734.48,2203.44
1978,802,11,3,839.05,2517.15
1979,802,7,3,710.14,2130.42
1980,802,2,4,886.48,3545.92
1981,802,5,1,196.94,196.94
1982,803,19,3,1339.32,4017.96
1983,803,14,2,143.67,287.34
1984,804,5,2,193.82,387.64
1985,804,16,3,1184.37,3553.11
1986,804,7,1,723.6,723.6
1987,805,19,2,1405.01,2810.02
1988,806,12,3,213.9,641.7
1989,807,7,4,621.9,2487.6
1990,807,11,2,873.19,1746.38
1991,807,3,2,808.03,1616.06
1992,807,10,3,824.33,2472.99
1993,808,11,2,857.47,1714.94
1994,808,6,3,101.52,304.56
1995,808,3,2,782.23,1564.46
1996,808,3,3,975.45,2926.35
1997,809,3,3,758.57,2275.71
1998,809,15,1,803.68,803.68
1999,810,19,4,1299.99,5199.96
2000,810,13,2,421.05,842.1
2001,810,13,3,416.29,1248.87
2002,811,17,2,1927.68,3855.36
2003,811,20,2,189.55,379.1
2004,812,18,2,1589.13,3178.26
2005,813,20,2,228.82,457.64
2006,813,8,1,526.65,526.65
2007,813,19,5,1055.77,5278.85
2008,814,8,3,472.42,1417.26
2009,814,11,4,1087.56,4350.24
2010,814,18,2,1721.86,3443.72
2011,814,20,5,192.29,961.45
2012,815,5,2,171.99,343.98
2013,815,3,3,844.89,2534.67
2014,815,3,1,863.73,863.73
2015,816,13,1,531.37,531.37
2016,817,4,3,414.12,1242.36
2017,817,5,2,162.95,325.9
2018,817,8,2,463.31,926.62
2019,818,4,3,422.28,1266.84
2020,818,16,4,1013.26,4053.04
2021,819,3,4,1005.21,4020.84
2022,819,2,3,850.31,2550.93
2023,820,8,4,487.3,1949.2
2024,820,13,4,528.86,2115.44
2025,820,11,1,983.1,983.1
2026,821,20,3,208.26,624.78
2027,821,20,4,189.86,759.44
2028,821,1,2,1703.79,3407.58
2029,821,12,4,285.19,1140.76
2030,822,18,3,1552.93,4658.79
2031,822,20,4,255.04,1020.16
2032,822,15,3,998.15,2994.45
2033,823,3,1,772.43,772.43
2034,824,3,3,899.06,2697.18
2035,824,4,2,464.83,929.66
2036,824,7,2,550.59,1101.18
2037,825,6,4,113.05,452.2
2038,825,16,1,1273.21,1273.21
2039,825,18,3,1509.62,4528.86
2040,826,14,1,119.11,119.11
2041,827,5,1,184.63,184.63
2042,827,18,2,1590.89,3181.78
2043,827,9,1,2275.7,2275.7
2044,828,13,3,464.5,1393.5
2045,828,1,2,2033.87,4067.74
2046,829,10,3,969.39,2908.17
2047,829,1,4,1807.07,7228.28
2048,829,10,3,805.03,2415.09
2049,829,13,3,463.71,1391.13
2050,830,1,3,2204.78,6614.34
2051,830,3,2,934.74,1869.48
2052,831,4,1,451.94,451.94
2053,831,7,2,564.4,1128.8
2054,831,3,1,790.57,790.57
2055,832,14,2,138.78,277.56
2056,833,6,3,104.71,314.13
2057,833,9,1,2041.69,2041.69
2058,834,9,4,1971.65,7886.6
2059,834,7,6,688.36,4130.16
2060,834,19,3,1424.79,4274.37
2061,835,15,2,916.39,1832.78
2062,835,6,1,105.21,105.21
2063,835,5,3,177.3,531.9
2064,835,17,2,2177.21,4354.42
2065,836,1,2,1814.19,3628.38
2066,836,3,2,1010.82,2021.64
2067,836,13,2,513.89,1027.78
2068,837,5,2,203.97,407.94
2069,837,2,2,880.23,1760.46
2070,837,4,1,361.19,361.19
2071,837,2,3,859.11,2577.33
2072,838,12,3,286.64,859.92
2073,839,3,4,965.04,3860.16
2074,839,9,6,1932.11,11592.66
2075,840,16,3,1127.19,3381.57
2076,840,11,3,955.22,2865.66
2077,841,3,4,1005.3,4021.2
2078,841,18,4,1518.18,6072.72
2079,841,1,5,1851.32,9256.6
2080,841,5,4,161.98,647.92
2081,842,14,2,156.9,313.8
2082,842,17,3,1879.7,5639.1
2083,843,12,4,235.78,943.12
2084,844,4,3,434.85,1304.55
2085,845,13,2,523.21,1046.42
2086,846,16,6,1233.92,7403.52
2087,847,9,4,2154.7,8618.8
2088,848,12,4,225.95,903.8
2089,848,7,4,581.29,2325.16
2090,848,15,4,764.15,3056.6
2091,848,16,2,1007.92,2015.84
2092,849,9,4,1914.05,7656.2
2093,849,11,2,1033.12,2066.24
2094,850,19,2,1094.74,2189.48
2095,851,8,2,514.09,1028.18
2096,851,13,3,454.0,1362.0
2097,851,10,3,912.23,2736.69
2098,852,20,2,201.27,402.54
2099,852,4,1,426.51,426.51
2100,852,3,3,799.87,2399.61
2101,852,16,1,1106.61,1106.61
2102,853,4,2,386.2,772.4
2103,854,12,3,208.02,624.06
2104,854,5,1,191.02,191.02
2105,854,1,2,1789.06,3578.12
2106,855,15,4,840.99,3363.96
2107,855,5,4,188.92,755.68
2108,855,4,4,461.09,1844.36
2109,855,9,2,2301.92,4603.84
2110,856,13,3,426.78,1280.34
2111,856,9,6,1829.02,10974.12
2112,856,14,3,119.54,358.62
2113,856,14,2,156.37,312.74
2114,857,18,2,1940.14,3880.28
2115,857,10,1,961.7,961.7
2116,858,5,1,201.81,201.81
2117,858,7,3,610.61,1831.83
2118,859,3,5,904.5,4522.5
2119,859,15,3,863.67,2591.01
2120,859,12,3,271.03,813.09
2121,859,13,2,487.46,974.92
2122,860,14,6,144.78,868.68
2123,860,10,2,811.21,1622.42
2124,861,13,3,446.94,1340.82
2125,861,4,1,356.14,356.14
2126,861,1,6,2066.61,12399.66
2127,861,1,4,1970.28,7881.12
2128,862,18,3,1541.28,4623.84
2129,862,17,1,2314.74,2314.74
2130,863,1,2,2031.48,4062.96
2131,863,7,3,532.64,1597.92
2132,864,3,3,887.62,2662.86
2133,864,5,2,196.25,392.5
2134,864,10,1,837.16,837.16
2135,865,5,3,161.16,483.48
2136,865,15,2,800.73,1601.46
2137,865,20,2,233.0,466.0
2138,866,20,1,240.18,240.18
2139,866,3,2,1003.16,2006.32
2140,866,14,6,163.91,983.46
2141,867,2,3,916.73,2750.19
2142,867,10,2,802.99,1605.98
2143,867,11,3,980.17,2940.51
2144,868,6,3,107.09,321.27
2145,868,18,3,1589.14,4767.42
2146,868,19,6,1212.04,7272.24
2147,869,9,2,2381.99,4763.98
2148,870,11,2,853.0,1706.0
2149,870,9,3,1856.38,5569.14
2150,870,17,3,2080.07,6240.21
2151,870,17,2,1717.97,3435.94
2152,871,6,4,122.56,490.24
2153,871,4,3,373.21,1119.63
2154,871,8,2,526.23,1052.46
2155,872,5,4,155.84,623.36
2156,872,18,4,1761.2,7044.8
2157,872,10,3,722.35,2167.05
2158,872,11,4,1026.11,4104.44
2159,873,20,3,204.37,613.11
2160,874,14,4,162.22,648.88
2161,874,15,2,834.76,1669.52
2162,875,16,4,1205.69,4822.76
2163,875,16,4,1313.38,5253.52
2164,875,4,4,403.19,1612.76
2165,876,18,2,1852.06,3704.12
2166,876,13,5,426.83,2134.15
2167,877,14,4,118.35,473.4
2168,877,2,2,877.16,1754.32
2169,878,1,3,1617.26,4851.78
2170,879,7,1,596.82,596.82
2171,879,20,5,195.67,978.35
2172,879,12,1,285.44,285.44
2173,879,11,2,1012.66,2025.32
2174,880,4,6,456.55,2739.3
2175,880,17,3,1869.23,5607.69
2176,880,20,2,206.41,412.82
2177,880,14,1,150.93,150.93
2178,881,20,2,249.83,499.66
2179,882,19,4,1358.39,5433.56
2180,882,4,2,445.44,890.88
2181,882,20,4,242.62,970.48
2182,882,1,3,1763.94,5291.82
2183,883,15,1,803.42,803.42
2184,884,16,2,1217.11,2434.22
2185,884,18,3,1760.2,5280.6
2186,884,1,4,2236.04,8944.16
2187,885,12,3,252.18,756.54
2188,885,13,2,490.0,980.0
2189,885,10,2,882.56,1765.12
2190,886,5,3,203.79,611.37
2191,886,19,4,1161.9,4647.6
2192,886,13,1,443.42,443.42
2193,886,3,3,1027.06,3081.18
2194,887,12,6,283.91,1703.46
2195,887,15,2,858.28,1716.56
2196,887,18,3,1847.16,5541.48
2197,887,9,4,1953.35,7813.4
2198,888,8,3,460.43,1381.29
2199,889,17,2,2190.4,4380.8
2200,889,7,5,643.94,3219.7
2201,889,2,3,733.08,2199.24
2202,890,19,3,1343.0,4029.0
2203,890,1,1,2044.84,2044.84
2204,891,3,4,837.26,3349.04
2205,891,9,2,1885.83,3771.66
2206,891,17,4,1964.75,7859.0
2207,891,16,3,1076.99,3230.97
2208,892,11,1,838.14,838.14
2209,892,4,2,339.84,679.68
2210,893,14,1,151.27,151.27
2211,894,6,3,124.75,374.25
2212,894,5,3,178.0,534.0
2213,894,10,4,838.0,3352.0
2214,894,9,2,1876.04,3752.08
2215,895,10,2,895.56,1791.12
2216,895,11,3,1006.76,3020.28
2217,896,16,1,1238.78,1238.78
2218,896,16,5,1028.44,5142.2
2219,896,12,2,270.57,541.14
2220,897,10,2,854.27,1708.54
2221,898,9,2,2105.67,4211.34
2222,898,18,4,1638.71,6554.84
2223,898,19,5,1288.26,6441.3
2224,899,7,1,569.49,569.49
2225,899,12,3,232.57,697.71
2226,900,16,3,987.16,2961.48
2227,900,6,3,131.8,395.4
2228,900,12,1,211.89,211.89
2229,901,4,3,338.77,1016.31
2230,902,3,3,915.95,2747.85
2231,903,6,3,114.97,344.91
2232,903,6,2,122.74,245.48
2233,903,2,2,864.23,1728.46
2234,903,16,4,1035.68,4142.72
2235,904,11,3,876.92,2630.76
2236,904,12,2,225.31,450.62
2237,905,18,5,1945.82,9729.1
2238,905,3,3,981.39,2944.17
2239,906,19,1,1374.99,1374.99
2240,906,10,3,963.42,2890.26
2241,906,19,3,1233.76,3701.28
2242,907,6,2,126.58,253.16
2243,907,5,1,199.2,199.2
2244,907,11,3,852.7,2558.1
2245,907,10,4,956.84,3827.36
2246,908,3,2,912.85,1825.7
2247,909,10,3,733.99,2201.97
2248,910,17,1,1775.72,1775.72
2249,910,12,1,280.99,280.99
2250,911,13,4,416.37,1665.48
2251,912,1,1,1844.08,1844.08
2252,913,19,3,1065.63,3196.89
2253,913,8,2,513.11,1026.22
2254,914,8,6,590.73,3544.38
2255,915,10,4,959.07,3836.28
2256,915,3,3,767.58,2302.74
2257,915,8,2,591.27,1182.54
2258,916,15,3,1010.09,3030.27
2259,916,15,3,756.4,2269.2
2260,917,10,3,865.23,2595.69
2261,918,8,2,520.97,1041.94
2262,918,10,2,860.17,1720.34
2263,918,10,4,810.89,3243.56
2264,918,3,5,775.63,3878.15
2265,919,2,2,866.71,1733.42
2266,919,3,3,974.9,2924.7
2267,920,3,2,1015.26,2030.52
2268,920,5,3,190.37,571.11
2269,920,12,3,219.95,659.85
2270,921,7,3,717.14,2151.42
2271,921,14,2,162.16,324.32
2272,921,1,3,2214.05,6642.15
2273,921,18,2,1437.64,2875.28
2274,922,13,5,406.3,2031.5
2275,922,10,5,939.94,4699.7
2276,922,11,3,1023.22,3069.66
2277,922,18,2,1830.64,3661.28
2278,923,20,3,239.51,718.53
2279,923,10,2,881.32,1762.64
2280,924,15,4,821.2,3284.8
2281,924,16,3,1174.03,3522.09
2282,924,5,2,186.65,373.3
2283,925,19,1,1215.38,1215.38
2284,925,11,3,871.78,2615.34
2285,925,19,1,1195.56,1195.56
2286,925,9,3,2062.05,6186.15
2287,926,10,4,812.9,3251.6
2288,926,17,6,2110.7,12664.2
2289,926,13,2,490.23,980.46
2290,927,13,3,465.91,1397.73
2291,927,3,4,1004.8,4019.2
2292,927,8,4,538.61,2154.44
2293,927,7,3,724.73,2174.19
2294,928,3,2,905.34,1810.68
2295,928,14,1,143.22,143.22
2296,928,13,4,423.08,1692.32
2297,928,12,1,265.6,265.6
2298,929,4,3,408.81,1226.43
2299,929,10,3,936.95,2810.85
2300,929,8,2,604.75,1209.5
2301,930,8,3,554.37,1663.11
2302,930,14,3,130.69,392.07
2303,931,11,3,793.06,2379.18
2304,931,3,2,987.39,1974.78
2305,932,16,4,1163.58,4654.32
2306,932,12,3,237.54,712.62
2307,932,16,2,1054.48,2108.96
2308,932,19,3,1377.44,4132.32
2309,933,11,1,1013.31,1013.31
2310,934,9,3,2053.12,6159.36
2311,934,11,1,1052.12,1052.12
2312,934,3,3,930.95,2792.85
2313,935,6,1,119.2,119.2
2314,935,16,3,1131.09,3393.27
2315,935,12,3,213.57,640.71
2316,935,20,2,194.13,388.26
2317,936,4,1,386.8,386.8
2318,936,4,2,447.56,895.12
2319,936,1,4,1876.63,7506.52
2320,936,5,2,194.22,388.44
2321,937,3,3,803.04,2409.12
2322,937,12,1,271.64,271.64
2323,937,4,3,443.94,1331.82
2324,938,4,4,380.85,1523.4
2325,938,3,2,938.63,1877.26
2326,938,2,4,823.27,3293.08
2327,939,20,5,225.63,1128.15
2328,939,9,3,1875.92,5627.76
2329,940,12,6,244.01,1464.06
2330,940,5,1,194.58,194.58
2331,941,11,2,1025.53,2051.06
2332,941,1,4,2196.31,8785.24
2333,941,16,3,1013.36,3040.08
2334,942,17,1,2025.25,2025.25
2335,942,1,3,1659.42,4978.26
2336,942,11,2,1005.19,2010.38
2337,942,9,3,2112.37,6337.11
2338,943,6,5,135.25,676.25
2339,943,4,2,348.24,696.48
2340,943,15,3,874.13,2622.39
2341,943,20,2,257.58,515.16
2342,944,6,1,110.37,110.37
2343,945,16,1,1286.05,1286.05
2344,945,5,3,153.71,461.13
2345,946,6,2,102.02,204.04
2346,947,19,4,1218.7,4874.8
2347,947,10,2,728.35,1456.7
2348,948,7,3,525.64,1576.92
2349,948,9,3,2299.37,6898.11
2350,948,15,5,999.51,4997.55
2351,949,18,3,1648.81,4946.43
2352,950,9,4,1889.72,7558.88
2353,950,12,1,280.1,280.1
2354,950,13,5,451.64,2258.2
2355,950,20,2,249.04,498.08
2356,951,12,2,211.03,422.06
2357,951,12,5,241.63,1208.15
2358,952,11,2,981.0,1962.0
2359,952,10,3,783.56,2350.68
2360,952,13,1,437.82,437.82
2361,953,7,3,650.98,1952.94
2362,953,12,2,213.14,426.28
2363,953,13,5,428.9,2144.5
2364,954,3,3,1021.41,3064.23
2365,954,2,4,810.74,3242.96
2366,954,11,4,785.93,3143.72
2367,954,14,4,129.01,516.04
2368,955,10,3,968.17,2904.51
2369,955,17,3,2071.59,6214.77
2370,955,14,3,135.8,407.4
2371,956,6,4,133.56,534.24
2372,957,11,4,1070.51,4282.04
2373,957,15,4,941.09,3764.36
2374,957,6,3,112.42,337.26
2375,958,7,2,716.28,1432.56
2376,958,10,5,795.99,3979.95
2377,958,20,3,255.84,767.52
2378,958,1,4,1759.87,7039.48
2379,959,14,2,119.19,238.38
2380,960,2,2,915.98,1831.96
2381,961,11,2,1062.96,2125.92
2382,961,19,3,1098.93,3296.79
2383,962,20,4,250.0,1000.0
2384,962,3,5,752.95,3764.75
2385,962,14,4,142.46,569.84
2386,962,17,3,2041.6,6124.8
2387,963,13,2,525.51,1051.02
2388,963,17,3,2053.16,6159.48
2389,963,19,5,1246.41,6232.05
2390,963,5,5,165.34,826.7
2391,964,15,2,761.22,1522.44
2392,964,11,3,1004.15,3012.45
2393,965,10,1,838.17,838.17
2394,965,1,2,1918.94,3837.88
2395,966,8,3,515.67,1547.01
2396,966,17,4,1904.28,7617.12
2397,966,19,2,1222.23,2444.46
2398,966,14,3,118.31,354.93
2399,967,7,1,692.32,692.32
2400,967,6,5,128.14,640.7
2401,967,15,3,799.58,2398.74
2402,967,6,4,130.55,522.2
2403,968,9,3,1840.96,5522.88
2404,968,3,2,927.55,1855.1
2405,968,9,3,1735.29,5205.87
2406,969,6,3,133.89,401.67
2407,969,14,1,123.39,123.39
2408,969,9,3,2034.06,6102.18
2409,970,15,4,987.43,3949.72
2410,970,15,3,762.13,2286.39
2411,970,6,3,120.99,362.97
2412,970,9,3,2382.46,7147.38
2413,971,11,6,912.15,5472.9
2414,971,8,3,538.83,1616.49
2415,971,20,2,188.74,377.48
2416,972,16,3,1040.72,3122.16
2417,972,1,3,1766.65,5299.95
2418,972,8,4,555.38,2221.52
2419,973,4,1,373.94,373.94
2420,974,10,1,786.49,786.49
2421,974,14,3,141.87,425.61
2422,975,16,2,1240.72,2481.44
2423,975,3,2,989.92,1979.84
2424,975,18,2,1754.42,3508.84
2425,975,6,3,102.08,306.24
2426,976,12,3,238.93,716.79
2427,976,20,3,232.96,698.88
2428,976,20,4,232.12,928.48
2429,977,16,4,1018.5,4074.0
2430,977,10,2,902.67,1805.34
2431,977,3,4,902.13,3608.52
2432,977,10,3,749.52,2248.56
2433,978,17,5,1848.16,9240.8
2434,978,8,1,617.82,617.82
2435,979,19,3,1060.75,3182.25
2436,979,15,1,1004.71,1004.71
2437,979,6,2,102.52,205.04
2438,980,14,3,130.11,390.33
2439,980,7,3,673.49,2020.47
2440,980,5,5,158.7,793.5
2441,980,16,1,1228.36,1228.36
2442,981,11,3,1020.44,3061.32
2443,982,18,2,1649.13,3298.26
2444,982,19,1,1078.32,1078.32
2445,983,5,5,155.1,775.5
2446,983,1,5,2063.34,10316.7
2447,983,11,2,929.23,1858.46
2448,984,14,2,136.63,273.26
2449,985,6,3,118.26,354.78
2450,985,14,5,157.93,789.65
2451,985,12,2,285.43,570.86
2452,985,10,2,950.78,1901.56
2453,986,15,1,933.65,933.65
2454,986,13,2,479.25,958.5
2455,986,6,5,104.22,521.1
2456,987,14,4,127.23,508.92
2457,987,6,2,134.55,269.1
2458,988,6,4,100.42,401.68
2459,988,12,3,249.18,747.54
2460,989,3,3,794.86,2384.58
2461,989,7,2,664.62,1329.24
2462,989,15,3,901.47,2704.41
2463,990,1,3,2196.07,6588.21
2464,990,6,2,119.61,239.22
2465,990,16,4,1225.33,4901.32
2466,991,8,2,548.11,1096.22
2467,991,11,3,967.03,2901.09
2468,991,7,3,541.32,1623.96
2469,991,16,2,1009.0,2018.0
2470,992,8,2,575.39,1150.78
2471,992,7,4,573.96,2295.84
2472,992,1,2,1867.2,3734.4
2473,993,11,3,909.06,2727.18
2474,993,14,1,140.81,140.81
2475,994,12,2,247.27,494.54
2476,995,19,3,1118.04,3354.12
2477,995,12,3,238.71,716.13
2478,996,20,3,193.98,581.94
2479,996,5,3,184.82,554.46
2480,997,12,5,249.34,1246.7
2481,998,18,2,1583.56,3167.12
2482,998,14,2,157.09,314.18
2483,999,10,3,862.95,2588.85
2484,999,13,6,403.09,2418.54
2485,1000,2,3,795.39,2386.17
2486,1000,18,1,1694.22,1694.22
2487,1001,13,3,491.7,1475.1
2488,1001,4,4,344.05,1376.2
2489,1001,2,2,687.43,1374.86
2490,1002,6,3,116.79,350.37
2491,1002,9,4,2203.68,8814.72
2492,1002,10,3,750.05,2250.15
2493,1003,10,3,848.14,2544.42
2494,1003,12,4,223.84,895.36
2495,1003,16,2,1288.77,2577.54
2496,1003,19,4,1391.91,5567.64
2497,1004,10,2,805.23,1610.46
2498,1004,6,3,130.35,391.05
2499,1004,14,3,150.37,451.11
2500,1004,12,3,215.53,646.59
2501,1005,9,3,2378.92,7136.76
2502,1005,14,5,137.54,687.7
2503,1006,5,1,174.61,174.61
2504,1007,3,2,782.82,1565.64
2505,1007,17,3,2239.52,6718.56
2506,1008,11,3,793.85,2381.55
2507,1008,20,4,236.27,945.08
2508,1008,7,2,575.31,1150.62
2509,1008,19,2,1087.21,2174.42
2510,1009,2,2,932.92,1865.84
2511,1009,4,5,447.75,2238.75
2512,1009,9,3,1880.63,5641.89
2513,1009,15,2,883.45,1766.9
2514,1010,6,3,135.09,405.27
2515,1011,19,5,1114.88,5574.4
2516,1011,15,1,732.48,732.48
2517,1012,20,2,241.06,482.12
2518,1013,19,2,1214.82,2429.64
2519,1013,9,2,1961.22,3922.44
2520,1013,7,4,609.02,2436.08
2521,1014,17,1,2302.51,2302.51
2522,1014,9,2,1737.5,3475.0
2523,1014,7,2,535.08,1070.16
2524,1015,12,3,214.28,642.84
2525,1015,4,3,462.63,1387.89
2526,1016,2,1,691.33,691.33
2527,1016,16,5,1000.74,5003.7
2528,1016,12,2,262.02,524.04
2529,1016,16,6,1305.72,7834.32
2530,1017,16,2,1017.23,2034.46
2531,1017,7,1,568.98,568.98
2532,1017,13,3,456.54,1369.62
2533,1017,20,3,234.78,704.34
2534,1018,12,2,285.61,571.22
2535,1018,13,5,502.17,2510.85
2536,1019,14,2,127.86,255.72
2537,1019,20,5,250.79,1253.95
2538,1019,13,4,443.94,1775.76
2539,1019,9,1,2342.9,2342.9
2540,1020,5,4,164.91,659.64
2541,1020,12,1,280.89,280.89
2542,1020,6,1,131.99,131.99
2543,1021,20,3,187.46,562.38
2544,1021,20,4,193.72,774.88
2545,1022,11,3,1082.7,3248.1
2546,1023,9,2,2308.48,4616.96
2547,1023,8,3,584.35,1753.05
2548,1024,15,3,799.82,2399.46
2549,1024,6,1,134.98,134.98
2550,1025,9,4,1800.38,7201.52
2551,1025,17,3,2229.15,6687.45
2552,1026,17,3,2308.56,6925.68
2553,1026,2,2,836.17,1672.34
2554,1027,7,3,632.21,1896.63
2555,1027,15,3,811.83,2435.49
2556,1027,16,3,1245.1,3735.3
2557,1028,16,2,1098.96,2197.92
2558,1028,8,4,545.24,2180.96
2559,1029,15,1,937.73,937.73
2560,1030,11,4,865.94,3463.76
2561,1030,3,2,1000.25,2000.5
2562,1030,11,1,1078.59,1078.59
2563,1031,10,3,913.08,2739.24
2564,1032,13,2,513.78,1027.56
2565,1032,5,3,207.47,622.41
2566,1032,7,1,712.66,712.66
2567,1032,16,4,1168.02,4672.08
2568,1033,8,1,574.36,574.36
2569,1033,9,3,2362.68,7088.04
2570,1033,9,2,2043.76,4087.52
2571,1034,13,2,528.75,1057.5
2572,1035,7,1,718.23,718.23
2573,1035,11,3,937.16,2811.48
2574,1035,3,3,916.85,2750.55
2575,1035,8,2,544.37,1088.74
2576,1036,6,3,112.8,338.4
2577,1037,2,3,786.76,2360.28
2578,1037,11,2,1084.43,2168.86
2579,1037,16,1,1225.08,1225.08
2580,1037,3,3,767.03,2301.09
2581,1038,14,2,149.62,299.24
2582,1038,14,4,119.11,476.44
2583,1039,18,2,1894.52,3789.04
2584,1039,2,1,793.54,793.54
2585,1039,6,1,130.58,130.58
2586,1039,2,4,828.66,3314.64
2587,1040,10,5,779.46,3897.3
2588,1040,20,3,243.47,730.41
2589,1040,8,2,465.66,931.32
2590,1040,9,3,2010.94,6032.82
2591,1041,7,3,596.09,1788.27
2592,1042,14,3,160.08,480.24
2593,1042,18,2,1922.37,3844.74
2594,1043,10,1,757.62,757.62
2595,1044,12,3,261.58,784.74
2596,1044,10,2,751.83,1503.66
2597,1045,2,1,709.24,709.24
2598,1046,20,3,195.3,585.9
2599,1046,19,1,1154.85,1154.85
2600,1047,9,4,1944.75,7779.0
2601,1047,16,6,966.91,5801.46
2602,1047,1,5,1950.9,9754.5
2603,1048,8,2,530.73,1061.46
2604,1048,15,1,990.16,990.16
2605,1048,5,3,191.37,574.11
2606,1049,7,4,696.2,2784.8
2607,1049,19,4,1183.03,4732.12
2608,1049,1,5,2231.78,11158.9
2609,1050,16,3,1194.4,3583.2
2610,1051,17,2,1989.9,3979.8
2611,1051,15,5,930.19,4650.95
2612,1052,9,1,2157.93,2157.93
2613,1053,15,1,798.47,798.47
2614,1053,17,4,2183.63,8734.52
2615,1053,13,4,457.35,1829.4
2616,1054,19,6,1355.59,8133.54
2617,1055,15,3,760.11,2280.33
2618,1056,17,3,2114.04,6342.12
2619,1057,2,3,689.72,2069.16
2620,1058,6,3,123.01,369.03
2621,1058,3,2,945.31,1890.62
2622,1058,14,3,144.29,432.87
2623,1058,9,2,2083.9,4167.8
2624,1059,15,2,852.52,1705.04
2625,1059,2,4,745.62,2982.48
2626,1060,4,3,373.72,1121.16
2627,1060,14,4,128.54,514.16
2628,1060,11,6,904.15,5424.9
2629,1060,3,2,775.9,1551.8
2630,1061,14,5,147.06,735.3
2631,1061,13,1,432.52,432.52
2632,1062,9,1,1838.86,1838.86
2633,1062,9,4,1960.68,7842.72
2634,1063,2,3,922.19,2766.57
2635,1063,14,3,127.75,383.25
2636,1064,4,3,363.4,1090.2
2637,1064,5,1,165.12,165.12
2638,1064,1,6,2217.44,13304.64
2639,1065,11,5,974.4,4872.0
2640,1065,20,3,205.69,617.07
2641,1065,14,2,155.5,311.0
2642,1065,19,1,1059.96,1059.96
2643,1066,11,2,952.08,1904.16
2644,1067,7,3,676.24,2028.72
2645,1068,18,4,1674.52,6698.08
2646,1069,5,2,175.93,351.86
2647,1069,18,5,1929.74,9648.7
2648,1070,7,5,696.17,3480.85
2649,1071,5,3,153.25,459.75
2650,1071,18,1,1788.39,1788.39
2651,1071,2,1,788.97,788.97
2652,1071,9,6,2312.77,13876.62
2653,1072,20,4,257.73,1030.92
2654,1072,19,2,1173.15,2346.3
2655,1072,8,3,550.57,1651.71
2656,1073,8,3,481.35,1444.05
2657,1073,1,1,2203.69,2203.69
2658,1073,5,3,162.91,488.73
2659,1074,15,2,850.43,1700.86
2660,1074,6,2,100.44,200.88
2661,1075,7,2,569.03,1138.06
2662,1075,12,3,282.93,848.79
2663,1076,20,3,256.47,769.41
2664,1076,12,1,240.6,240.6
2665,1076,17,1,2276.55,2276.55
2666,1076,17,1,2195.25,2195.25
2667,1077,11,1,928.16,928.16
2668,1077,3,2,1021.22,2042.44
2669,1077,14,1,162.58,162.58
2670,1078,18,3,1456.99,4370.97
2671,1078,9,1,2288.35,2288.35
2672,1078,17,2,1844.75,3689.5
2673,1079,13,2,473.6,947.2
2674,1079,4,4,434.89,1739.56
2675,1079,17,2,1945.77,3891.54
2676,1079,11,3,1012.58,3037.74
2677,1080,17,2,1930.64,3861.28
2678,1081,6,2,112.9,225.8
2679,1081,18,1,1600.35,1600.35
2680,1081,4,1,412.07,412.07
2681,1081,9,2,2241.58,4483.16
2682,1082,11,1,850.68,850.68
2683,1082,8,5,627.29,3136.45
2684,1082,16,5,1216.67,6083.35
2685,1082,13,4,477.01,1908.04
2686,1083,1,4,1884.09,7536.36
2687,1083,10,1,799.94,799.94
2688,1083,18,3,1554.66,4663.98
2689,1084,17,1,2018.73,2018.73
2690,1084,15,2,842.07,1684.14
2691,1084,3,6,763.08,4578.48
2692,1085,13,3,515.79,1547.37
2693,1085,7,1,717.74,717.74
2694,1085,5,4,210.65,842.6
2695,1085,1,3,1651.22,4953.66
2696,1086,13,5,546.39,2731.95
2697,1086,4,3,462.33,1386.99
2698,1087,5,1,206.11,206.11
2699,1088,14,1,129.1,129.1
2700,1088,1,2,2212.96,4425.92
2701,1088,10,1,813.63,813.63
2702,1089,18,2,1924.02,3848.04
2703,1090,18,2,1803.67,3607.34
2704,1090,5,4,193.13,772.52
2705,1090,3,3,931.91,2795.73
2706,1091,11,4,1026.15,4104.6
2707,1092,12,3,227.69,683.07
2708,1093,11,4,867.42,3469.68
2709,1093,3,3,826.2,2478.6
2710,1094,4,1,424.28,424.28
2711,1094,13,2,537.9,1075.8
2712,1094,6,6,134.97,809.82
2713,1095,19,4,1243.71,4974.84
2714,1095,12,2,216.7,433.4
2715,1096,12,4,224.3,897.2
2716,1096,6,3,128.27,384.81
2717,1096,5,2,153.61,307.22
2718,1097,12,4,247.42,989.68
2719,1097,14,2,122.13,244.26
2720,1097,12,2,263.73,527.46
2721,1097,7,4,552.34,2209.36
2722,1098,2,2,872.45,1744.9
2723,1098,13,3,487.77,1463.31
2724,1099,15,4,756.41,3025.64
2725,1099,5,2,161.71,323.42
2726,1099,3,2,760.99,1521.98
2727,1100,19,3,1301.69,3905.07
2728,1101,3,3,746.2,2238.6
2729,1102,7,2,650.48,1300.96
2730,1102,5,4,162.66,650.64
2731,1102,12,2,272.22,544.44
2732,1103,7,3,533.86,1601.58
2733,1104,11,4,823.23,3292.92
2734,1104,20,3,242.55,727.65
2735,1105,20,3,197.85,593.55
2736,1105,18,4,1773.11,7092.44
2737,1105,10,3,787.7,2363.1
2738,1106,3,2,872.96,1745.92
2739,1106,8,2,584.71,1169.42
2740,1107,3,6,954.66,5727.96
2741,1107,9,1,1743.16,1743.16
2742,1107,20,2,195.21,390.42
2743,1108,13,6,479.28,2875.68
2744,1108,14,2,155.76,311.52
2745,1109,18,2,1549.17,3098.34
2746,1110,8,3,484.87,1454.61
2747,1110,5,2,177.93,355.86
2748,1110,11,3,895.9,2687.7
2749,1110,11,1,877.27,877.27
2750,1111,5,2,179.17,358.34
2751,1111,13,3,415.3,1245.9
2752,1111,8,2,527.58,1055.16
2753,1111,2,3,783.41,2350.23
2754,1112,5,2,188.96,377.92
2755,1112,17,4,2063.99,8255.96
2756,1113,10,2,969.23,1938.46
2757,1113,3,2,777.58,1555.16
2758,1113,9,2,1946.27,3892.54
2759,1113,9,4,2150.47,8601.88
2760,1114,12,1,271.51,271.51
2761,1114,13,1,542.01,542.01
2762,1114,18,1,1550.73,1550.73
2763,1114,1,3,2180.59,6541.77
2764,1115,17,1,2187.86,2187.86
2765,1115,4,2,445.37,890.74
2766,1115,17,2,2321.17,4642.34
2767,1116,7,2,569.8,1139.6
2768,1116,8,6,500.46,3002.76
2769,1117,20,3,226.67,680.01
2770,1117,18,2,1691.06,3382.12
2771,1118,10,2,945.23,1890.46
2772,1119,19,4,1097.19,4388.76
2773,1119,11,2,787.76,1575.52
2774,1120,2,3,901.8,2705.4
2775,1121,12,1,221.24,221.24
2776,1121,12,1,235.39,235.39
2777,1121,18,2,1426.69,2853.38
2778,1121,19,2,1410.44,2820.88
2779,1122,5,4,173.62,694.48
2780,1123,14,6,161.78,970.68
2781,1123,11,2,885.59,1771.18
2782,1123,10,3,937.24,2811.72
2783,1124,12,1,285.33,285.33
2784,1124,17,2,1699.8,3399.6
2785,1124,2,3,866.6,2599.8
2786,1125,20,3,221.84,665.52
2787,1126,18,3,1561.12,4683.36
2788,1126,9,3,2304.26,6912.78
2789,1126,15,2,822.09,1644.18
2790,1127,1,5,2005.32,10026.6
2791,1127,7,5,575.71,2878.55
2792,1127,9,4,2243.48,8973.92
2793,1127,2,2,728.18,1456.36
2794,1128,20,2,247.03,494.06
2795,1128,20,3,251.7,755.1
2796,1128,4,5,450.63,2253.15
2797,1128,15,1,734.42,734.42
2798,1129,18,3,1520.16,4560.48
2799,1129,18,2,1682.45,3364.9
2800,1129,14,4,118.64,474.56
2801,1129,1,3,2086.04,6258.12
2802,1130,9,2,2120.79,4241.58
2803,1131,17,5,2009.09,10045.45
2804,1131,11,1,820.37,820.37
2805,1131,18,5,1720.37,8601.85
2806,1131,11,1,941.91,941.91
2807,1132,6,5,126.94,634.7
2808,1132,16,6,1072.15,6432.9
2809,1132,4,3,405.51,1216.53
2810,1133,13,3,471.13,1413.39
2811,1134,18,3,1558.66,4675.98
2812,1135,19,2,1227.16,2454.32
2813,1135,9,3,1747.6,5242.8
2814,1135,3,4,927.77,3711.08
2815,1136,15,2,972.2,1944.4
2816,1136,7,3,677.81,2033.43
2817,1137,3,4,972.37,3889.48
2818,1138,5,4,192.88,771.52
2819,1138,15,1,844.48,844.48
2820,1139,6,2,112.44,224.88
2821,1139,5,2,206.48,412.96
2822,1139,18,4,1679.13,6716.52
2823,1139,8,2,562.33,1124.66
2824,1140,2,3,835.12,2505.36
2825,1140,12,3,251.04,753.12
2826,1141,19,2,1423.51,2847.02
2827,1141,16,3,1171.01,3513.03
2828,1142,14,1,139.22,139.22
2829,1142,9,3,2037.58,6112.74
2830,1142,12,3,284.92,854.76
2831,1142,12,3,229.7,689.1
2832,1143,14,4,153.55,614.2
2833,1144,8,2,520.56,1041.12
2834,1145,20,3,252.82,758.46
2835,1145,13,2,477.37,954.74
2836,1145,16,3,1149.7,3449.1
2837,1146,6,4,131.62,526.48
2838,1147,13,4,487.52,1950.08
2839,1148,14,3,129.59,388.77
2840,1148,4,1,341.42,341.42
2841,1148,18,3,1699.93,5099.79
2842,1149,17,5,2258.79,11293.95
2843,1149,19,3,1146.3,3438.9
2844,1149,12,4,240.89,963.56
2845,1150,15,4,798.0,3192.0
2846,1150,12,1,273.14,273.14
2847,1150,15,3,951.38,2854.14
2848,1151,12,3,254.04,762.12
2849,1151,3,2,1002.38,2004.76
2850,1151,10,1,914.81,914.81
2851,1152,17,4,1971.06,7884.24
2852,1152,6,1,122.28,122.28
2853,1153,4,4,397.07,1588.28
2854,1154,5,3,171.04,513.12
2855,1154,7,2,717.04,1434.08
2856,1155,20,4,234.14,936.56
2857,1156,12,3,242.04,726.12
2858,1157,10,3,784.86,2354.58
2859,1157,10,2,865.59,1731.18
2860,1158,2,3,754.65,2263.95
2861,1158,20,4,209.89,839.56
2862,1158,16,4,1279.81,5119.24
2863,1159,6,2,104.85,209.7
2864,1159,2,3,785.82,2357.46
2865,1159,12,6,279.62,1677.72
2866,1160,7,2,636.57,1273.14
2867,1160,10,4,933.09,3732.36
2868,1161,19,5,1384.44,6922.2
2869,1161,15,1,957.77,957.77
2870,1161,10,1,853.09,853.09
2871,1161,20,3,214.48,643.44
2872,1162,1,1,2056.09,2056.09
2873,1162,20,2,252.18,504.36
2874,1162,2,4,828.73,3314.92
2875,1163,3,2,929.2,1858.4
2876,1163,2,2,763.06,1526.12
2877,1163,9,2,2138.32,4276.64
2878,1164,18,4,1609.43,6437.72
2879,1164,15,2,975.87,1951.74
2880,1165,17,2,2019.69,4039.38
2881,1165,15,2,769.97,1539.94
2882,1165,7,3,528.69,1586.07
2883,1165,11,2,981.96,1963.92
2884,1166,18,2,1858.25,3716.5
2885,1167,15,3,985.72,2957.16
2886,1167,3,1,837.17,837.17
2887,1168,11,1,801.67,801.67
2888,1169,14,2,160.24,320.48
2889,1170,4,4,378.89,1515.56
2890,1170,16,5,1281.23,6406.15
2891,1170,14,3,156.84,470.52
2892,1170,5,5,177.9,889.5
2893,1171,16,4,1003.33,4013.32
2894,1171,12,2,284.61,569.22
2895,1171,8,3,479.2,1437.6
2896,1171,15,4,880.8,3523.2
2897,1172,13,1,515.98,515.98
2898,1172,7,2,616.92,1233.84
2899,1173,17,3,2139.68,6419.04
2900,1173,19,5,1032.68,5163.4
2901,1174,19,2,1238.37,2476.74
2902,1174,20,1,230.83,230.83
2903,1174,17,1,2160.07,2160.07
2904,1175,17,6,2130.52,12783.12
2905,1176,20,3,218.98,656.94
2906,1176,13,3,465.92,1397.76
2907,1176,2,3,925.44,2776.32
2908,1176,18,2,1495.96,2991.92
2909,1177,20,1,240.29,240.29
2910,1178,9,4,1735.5,6942.0
2911,1178,10,3,831.08,2493.24
2912,1178,3,3,761.14,2283.42
2913,1178,2,5,854.94,4274.7
2914,1179,3,4,866.81,3467.24
2915,1179,14,1,126.2,126.2
2916,1179,7,4,618.31,2473.24
2917,1180,3,4,792.45,3169.8
2918,1181,13,3,408.7,1226.1
2919,1181,14,1,157.96,157.96
2920,1181,12,3,221.29,663.87
2921,1181,20,4,198.51,794.04
2922,1182,5,3,187.84,563.52
2923,1183,14,1,143.15,143.15
2924,1183,19,3,1416.58,4249.74
2925,1183,15,4,755.31,3021.24
2926,1184,6,4,114.29,457.16
2927,1184,8,3,535.61,1606.83
2928,1184,15,2,817.21,1634.42
2929,1184,2,3,758.23,2274.69
2930,1185,10,3,840.09,2520.27
2931,1185,15,3,997.4,2992.2
2932,1186,8,2,521.86,1043.72
2933,1186,13,1,497.85,497.85
2934,1186,8,1,553.42,553.42
2935,1187,7,2,641.77,1283.54
2936,1188,10,1,882.88,882.88
2937,1188,14,2,133.81,267.62
2938,1188,11,3,924.27,2772.81
2939,1188,5,2,176.81,353.62
2940,1189,11,3,1074.96,3224.88
2941,1189,11,2,935.05,1870.1
2942,1189,8,2,522.67,1045.34
2943,1190,12,2,215.36,430.72
2944,1190,16,1,1210.03,1210.03
2945,1190,9,2,2339.95,4679.9
2946,1191,2,5,779.59,3897.95
2947,1191,12,4,235.3,941.2
2948,1192,16,1,1280.8,1280.8
2949,1192,4,4,410.46,1641.84
2950,1192,19,2,1181.37,2362.74
2951,1193,16,4,1099.65,4398.6
2952,1193,10,2,944.66,1889.32
2953,1193,7,2,689.5,1379.0
2954,1193,4,5,413.17,2065.85
2955,1194,16,2,1205.38,2410.76
2956,1194,8,3,576.56,1729.68
2957,1194,1,1,1787.84,1787.84
2958,1194,6,2,114.36,228.72
2959,1195,14,2,119.97,239.94
2960,1195,15,4,981.68,3926.72
2961,1195,4,3,463.99,1391.97
2962,1195,20,2,256.09,512.18
2963,1196,4,1,434.91,434.91
2964,1196,17,3,2108.5,6325.5
2965,1196,20,1,202.89,202.89
2966,1196,5,1,153.83,153.83
2967,1197,16,4,1332.84,5331.36
2968,1197,16,5,1325.05,6625.25
2969,1197,4,3,376.75,1130.25
2970,1197,5,2,177.52,355.04
2971,1198,15,3,850.49,2551.47
2972,1198,17,2,1986.57,3973.14
2973,1198,16,4,1168.83,4675.32
2974,1199,20,2,225.1,450.2
2975,1200,3,1,760.58,760.58
2976,1201,13,5,451.39,2256.95
2977,1201,11,2,902.19,1804.38
2978,1201,13,2,426.93,853.86
2979,1201,11,5,928.08,4640.4
2980,1202,1,5,2104.33,10521.65
2981,1203,17,3,1785.01,5355.03
2982,1203,8,1,521.05,521.05
2983,1203,8,2,492.36,984.72
2984,1204,11,3,938.98,2816.94
2985,1204,12,2,245.57,491.14
2986,1204,19,4,1409.18,5636.72
2987,1204,5,5,161.28,806.4
2988,1205,1,1,1802.41,1802.41
2989,1205,12,5,234.48,1172.4
2990,1205,2,1,851.07,851.07
2991,1206,1,5,2033.61,10168.05
2992,1206,8,4,531.69,2126.76
2993,1207,10,1,788.11,788.11
2994,1207,8,1,597.4,597.4
2995,1207,6,2,117.48,234.96
2996,1207,7,4,584.8,2339.2
2997,1208,17,6,2063.64,12381.84
2998,1209,11,5,898.12,4490.6
2999,1209,4,4,374.36,1497.44
3000,1210,14,2,149.17,298.34
3001,1210,14,3,134.27,402.81
3002,1210,4,4,366.19,1464.76
3003,1210,16,3,1072.1,3216.3
3004,1211,16,1,1252.12,1252.12
3005,1211,14,4,119.85,479.4
3006,1211,18,1,1465.03,1465.03
3007,1211,6,5,126.05,630.25
3008,1212,15,1,895.56,895.56
3009,1212,9,2,1788.02,3576.04
3010,1213,4,1,409.97,409.97
3011,1213,16,3,1265.86,3797.58
3012,1214,5,3,191.4,574.2
3013,1214,4,2,398.18,796.36
3014,1214,12,4,210.94,843.76
3015,1215,12,2,260.88,521.76
3016,1215,11,3,851.45,2554.35
3017,1216,17,3,2031.24,6093.72
3018,1216,12,5,280.85,1404.25
3019,1217,8,3,553.32,1659.96
3020,1217,2,3,758.8,2276.4
3021,1217,9,1,2190.76,2190.76
3022,1217,11,4,862.81,3451.24
3023,1218,8,4,504.64,2018.56
3024,1218,3,6,850.66,5103.96
3025,1219,4,4,393.93,1575.72
3026,1219,12,1,240.21,240.21
3027,1220,16,5,1294.34,6471.7
3028,1220,1,2,1861.32,3722.64
3029,1220,6,2,110.29,220.58
3030,1221,18,6,1473.55,8841.3
3031,1221,15,6,973.6,5841.6
3032,1222,1,2,1950.85,3901.7
3033,1222,19,1,1408.17,1408.17
3034,1222,19,4,1286.49,5145.96
3035,1222,15,3,817.29,2451.87
3036,1223,6,2,112.31,224.62
3037,1223,9,3,1727.77,5183.31
3038,1223,17,1,1991.0,1991.0
3039,1224,12,3,241.65,724.95
3040,1224,7,2,685.07,1370.14
3041,1224,11,2,910.46,1820.92
3042,1224,17,3,1785.51,5356.53
3043,1225,17,5,1768.11,8840.55
3044,1225,20,3,229.04,687.12
3045,1225,14,5,118.3,591.5
3046,1226,5,3,174.17,522.51
3047,1227,18,4,1671.64,6686.56
3048,1227,19,5,1051.09,5255.45
3049,1227,8,4,597.74,2390.96
3050,1227,16,4,1130.95,4523.8
3051,1228,19,4,1044.45,4177.8
3052,1228,19,4,1156.92,4627.68
3053,1228,1,3,2195.62,6586.86
3054,1228,6,2,110.02,220.04
3055,1229,19,2,1055.6,2111.2
3056,1229,5,3,212.18,636.54
3057,1229,11,2,950.34,1900.68
3058,1229,9,3,2075.85,6227.55
3059,1230,11,1,890.76,890.76
3060,1230,20,2,256.66,513.32
3061,1231,14,1,154.77,154.77
3062,1231,17,1,2169.19,2169.19
3063,1231,1,2,2081.01,4162.02
3064,1232,16,1,1112.36,1112.36
3065,1232,10,4,746.36,2985.44
3066,1232,2,1,839.28,839.28
3067,1232,19,3,1303.87,3911.61
3068,1233,9,1,2262.55,2262.55
3069,1234,6,3,106.44,319.32
3070,1234,5,3,161.3,483.9
3071,1234,1,1,1946.89,1946.89
3072,1235,7,1,632.1,632.1
3073,1235,4,4,356.88,1427.52
3074,1235,1,2,1761.58,3523.16
3075,1236,7,2,677.95,1355.9
3076,1236,17,2,2106.83,4213.66
3077,1237,16,2,1074.96,2149.92
3078,1238,16,2,1276.52,2553.04
3079,1238,6,1,105.19,105.19
3080,1238,5,6,170.72,1024.32
3081,1239,17,4,1742.63,6970.52
3082,1239,12,3,272.27,816.81
3083,1239,1,3,1674.31,5022.93
3084,1240,6,1,128.25,128.25
3085,1240,18,2,1828.31,3656.62
3086,1240,7,2,602.32,1204.64
3087,1241,4,4,375.27,1501.08
3088,1241,20,5,206.27,1031.35
3089,1241,2,4,745.5,2982.0
3090,1242,11,1,809.64,809.64
3091,1242,13,3,547.88,1643.64
3092,1242,8,2,548.96,1097.92
3093,1243,7,3,539.65,1618.95
3094,1243,17,4,2296.8,9187.2
3095,1243,7,6,573.03,3438.18
3096,1243,15,5,954.84,4774.2
3097,1244,5,4,165.21,660.84
3098,1245,4,4,441.72,1766.88
3099,1245,11,6,992.89,5957.34
3100,1245,4,2,410.22,820.44
3101,1246,13,2,419.83,839.66
3102,1246,1,3,1846.68,5540.04
3103,1247,3,2,938.96,1877.92
3104,1247,17,1,2067.62,2067.62
3105,1248,20,3,196.64,589.92
3106,1248,18,3,1527.06,4581.18
3107,1248,10,3,975.92,2927.76
3108,1248,9,6,1797.56,10785.36
3109,1249,17,3,2023.87,6071.61
3110,1249,1,3,2233.44,6700.32
3111,1249,2,2,743.44,1486.88
3112,1250,3,2,817.37,1634.74
3113,1250,14,2,145.81,291.62
3114,1251,10,3,975.47,2926.41
3115,1252,14,1,145.48,145.48
3116,1252,7,4,712.55,2850.2
3117,1253,12,1,279.13,279.13
3118,1253,7,2,637.07,1274.14
3119,1254,15,3,832.72,2498.16
3120,1254,11,2,879.94,1759.88
3121,1255,8,6,489.45,2936.7
3122,1255,12,3,229.24,687.72
3123,1255,11,2,987.15,1974.3
3124,1255,3,4,793.64,3174.56
3125,1256,9,1,2214.34,2214.34
3126,1257,17,3,2238.7,6716.1
3127,1257,9,6,1981.12,11886.72
3128,1257,15,3,936.33,2808.99
3129,1258,9,4,2067.2,8268.8
3130,1259,1,2,1691.92,3383.84
3131,1260,11,3,837.89,2513.67
3132,1260,9,5,2150.1,10750.5
3133,1260,9,1,1965.17,1965.17
3134,1261,13,2,519.3,1038.6
3135,1261,9,3,1948.1,5844.3
3136,1262,19,1,1164.0,1164.0
3137,1263,11,5,870.33,4351.65
3138,1263,18,1,1836.57,1836.57
3139,1263,20,5,189.58,947.9
3140,1263,18,3,1520.91,4562.73
3141,1264,13,4,498.05,1992.2
3142,1264,5,3,180.18,540.54
3143,1264,10,4,829.13,3316.52
3144,1265,2,4,775.55,3102.2
3145,1265,4,1,382.43,382.43
3146,1265,12,2,225.63,451.26
3147,1266,14,5,120.6,603.0
3148,1266,2,2,915.24,1830.48
3149,1266,11,2,947.23,1894.46
3150,1266,11,1,819.67,819.67
3151,1267,8,3,507.3,1521.9
3152,1267,14,1,134.02,134.02
3153,1268,10,2,939.25,1878.5
3154,1268,16,3,1030.1,3090.3
3155,1269,6,3,138.09,414.27
3156,1269,13,2,521.46,1042.92
3157,1269,5,4,208.01,832.04
3158,1270,16,2,1000.56,2001.12
3159,1271,7,3,684.55,2053.65
3160,1271,6,1,123.91,123.91
3161,1271,10,2,785.75,1571.5
3162,1272,2,4,881.36,3525.44
3163,1273,13,2,446.39,892.78
3164,1273,7,4,550.24,2200.96
3165,1274,3,4,1011.17,4044.68
3166,1274,1,3,2234.4,6703.2
3167,1275,20,4,197.96,791.84
3168,1275,20,3,197.18,591.54
3169,1275,12,3,209.83,629.49
3170,1275,6,3,139.18,417.54
3171,1276,8,3,530.97,1592.91
3172,1277,15,3,1007.47,3022.41
3173,1277,12,3,232.53,697.59
3174,1278,11,1,1071.96,1071.96
3175,1278,5,2,178.5,357.0
3176,1279,19,2,1211.99,2423.98
3177,1279,6,2,108.04,216.08
3178,1280,6,2,113.05,226.1
3179,1280,16,1,1096.83,1096.83
3180,1280,14,1,149.44,149.44
3181,1280,1,3,2025.89,6077.67
3182,1281,6,2,132.6,265.2
3183,1281,1,5,1728.23,8641.15
3184,1282,16,4,1243.38,4973.52
3185,1282,13,5,508.71,2543.55
3186,1283,4,2,345.35,690.7
3187,1284,7,2,651.09,1302.18
3188,1284,8,2,550.14,1100.28
3189,1285,9,1,2316.59,2316.59
3190,1286,11,3,957.2,2871.6
3191,1286,15,2,775.08,1550.16
3192,1286,5,1,190.27,190.27
3193,1287,5,2,190.14,380.28
3194,1287,4,2,348.6,697.2
3195,1287,2,4,676.88,2707.52
3196,1287,16,2,1085.43,2170.86
3197,1288,17,1,2264.63,2264.63
3198,1288,16,2,1149.64,2299.28
3199,1288,2,2,914.96,1829.92
3200,1288,15,2,877.38,1754.76
3201,1289,2,4,812.28,3249.12
3202,1290,3,3,949.62,2848.86
3203,1290,5,3,179.19,537.57
3204,1290,11,3,866.25,2598.75
3205,1291,6,3,125.38,376.14
3206,1292,18,2,1695.45,3390.9
3207,1292,10,4,767.0,3068.0
3208,1293,5,5,162.26,811.3
3209,1294,14,4,138.02,552.08
3210,1294,10,3,940.17,2820.51
3211,1294,20,3,231.99,695.97
3212,1295,16,2,1257.03,2514.06
3213,1295,19,4,1031.92,4127.68
3214,1295,15,2,1009.67,2019.34
3215,1295,8,4,493.58,1974.32
3216,1296,7,3,569.05,1707.15
3217,1297,1,2,1824.28,3648.56
3218,1297,5,5,183.77,918.85
3219,1297,6,3,122.84,368.52
3220,1298,20,3,186.29,558.87
3221,1298,6,6,132.03,792.18
3222,1298,12,5,213.41,1067.05
3223,1298,2,1,795.71,795.71
3224,1299,7,1,647.86,647.86
3225,1300,3,4,967.92,3871.68
3226,1300,4,5,416.29,2081.45
3227,1300,7,3,549.4,1648.2
3228,1300,1,4,1860.52,7442.08
3229,1301,12,3,271.93,815.79
3230,1301,4,3,343.29,1029.87
3231,1301,12,3,214.6,643.8
3232,1302,15,4,1007.15,4028.6
3233,1302,12,3,246.75,740.25
3234,1302,1,3,1614.45,4843.35
3235,1303,4,5,382.65,1913.25
3236,1303,12,3,221.24,663.72
3237,1304,4,2,382.66,765.32
3238,1304,8,3,498.79,1496.37
3239,1304,9,2,1958.15,3916.3
3240,1304,1,1,1740.87,1740.87
3241,1305,6,2,112.31,224.62
3242,1306,18,3,1605.47,4816.41
3243,1306,20,2,216.12,432.24
3244,1306,1,2,1980.03,3960.06
3245,1306,9,3,2328.06,6984.18
3246,1307,9,2,1970.23,3940.46
3247,1307,1,1,1874.35,1874.35
3248,1307,19,3,1283.79,3851.37
3249,1307,4,2,453.74,907.48
3250,1308,5,2,184.91,369.82
3251,1308,11,1,993.9,993.9
3252,1308,15,1,863.8,863.8
3253,1309,9,4,2187.7,8750.8
3254,1310,18,2,1724.23,3448.46
3255,1310,16,2,1022.65,2045.3
3256,1310,3,2,927.08,1854.16
3257,1311,1,2,1783.23,3566.46
3258,1311,15,2,955.05,1910.1
3259,1311,11,3,960.16,2880.48
3260,1312,17,3,1696.24,5088.72
3261,1313,20,3,193.41,580.23
3262,1313,17,2,1802.29,3604.58
3263,1313,5,5,206.58,1032.9
3264,1313,10,3,956.36,2869.08
3265,1314,19,4,1097.57,4390.28
3266,1315,19,2,1281.36,2562.72
3267,1315,6,3,115.86,347.58
3268,1315,8,3,571.45,1714.35
3269,1316,20,2,201.24,402.48
3270,1316,14,1,137.75,137.75
3271,1316,16,3,1310.14,3930.42
3272,1317,6,1,100.85,100.85
3273,1318,11,2,944.75,1889.5
3274,1318,11,4,920.42,3681.68
3275,1318,20,2,253.17,506.34
3276,1319,6,2,134.1,268.2
3277,1319,12,1,276.08,276.08
3278,1319,19,2,1280.78,2561.56
3279,1319,12,2,264.7,529.4
3280,1320,3,3,791.08,2373.24
3281,1320,16,2,1028.58,2057.16
3282,1320,2,3,833.33,2499.99
3283,1321,12,4,286.53,1146.12
3284,1321,7,2,562.21,1124.42
3285,1321,3,2,1023.08,2046.16
3286,1321,6,2,110.7,221.4
3287,1322,19,2,1089.3,2178.6
3288,1322,10,4,871.75,3487.0
3289,1322,6,3,121.42,364.26
3290,1322,8,3,500.46,1501.38
3291,1323,3,2,755.14,1510.28
3292,1323,8,3,499.14,1497.42
3293,1324,19,5,1075.43,5377.15
3294,1324,3,1,898.34,898.34
3295,1324,6,4,107.66,430.64
3296,1324,12,3,235.7,707.1
3297,1325,11,2,854.32,1708.64
3298,1326,18,2,1726.04,3452.08
3299,1326,19,2,1361.18,2722.36
3300,1326,1,3,2156.35,6469.05
3301,1326,1,1,1889.59,1889.59
3302,1327,6,4,135.72,542.88
3303,1327,9,2,2259.46,4518.92
3304,1328,13,4,407.51,1630.04
3305,1328,4,2,348.73,697.46
3306,1328,18,3,1738.6,5215.8
3307,1328,5,6,212.13,1272.78
3308,1329,14,1,125.95,125.95
3309,1330,12,5,257.13,1285.65
3310,1330,12,5,261.91,1309.55
3311,1330,8,1,590.35,590.35
3312,1330,17,2,2096.0,4192.0
3313,1331,7,2,604.69,1209.38
3314,1332,6,1,131.32,131.32
3315,1332,6,2,104.05,208.1
3316,1333,19,1,1390.3,1390.3
3317,1333,11,2,1079.87,2159.74
3318,1333,14,2,135.9,271.8
3319,1334,7,1,609.66,609.66
3320,1334,12,1,229.97,229.97
3321,1334,9,2,1941.79,3883.58
3322,1335,19,1,1112.49,1112.49
3323,1336,16,1,987.16,987.16
3324,1336,8,3,458.87,1376.61
3325,1336,8,2,562.69,1125.38
3326,1337,7,6,714.09,4284.54
3327,1337,19,3,1150.17,3450.51
3328,1337,2,5,791.04,3955.2
3329,1337,13,3,504.5,1513.5
3330,1338,14,4,159.55,638.2
3331,1339,14,3,136.23,408.69
3332,1339,11,2,879.69,1759.38
3333,1339,7,4,624.73,2498.92
3334,1339,17,5,2152.99,10764.95
3335,1340,1,3,2226.31,6678.93
3336,1340,18,5,1905.69,9528.45
3337,1340,4,2,411.79,823.58
3338,1341,18,1,1703.52,1703.52
3339,1341,14,1,156.79,156.79
3340,1341,12,4,255.87,1023.48
3341,1341,18,5,1514.56,7572.8
3342,1342,20,4,214.52,858.08
3343,1342,5,6,188.49,1130.94
3344,1342,16,2,1091.31,2182.62
3345,1342,4,3,364.42,1093.26
3346,1343,9,2,1734.72,3469.44
3347,1343,16,2,1251.94,2503.88
3348,1344,8,2,540.03,1080.06
3349,1344,13,2,422.11,844.22
3350,1344,20,5,246.0,1230.0
3351,1344,13,2,451.48,902.96
3352,1345,14,2,139.62,279.24
3353,1345,2,2,786.46,1572.92
3354,1346,10,2,782.64,1565.28
3355,1346,14,3,162.91,488.73
3356,1347,17,1,1999.59,1999.59
3357,1348,9,3,2094.07,6282.21
3358,1348,18,1,1834.22,1834.22
3359,1348,2,1,898.14,898.14
3360,1348,4,3,375.82,1127.46
3361,1349,9,4,2245.31,8981.24
3362,1349,7,2,533.55,1067.1
3363,1350,3,3,1005.51,3016.53
3364,1351,9,3,1912.64,5737.92
3365,1351,2,6,700.96,4205.76
3366,1351,4,1,428.56,428.56
3367,1351,17,4,2034.09,8136.36
3368,1352,9,4,1904.06,7616.24
3369,1352,10,4,752.14,3008.56
3370,1352,18,3,1554.85,4664.55
3371,1353,2,3,924.59,2773.77
3372,1353,8,4,604.99,2419.96
3373,1354,20,2,224.81,449.62
3374,1354,10,3,941.98,2825.94
3375,1355,3,2,823.01,1646.02
3376,1356,16,3,1061.38,3184.14
3377,1356,18,3,1407.2,4221.6
3378,1356,20,3,242.76,728.28
3379,1357,4,6,461.98,2771.88
3380,1358,20,2,198.37,396.74
3381,1358,15,3,935.54,2806.62
3382,1358,9,3,2179.76,6539.28
3383,1359,4,3,444.33,1332.99
3384,1359,18,2,1481.11,2962.22
3385,1360,12,3,245.64,736.92
3386,1360,8,2,601.56,1203.12
3387,1360,18,2,1539.2,3078.4
3388,1360,14,1,132.76,132.76
3389,1361,17,4,1882.91,7531.64
3390,1361,1,4,2029.33,8117.32
3391,1361,19,2,1213.72,2427.44
3392,1361,8,2,609.91,1219.82
3393,1362,7,3,718.19,2154.57
3394,1362,13,2,405.71,811.42
3395,1362,10,3,956.59,2869.77
3396,1362,9,1,2319.44,2319.44
3397,1363,18,3,1684.87,5054.61
3398,1363,4,1,423.13,423.13
3399,1363,6,5,128.32,641.6
3400,1364,19,4,1341.93,5367.72
3401,1364,8,3,571.14,1713.42
3402,1364,11,1,931.9,931.9
3403,1365,5,3,156.74,470.22
3404,1365,1,2,2145.64,4291.28
3405,1365,5,6,196.57,1179.42
3406,1366,15,4,755.92,3023.68
3407,1366,16,3,1095.86,3287.58
3408,1366,3,2,790.69,1581.38
3409,1366,12,3,210.63,631.89
3410,1367,20,3,224.96,674.88
3411,1367,13,3,398.82,1196.46
3412,1367,17,5,1915.96,9579.8
3413,1368,11,6,1020.99,6125.94
3414,1369,19,1,1052.91,1052.91
3415,1370,19,6,1270.04,7620.24
3416,1371,6,1,114.93,114.93
3417,1371,8,4,569.95,2279.8
3418,1372,6,4,113.78,455.12
3419,1372,12,2,284.9,569.8
3420,1373,19,1,1325.17,1325.17
3421,1373,18,3,1797.09,5391.27
3422,1373,14,3,118.59,355.77
3423,1373,13,3,539.71,1619.13
3424,1374,12,1,232.04,232.04
3425,1374,12,2,271.8,543.6
3426,1375,7,3,667.04,2001.12
3427,1375,1,3,2022.31,6066.93
3428,1376,16,5,1114.02,5570.1
3429,1376,13,3,534.96,1604.88
3430,1377,15,3,993.66,2980.98
3431,1377,4,5,395.38,1976.9
3432,1377,18,2,1553.11,3106.22
3433,1378,14,2,145.18,290.36
3434,1378,13,3,489.53,1468.59
3435,1378,7,3,606.86,1820.58
3436,1378,17,1,2065.27,2065.27
3437,1379,5,2,180.68,361.36
3438,1379,4,3,438.55,1315.65
3439,1379,6,3,137.09,411.27
3440,1380,15,1,847.24,847.24
3441,1381,1,2,2202.0,4404.0
3442,1381,7,3,540.63,1621.89
3443,1382,2,3,820.22,2460.66
3444,1382,12,2,276.09,552.18
3445,1383,10,5,730.89,3654.45
3446,1383,19,6,1356.53,8139.18
3447,1383,15,5,1009.46,5047.3
3448,1383,10,5,848.08,4240.4
3449,1384,17,4,2146.28,8585.12
3450,1384,9,5,2202.97,11014.85
3451,1385,18,2,1493.99,2987.98
3452,1385,4,4,452.34,1809.36
3453,1385,16,1,986.34,986.34
3454,1386,13,4,540.83,2163.32
3455,1387,7,2,573.98,1147.96
3456,1388,19,2,1279.4,2558.8
3457,1388,16,5,999.34,4996.7
3458,1388,11,1,1021.64,1021.64
3459,1388,5,2,182.16,364.32
3460,1389,18,4,1877.48,7509.92
3461,1390,1,3,2174.31,6522.93
3462,1390,10,4,831.73,3326.92
3463,1391,11,4,1062.27,4249.08
3464,1392,2,4,909.2,3636.8
3465,1393,4,2,362.63,725.26
3466,1393,3,2,899.12,1798.24
3467,1393,2,1,812.38,812.38
3468,1393,8,3,591.3,1773.9
3469,1394,10,2,729.47,1458.94
3470,1394,18,6,1406.1,8436.6
3471,1394,13,1,476.03,476.03
3472,1394,16,2,1243.07,2486.14
3473,1395,14,3,146.96,440.88
3474,1396,13,4,509.66,2038.64
3475,1397,2,3,923.39,2770.17
3476,1397,5,4,153.43,613.72
3477,1397,6,5,136.2,681.0
3478,1398,9,1,1864.4,1864.4
3479,1398,15,2,753.83,1507.66
3480,1398,13,1,508.7,508.7
3481,1398,15,4,926.63,3706.52
3482,1399,5,3,163.5,490.5
3483,1399,11,2,873.34,1746.68
3484,1399,9,4,2009.56,8038.24
3485,1400,15,2,985.54,1971.08
3486,1401,2,2,724.3,1448.6
3487,1401,1,1,1785.75,1785.75
3488,1401,4,1,393.92,393.92
3489,1401,15,3,1013.43,3040.29
3490,1402,4,5,350.22,1751.1
3491,1403,15,2,864.53,1729.06
3492,1403,13,2,506.03,1012.06
3493,1403,15,4,787.55,3150.2
3494,1404,16,4,1100.56,4402.24
3495,1404,7,2,622.41,1244.82
3496,1404,11,2,1050.53,2101.06
3497,1404,20,4,202.72,810.88
3498,1405,11,4,949.13,3796.52
3499,1405,1,2,1688.28,3376.56
3500,1405,17,4,1953.91,7815.64
3501,1406,7,2,714.71,1429.42
3502,1406,1,4,2106.19,8424.76
3503,1406,9,2,1876.13,3752.26
3504,1407,8,2,535.49,1070.98
3505,1407,5,4,154.56,618.24
3506,1407,4,4,397.5,1590.0
3507,1407,11,6,1036.93,6221.58
3508,1408,5,2,195.23,390.46
3509,1408,8,2,566.31,1132.62
3510,1408,11,2,802.3,1604.6
3511,1409,7,3,582.25,1746.75
3512,1409,11,2,1057.76,2115.52
3513,1409,14,5,158.54,792.7
3514,1410,13,5,506.3,2531.5
3515,1410,12,4,237.91,951.64
3516,1410,14,2,125.54,251.08
3517,1410,15,4,960.28,3841.12
3518,1411,17,3,2186.11,6558.33
3519,1411,9,1,2003.69,2003.69
3520,1411,14,6,128.16,768.96
3521,1412,13,3,444.9,1334.7
3522,1412,12,6,280.01,1680.06
3523,1413,17,3,2303.1,6909.3
3524,1413,10,5,924.0,4620.0
3525,1413,10,3,814.62,2443.86
3526,1414,20,3,193.95,581.85
3527,1414,10,3,930.4,2791.2
3528,1414,16,5,1139.42,5697.1
3529,1414,8,3,515.04,1545.12
3530,1415,20,3,196.69,590.07
3531,1415,12,3,221.53,664.59
3532,1416,1,2,2121.41,4242.82
3533,1417,14,3,162.4,487.2
3534,1417,11,4,960.28,3841.12
3535,1417,20,2,226.63,453.26
3536,1417,10,2,711.34,1422.68
3537,1418,7,4,617.21,2468.84
3538,1418,4,4,463.03,1852.12
3539,1418,15,4,829.03,3316.12
3540,1419,18,6,1406.21,8437.26
3541,1420,5,2,159.7,319.4
3542,1420,1,2,2020.56,4041.12
3543,1420,3,3,799.93,2399.79
3544,1421,14,4,155.15,620.6
3545,1421,7,3,569.99,1709.97
3546,1421,5,2,210.99,421.98
3547,1422,8,5,530.36,2651.8
3548,1422,14,4,143.14,572.56
3549,1423,11,4,869.85,3479.4
3550,1423,16,3,993.7,2981.1
3551,1423,16,4,1024.89,4099.56
3552,1424,4,4,463.66,1854.64
3553,1424,8,3,579.86,1739.58
3554,1424,15,3,1001.73,3005.19
3555,1424,2,3,827.91,2483.73
3556,1425,11,2,796.71,1593.42
3557,1426,4,3,356.25,1068.75
3558,1426,15,4,894.3,3577.2
3559,1426,12,4,225.34,901.36
3560,1427,6,2,117.05,234.1
3561,1427,3,4,897.82,3591.28
3562,1427,3,2,865.67,1731.34
3563,1428,2,6,831.58,4989.48
3564,1428,1,3,1710.68,5132.04
3565,1428,2,2,686.97,1373.94
3566,1429,15,1,837.27,837.27
3567,1429,13,2,506.39,1012.78
3568,1429,9,3,2113.84,6341.52
3569,1430,20,4,211.33,845.32
3570,1430,16,2,1050.09,2100.18
3571,1431,14,1,132.91,132.91
3572,1431,6,2,124.94,249.88
3573,1431,19,4,1135.78,4543.12
3574,1431,13,2,513.72,1027.44
3575,1432,3,3,914.65,2743.95
3576,1433,15,2,762.79,1525.58
3577,1434,3,5,947.38,4736.9
3578,1434,10,1,883.19,883.19
3579,1434,15,1,898.03,898.03
3580,1434,2,4,695.64,2782.56
3581,1435,8,1,576.71,576.71
3582,1435,20,5,206.16,1030.8
3583,1435,1,1,1723.23,1723.23
3584,1435,5,5,194.31,971.55
3585,1436,16,3,1281.98,3845.94
3586,1436,7,3,566.71,1700.13
3587,1436,9,5,1932.15,9660.75
3588,1437,6,2,105.07,210.14
3589,1437,9,6,2005.46,12032.76
3590,1438,7,3,592.93,1778.79
3591,1438,6,2,100.25,200.5
3592,1438,9,1,1841.57,1841.57
3593,1438,3,3,997.15,2991.45
3594,1439,7,2,559.06,1118.12
3595,1439,4,3,445.65,1336.95
3596,1439,20,2,231.26,462.52
3597,1439,8,2,455.89,911.78
3598,1440,14,3,143.26,429.78
3599,1440,16,1,1283.89,1283.89
3600,1440,11,3,956.49,2869.47
3601,1441,7,1,555.79,555.79
3602,1441,3,4,895.19,3580.76
3603,1441,7,4,685.71,2742.84
3604,1441,16,2,1117.31,2234.62
3605,1442,9,3,2099.43,6298.29
3606,1443,1,2,1820.6,3641.2
3607,1444,14,6,134.89,809.34
3608,1444,8,2,605.14,1210.28
3609,1444,18,6,1662.72,9976.32
3610,1444,12,5,239.13,1195.65
3611,1445,9,2,1787.92,3575.84
3612,1445,13,2,506.8,1013.6
3613,1446,12,2,271.79,543.58
3614,1446,14,2,132.47,264.94
3615,1446,2,1,794.04,794.04
3616,1446,17,3,1837.17,5511.51
3617,1447,15,3,989.77,2969.31
3618,1447,16,3,1037.02,3111.06
3619,1448,13,1,463.47,463.47
3620,1448,8,2,572.74,1145.48
3621,1448,19,3,1060.5,3181.5
3622,1449,18,2,1944.95,3889.9
3623,1449,2,2,896.67,1793.34
3624,1449,7,2,544.11,1088.22
3625,1450,18,3,1809.26,5427.78
3626,1450,20,3,199.81,599.43
3627,1450,3,2,874.71,1749.42
3628,1451,18,4,1660.14,6640.56
3629,1452,10,3,814.06,2442.18
3630,1452,14,4,133.36,533.44
3631,1453,2,2,778.89,1557.78
3632,1454,14,6,150.78,904.68
3633,1454,1,4,2126.91,8507.64
3634,1454,2,1,688.1,688.1
3635,1455,14,1,162.3,162.3
3636,1456,10,4,853.85,3415.4
3637,1457,12,4,234.41,937.64
3638,1458,8,3,497.52,1492.56
3639,1458,9,2,1838.96,3677.92
3640,1458,6,5,127.53,637.65
3641,1459,11,2,884.23,1768.46
3642,1459,4,1,401.27,401.27
3643,1459,8,3,554.89,1664.67
3644,1460,11,4,976.73,3906.92
3645,1460,4,2,415.17,830.34
3646,1461,20,3,206.54,619.62
3647,1461,17,4,1787.75,7151.0
3648,1462,2,2,720.38,1440.76
3649,1463,6,1,122.14,122.14
3650,1463,3,4,910.05,3640.2
3651,1463,16,2,999.68,1999.36
3652,1463,5,4,157.41,629.64
3653,1464,16,1,1106.27,1106.27
3654,1465,8,3,551.2,1653.6
3655,1465,2,4,828.54,3314.16
3656,1465,13,3,485.55,1456.65
3657,1466,19,1,1248.9,1248.9
3658,1466,14,2,148.39,296.78
3659,1466,1,2,1826.3,3652.6
3660,1467,13,1,545.91,545.91
3661,1467,5,3,200.37,601.11
3662,1467,14,2,127.63,255.26
3663,1468,12,2,255.06,510.12
3664,1469,9,2,2196.42,4392.84
3665,1469,10,4,873.59,3494.36
3666,1469,12,1,244.74,244.74
3667,1470,3,1,1010.14,1010.14
3668,1470,13,1,405.35,405.35
3669,1470,5,3,189.54,568.62
3670,1470,5,2,169.21,338.42
3671,1471,4,5,402.65,2013.25
3672,1472,10,2,876.1,1752.2
3673,1473,19,2,1312.81,2625.62
3674,1473,15,4,997.79,3991.16
3675,1473,6,1,137.34,137.34
3676,1473,2,1,747.9,747.9
3677,1474,17,2,1905.13,3810.26
3678,1475,2,3,759.84,2279.52
3679,1475,1,4,1717.84,6871.36
3680,1475,12,2,280.97,561.94
3681,1476,13,2,465.41,930.82
3682,1476,20,2,218.72,437.44
3683,1476,19,2,1267.13,2534.26
3684,1476,14,5,118.75,593.75
3685,1477,1,2,2018.41,4036.82
3686,1477,13,4,527.45,2109.8
3687,1477,17,2,1732.69,3465.38
3688,1477,8,2,461.66,923.32
3689,1478,7,2,707.59,1415.18
3690,1478,8,4,506.3,2025.2
3691,1478,1,4,2066.01,8264.04
3692,1479,16,2,1226.73,2453.46
3693,1479,14,2,163.66,327.32
3694,1480,17,3,1884.81,5654.43
3695,1481,15,3,860.71,2582.13
3696,1481,5,4,201.64,806.56
3697,1481,13,3,531.77,1595.31
3698,1482,2,2,740.47,1480.94
3699,1483,9,2,2327.87,4655.74
3700,1483,3,4,904.68,3618.72
3701,1483,19,1,1077.38,1077.38
3702,1484,12,3,248.85,746.55
3703,1484,18,3,1584.89,4754.67
3704,1484,3,5,830.02,4150.1
3705,1485,4,3,427.45,1282.35
3706,1485,7,6,720.25,4321.5
3707,1485,20,3,189.86,569.58
3708,1486,5,2,177.0,354.0
3709,1487,1,1,1817.87,1817.87
3710,1487,5,1,182.8,182.8
3711,1487,3,1,839.8,839.8
3712,1488,6,1,101.13,101.13
3713,1488,17,4,2031.53,8126.12
3714,1488,9,3,2107.32,6321.96
3715,1488,15,2,1008.37,2016.74
3716,1489,16,4,1250.38,5001.52
3717,1489,6,2,116.41,232.82
3718,1489,4,6,457.36,2744.16
3719,1489,19,2,1108.17,2216.34
3720,1490,15,6,919.41,5516.46
3721,1490,7,3,725.58,2176.74
3722,1490,9,3,1844.12,5532.36
3723,1490,8,2,471.81,943.62
3724,1491,4,1,459.12,459.12
3725,1491,4,1,425.48,425.48
3726,1491,19,1,1102.57,1102.57
3727,1491,15,6,968.33,5809.98
3728,1492,16,2,1019.19,2038.38
3729,1492,20,2,230.85,461.7
3730,1492,15,1,993.94,993.94
3731,1493,2,3,875.3,2625.9
3732,1493,10,3,851.15,2553.45
3733,1494,20,3,222.9,668.7
3734,1494,10,3,913.2,2739.6
3735,1494,1,1,2083.14,2083.14
3736,1495,16,3,965.63,2896.89
3737,1495,6,2,107.65,215.3
3738,1495,12,4,240.55,962.2
3739,1496,5,2,207.4,414.8
3740,1496,20,3,212.85,638.55
3741,1496,8,4,580.57,2322.28
3742,1496,7,1,688.9,688.9
3743,1497,6,1,127.63,127.63
3744,1497,2,4,895.9,3583.6
3745,1497,11,3,929.27,2787.81
3746,1498,20,3,248.74,746.22
3747,1499,8,3,469.8,1409.4
3748,1499,20,3,221.78,665.34
3749,1499,8,3,513.93,1541.79
3750,1500,11,3,885.06,2655.18
3751,1500,11,2,849.56,1699.12
3752,1500,2,1,928.64,928.64
3753,1501,3,2,830.76,1661.52
3754,1501,7,5,568.22,2841.1
3755,1501,1,2,1810.79,3621.58
3756,1502,12,3,266.62,799.86
3757,1502,9,2,2359.25,4718.5
3758,1502,16,2,1270.26,2540.52
3759,1503,19,3,1359.41,4078.23
3760,1504,15,3,875.97,2627.91
3761,1504,19,3,1287.39,3862.17
3762,1504,10,2,928.11,1856.22
3763,1504,13,2,473.49,946.98
3764,1505,8,2,523.95,1047.9
3765,1505,14,3,118.46,355.38
3766,1505,4,4,387.77,1551.08
3767,1505,12,2,239.59,479.18
3768,1506,12,6,234.19,1405.14
3769,1506,18,1,1923.66,1923.66
3770,1507,14,6,133.84,803.04
3771,1508,7,1,686.74,686.74
3772,1508,13,3,545.1,1635.3
3773,1508,8,6,569.74,3418.44
3774,1509,13,3,535.98,1607.94
3775,1509,15,5,833.62,4168.1
3776,1509,1,2,1872.27,3744.54
3777,1510,13,4,428.25,1713.0
3778,1510,11,5,859.89,4299.45
3779,1510,7,4,567.35,2269.4
3780,1510,18,2,1413.79,2827.58
3781,1511,13,6,515.27,3091.62
3782,1511,7,2,547.43,1094.86
3783,1512,17,2,2257.68,4515.36
3784,1513,6,1,110.97,110.97
3785,1514,12,2,280.73,561.46
3786,1514,16,5,1016.46,5082.3
3787,1515,4,2,443.55,887.1
3788,1515,2,4,922.69,3690.76
3789,1515,10,3,981.24,2943.72
3790,1516,4,2,418.24,836.48
3791,1516,20,2,245.98,491.96
3792,1516,2,1,815.23,815.23
3793,1517,1,2,2132.8,4265.6
3794,1517,8,4,554.26,2217.04
3795,1517,8,5,521.7,2608.5
3796,1517,4,4,352.19,1408.76
3797,1518,11,3,896.84,2690.52
3798,1518,13,6,433.39,2600.34
3799,1519,11,2,824.91,1649.82
3800,1519,6,4,134.23,536.92
3801,1520,2,3,772.79,2318.37
3802,1521,18,5,1804.31,9021.55
3803,1522,4,4,370.99,1483.96
3804,1522,3,1,920.01,920.01
3805,1522,8,6,560.31,3361.86
3806,1522,3,5,805.69,4028.45
3807,1523,2,2,810.56,1621.12
3808,1523,1,3,2026.46,6079.38
3809,1523,3,3,756.25,2268.75
3810,1523,14,3,142.04,426.12
3811,1524,8,2,481.56,963.12
3812,1524,14,1,147.61,147.61
3813,1524,8,4,552.02,2208.08
3814,1525,7,3,703.5,2110.5
3815,1525,12,3,227.08,681.24
3816,1526,8,2,526.56,1053.12
3817,1527,14,3,158.5,475.5
3818,1527,17,2,2176.72,4353.44
3819,1527,10,1,797.7,797.7
3820,1528,12,4,209.19,836.76
3821,1528,14,2,157.11,314.22
3822,1528,5,3,179.87,539.61
3823,1528,13,4,547.26,2189.04
3824,1529,9,3,2082.19,6246.57
3825,1529,6,1,124.98,124.98
3826,1530,7,2,616.39,1232.78
3827,1531,2,3,771.44,2314.32
3828,1532,15,4,740.99,2963.96
3829,1532,16,5,1002.27,5011.35
3830,1532,8,5,546.41,2732.05
3831,1533,15,2,978.2,1956.4
3832,1533,13,3,448.45,1345.35
3833,1533,5,3,159.75,479.25
3834,1533,2,6,860.39,5162.34
3835,1534,8,1,513.17,513.17
3836,1534,4,1,381.74,381.74
3837,1534,4,6,343.75,2062.5
3838,1534,13,3,526.64,1579.92
3839,1535,2,5,794.97,3974.85
3840,1535,1,2,2102.37,4204.74
3841,1536,20,2,247.27,494.54
3842,1536,9,5,2137.06,10685.3
3843,1537,15,2,975.16,1950.32
3844,1538,6,4,107.74,430.96
3845,1538,10,2,924.91,1849.82
3846,1539,16,2,1150.82,2301.64
3847,1539,19,3,1164.86,3494.58
3848,1539,10,2,837.06,1674.12
3849,1540,3,3,942.46,2827.38
3850,1541,7,3,527.08,1581.24
3851,1541,15,2,751.86,1503.72
3852,1541,3,2,887.7,1775.4
3853,1541,12,4,225.03,900.12
3854,1542,16,2,1214.24,2428.48
3855,1542,9,3,2018.27,6054.81
3856,1542,4,3,412.86,1238.58
3857,1543,20,3,208.73,626.19
3858,1544,3,3,764.51,2293.53
3859,1544,6,4,131.64,526.56
3860,1545,17,4,1945.05,7780.2
3861,1545,8,2,562.32,1124.64
3862,1545,13,3,517.5,1552.5
3863,1546,17,6,2229.53,13377.18
3864,1546,18,4,1833.84,7335.36
3865,1547,10,3,804.63,2413.89
3866,1547,4,3,426.04,1278.12
3867,1547,3,3,983.93,2951.79
3868,1547,5,4,209.31,837.24
3869,1548,19,5,1093.05,5465.25
3870,1548,7,2,655.27,1310.54
3871,1549,16,2,980.67,1961.34
3872,1549,1,3,1674.1,5022.3
3873,1549,18,3,1516.15,4548.45
3874,1549,17,1,1744.56,1744.56
3875,1550,11,1,865.55,865.55
3876,1550,18,1,1656.27,1656.27
3877,1550,11,4,834.23,3336.92
3878,1550,10,4,905.52,3622.08
3879,1551,5,4,172.42,689.68
3880,1551,7,2,664.96,1329.92
3881,1551,9,2,2302.96,4605.92
3882,1551,16,2,1058.04,2116.08
3883,1552,11,2,791.83,1583.66
3884,1552,16,4,1005.4,4021.6
3885,1553,4,5,437.87,2189.35
3886,1553,14,3,125.57,376.71
3887,1553,13,3,429.32,1287.96
3888,1553,10,1,837.55,837.55
3889,1554,15,1,958.27,958.27
3890,1554,13,3,439.77,1319.31
3891,1554,13,3,405.88,1217.64
3892,1555,12,2,219.27,438.54
3893,1555,4,1,392.44,392.44
3894,1555,11,3,824.68,2474.04
3895,1556,5,1,189.82,189.82
3896,1556,2,3,710.79,2132.37
3897,1556,19,1,1037.72,1037.72
3898,1556,11,5,1022.17,5110.85
3899,1557,20,1,238.81,238.81
3900,1557,10,4,871.06,3484.24
3901,1557,6,5,119.68,598.4
3902,1558,4,5,374.87,1874.35
3903,1558,19,3,1131.42,3394.26
3904,1558,6,2,127.36,254.72
3905,1558,6,2,124.21,248.42
3906,1559,10,2,798.23,1596.46
3907,1560,3,4,932.26,3729.04
3908,1560,8,3,467.43,1402.29
3909,1560,9,2,2035.15,4070.3
3910,1561,8,3,625.19,1875.57
3911,1561,6,4,103.64,414.56
3912,1561,13,1,506.77,506.77
3913,1561,6,2,124.81,249.62
3914,1562,20,2,249.97,499.94
3915,1562,19,5,1300.91,6504.55
3916,1562,12,2,282.55,565.1
3917,1562,19,1,1190.76,1190.76
3918,1563,13,3,518.88,1556.64
3919,1563,9,2,2032.95,4065.9
3920,1563,20,3,189.51,568.53
3921,1564,1,4,2007.3,8029.2
3922,1565,14,3,146.08,438.24
3923,1565,12,4,254.39,1017.56
3924,1566,7,3,540.33,1620.99
3925,1567,18,4,1688.41,6753.64
3926,1567,5,2,187.12,374.24
3927,1567,9,1,2156.46,2156.46
3928,1567,5,3,212.02,636.06
3929,1568,15,1,922.18,922.18
3930,1568,4,2,429.62,859.24
3931,1568,10,3,872.65,2617.95
3932,1569,13,2,432.91,865.82
3933,1569,20,4,213.62,854.48
3934,1569,16,2,1224.22,2448.44
3935,1569,16,2,1311.68,2623.36
3936,1570,14,3,119.59,358.77
3937,1570,3,1,847.88,847.88
3938,1570,6,1,129.24,129.24
3939,1570,10,2,977.53,1955.06
3940,1571,11,2,945.79,1891.58
3941,1571,19,2,1030.61,2061.22
3942,1571,7,3,716.59,2149.77
3943,1572,19,2,1182.21,2364.42
3944,1573,9,2,2123.59,4247.18
3945,1574,2,2,857.54,1715.08
3946,1574,17,3,2121.87,6365.61
3947,1574,14,2,130.64,261.28
3948,1575,9,1,2002.79,2002.79
3949,1576,7,3,594.12,1782.36
3950,1577,9,3,1875.05,5625.15
3951,1578,2,3,875.91,2627.73
3952,1578,6,5,109.19,545.95
3953,1579,14,4,143.46,573.84
3954,1579,4,3,373.03,1119.09
3955,1579,1,3,2080.54,6241.62
3956,1580,11,2,989.19,1978.38
3957,1580,8,3,512.38,1537.14
3958,1581,9,6,2290.19,13741.14
3959,1581,4,5,401.3,2006.5
3960,1582,7,1,622.23,622.23
3961,1583,17,2,2197.93,4395.86
3962,1583,17,3,1715.52,5146.56
3963,1584,14,3,139.2,417.6
3964,1584,17,2,2080.9,4161.8
3965,1584,20,2,209.81,419.62
3966,1585,10,3,747.51,2242.53
3967,1586,13,2,544.19,1088.38
3968,1586,20,2,249.75,499.5
3969,1586,17,2,2325.15,4650.3
3970,1587,20,4,212.53,850.12
3971,1587,20,3,221.36,664.08
3972,1587,18,2,1565.2,3130.4
3973,1588,7,2,701.83,1403.66
3974,1588,9,2,2170.47,4340.94
3975,1588,3,3,838.28,2514.84
3976,1588,3,3,764.04,2292.12
3977,1589,1,3,2185.94,6557.82
3978,1589,19,3,1102.91,3308.73
3979,1589,10,3,939.24,2817.72
3980,1590,3,3,884.44,2653.32
3981,1590,1,4,2155.2,8620.8
3982,1591,2,3,720.79,2162.37
3983,1591,14,2,137.39,274.78
3984,1591,5,4,203.75,815.0
3985,1592,16,4,1020.04,4080.16
3986,1593,6,4,117.97,471.88
3987,1593,20,1,226.57,226.57
3988,1593,9,1,1958.02,1958.02
3989,1593,9,1,1821.05,1821.05
3990,1594,13,5,551.4,2757.0
3991,1594,5,4,197.78,791.12
3992,1594,15,2,805.04,1610.08
3993,1595,17,4,2235.63,8942.52
3994,1595,17,3,1868.2,5604.6
3995,1596,6,1,125.0,125.0
3996,1596,20,2,225.59,451.18
3997,1596,19,2,1408.21,2816.42
3998,1596,9,3,1852.65,5557.95
3999,1597,15,3,913.19,2739.57
4000,1597,3,1,947.77,947.77
4001,1597,14,4,163.49,653.96
4002,1597,18,2,1869.47,3738.94
4003,1598,15,2,742.96,1485.92
4004,1598,20,2,243.65,487.3
4005,1598,14,3,157.83,473.49
4006,1599,20,3,216.2,648.6
4007,1599,17,3,2031.55,6094.65
4008,1599,8,1,613.98,613.98
4009,1600,13,3,489.44,1468.32
4010,1601,4,4,361.99,1447.96
4011,1601,17,4,2275.26,9101.04
4012,1601,10,3,883.36,2650.08
4013,1602,5,3,203.59,610.77
4014,1602,6,3,129.81,389.43
4015,1602,12,2,286.99,573.98
4016,1603,16,3,1216.12,3648.36
4017,1603,15,3,846.98,2540.94
4018,1603,18,2,1719.31,3438.62
4019,1604,4,2,340.86,681.72
4020,1604,16,3,1198.36,3595.08
4021,1605,4,1,426.28,426.28
4022,1605,17,3,2052.49,6157.47
4023,1605,3,5,907.46,4537.3
4024,1606,20,3,240.34,721.02
4025,1607,4,2,432.46,864.92
4026,1607,1,1,1915.39,1915.39
4027,1608,1,3,1745.46,5236.38
4028,1609,10,3,770.53,2311.59
4029,1609,15,2,763.03,1526.06
4030,1610,18,2,1728.1,3456.2
4031,1610,14,5,150.05,750.25
4032,1611,1,1,2234.02,2234.02
4033,1611,1,5,2207.31,11036.55
4034,1611,9,2,1818.5,3637.0
4035,1612,7,3,711.6,2134.8
4036,1612,15,4,769.98,3079.92
4037,1613,13,3,456.44,1369.32
4038,1614,1,3,1870.61,5611.83
4039,1614,15,6,736.5,4419.0
4040,1614,10,1,848.22,848.22
4041,1614,17,1,1847.14,1847.14
4042,1615,9,4,2231.73,8926.92
4043,1615,3,1,940.28,940.28
4044,1615,19,6,1155.35,6932.1
4045,1616,1,1,1650.05,1650.05
4046,1616,10,3,760.73,2282.19
4047,1617,20,3,222.16,666.48
4048,1617,14,4,139.76,559.04
4049,1617,11,2,1033.33,2066.66
4050,1618,16,4,1150.65,4602.6
4051,1618,13,6,535.05,3210.3
4052,1618,7,3,533.38,1600.14
4053,1619,12,1,221.1,221.1
4054,1619,12,2,279.59,559.18
4055,1619,9,1,2053.64,2053.64
4056,1619,4,5,346.3,1731.5
4057,1620,4,4,353.4,1413.6
4058,1621,8,1,499.37,499.37
4059,1622,13,2,460.79,921.58
4060,1622,1,2,1782.85,3565.7
4061,1622,9,3,1742.36,5227.08
4062,1622,13,3,550.05,1650.15
4063,1623,11,2,975.48,1950.96
4064,1624,17,2,2019.34,4038.68
4065,1625,12,1,235.83,235.83
4066,1625,10,4,759.16,3036.64
4067,1625,14,5,124.26,621.3
4068,1626,8,2,560.67,1121.34
4069,1626,6,2,107.07,214.14
4070,1627,7,2,635.03,1270.06
4071,1627,9,4,2367.25,9469.0
4072,1628,16,3,1030.75,3092.25
4073,1628,8,4,513.36,2053.44
4074,1629,3,3,861.33,2583.99
4075,1630,11,3,981.76,2945.28
4076,1631,15,1,1012.58,1012.58
4077,1631,3,2,981.38,1962.76
4078,1631,1,2,1745.63,3491.26
4079,1631,2,2,925.84,1851.68
4080,1632,7,6,587.4,3524.4
4081,1632,3,3,953.29,2859.87
4082,1632,8,2,507.42,1014.84
4083,1633,2,2,747.53,1495.06
4084,1634,20,2,194.61,389.22
4085,1635,10,4,768.73,3074.92
4086,1635,13,2,484.07,968.14
4087,1635,9,2,2169.83,4339.66
4088,1636,18,3,1467.03,4401.09
4089,1636,20,2,210.46,420.92
4090,1636,14,3,147.3,441.9
4091,1636,6,3,126.94,380.82
4092,1637,19,4,1217.01,4868.04
4093,1638,6,3,135.54,406.62
4094,1638,12,3,252.67,758.01
4095,1638,10,1,729.96,729.96
4096,1638,7,3,668.06,2004.18
4097,1639,8,2,561.42,1122.84
4098,1640,7,3,563.56,1690.68
4099,1640,2,3,928.35,2785.05
4100,1640,14,3,118.26,354.78
4101,1640,1,5,1666.75,8333.75
4102,1641,3,2,925.6,1851.2
4103,1641,12,1,274.22,274.22
4104,1641,7,2,535.6,1071.2
4105,1642,5,2,200.74,401.48
4106,1642,4,4,460.69,1842.76
4107,1642,13,3,477.97,1433.91
4108,1643,3,6,889.37,5336.22
4109,1643,4,2,427.93,855.86
4110,1644,8,4,473.68,1894.72
4111,1644,2,3,832.88,2498.64
4112,1644,19,3,1325.87,3977.61
4113,1645,20,2,229.03,458.06
4114,1646,16,1,1278.76,1278.76
4115,1647,3,3,807.22,2421.66
4116,1647,15,1,925.3,925.3
4117,1647,6,4,134.38,537.52
4118,1648,12,2,230.87,461.74
4119,1649,16,5,1207.84,6039.2
4120,1649,8,3,471.33,1413.99
4121,1649,17,4,1998.94,7995.76
4122,1649,16,3,1210.97,3632.91
4123,1650,10,3,857.73,2573.19
4124,1651,10,2,917.65,1835.3
4125,1652,1,1,2198.49,2198.49
4126,1653,8,2,612.58,1225.16
4127,1654,14,2,148.28,296.56
4128,1654,19,4,1424.64,5698.56
4129,1655,12,2,278.84,557.68
4130,1655,5,2,191.07,382.14
4131,1655,6,2,103.27,206.54
4132,1656,2,2,930.41,1860.82
4133,1657,16,4,1001.78,4007.12
4134,1658,14,3,144.94,434.82
4135,1658,8,2,523.85,1047.7
4136,1659,9,2,1888.04,3776.08
4137,1659,7,4,638.49,2553.96
4138,1659,9,4,2282.2,9128.8
4139,1659,18,3,1533.17,4599.51
4140,1660,9,3,2143.48,6430.44
4141,1660,9,3,2009.93,6029.79
4142,1660,2,5,853.99,4269.95
4143,1661,2,3,789.59,2368.77
4144,1661,8,2,496.51,993.02
4145,1661,19,2,1407.72,2815.44
4146,1662,1,2,1952.11,3904.22
4147,1662,2,3,857.84,2573.52
4148,1662,6,5,137.86,689.3
4149,1663,11,4,956.35,3825.4
4150,1663,3,2,886.77,1773.54
4151,1663,4,3,391.04,1173.12
4152,1663,3,3,895.03,2685.09
4153,1664,10,2,940.14,1880.28
4154,1664,2,3,864.03,2592.09
4155,1665,12,1,283.53,283.53
4156,1665,2,1,778.97,778.97
4157,1665,5,3,199.69,599.07
4158,1665,14,3,162.0,486.0
4159,1666,12,2,248.11,496.22
4160,1666,1,4,1982.51,7930.04
4161,1666,19,3,1057.08,3171.24
4162,1666,2,3,866.72,2600.16
4163,1667,4,6,439.42,2636.52
4164,1667,15,2,842.28,1684.56
4165,1667,3,5,772.99,3864.95
4166,1667,16,1,968.0,968.0
4167,1668,6,4,105.16,420.64
4168,1668,17,2,2153.45,4306.9
4169,1668,19,3,1049.67,3149.01
4170,1669,4,4,391.39,1565.56
4171,1669,20,4,197.97,791.88
4172,1670,6,1,112.66,112.66
4173,1670,8,3,456.18,1368.54
4174,1670,7,4,708.32,2833.28
4175,1670,1,3,2181.84,6545.52
4176,1671,9,4,1870.29,7481.16
4177,1671,2,2,674.08,1348.16
4178,1671,12,3,272.25,816.75
4179,1671,20,3,232.68,698.04
4180,1672,8,3,556.09,1668.27
4181,1673,15,2,1005.54,2011.08
4182,1673,5,2,158.57,317.14
4183,1673,13,2,402.58,805.16
4184,1674,8,2,587.64,1175.28
4185,1674,5,3,181.34,544.02
4186,1674,2,3,818.9,2456.7
4187,1675,16,5,1226.95,6134.75
4188,1675,8,4,583.81,2335.24
4189,1675,13,3,480.95,1442.85
4190,1675,17,4,2336.55,9346.2
4191,1676,1,3,1891.08,5673.24
4192,1676,9,3,1868.64,5605.92
4193,1677,13,1,489.55,489.55
4194,1678,4,2,374.03,748.06
4195,1678,7,1,618.37,618.37
4196,1678,3,5,902.72,4513.6
4197,1678,14,1,127.06,127.06
4198,1679,16,2,1284.17,2568.34
4199,1679,20,1,226.11,226.11
4200,1679,16,2,1053.54,2107.08
4201,1679,20,3,216.26,648.78
4202,1680,20,3,256.9,770.7
4203,1681,9,5,1824.31,9121.55
4204,1681,3,1,883.07,883.07
4205,1681,7,3,568.39,1705.17
4206,1681,6,1,132.92,132.92
4207,1682,14,2,155.68,311.36
4208,1683,5,3,207.64,622.92
4209,1683,16,2,1177.98,2355.96
4210,1683,2,3,680.33,2040.99
4211,1684,12,1,258.76,258.76
4212,1684,15,2,920.54,1841.08
4213,1684,17,3,2211.01,6633.03
4214,1684,9,2,2328.74,4657.48
4215,1685,3,3,867.05,2601.15
4216,1685,12,2,228.37,456.74
4217,1685,14,2,121.12,242.24
4218,1685,18,3,1922.87,5768.61
4219,1686,7,1,611.91,611.91
4220,1686,10,5,907.85,4539.25
4221,1686,10,2,911.24,1822.48
4222,1687,16,2,1131.02,2262.04
4223,1687,16,4,1014.18,4056.72
4224,1687,9,3,2166.01,6498.03
4225,1688,11,2,812.12,1624.24
4226,1689,6,3,100.73,302.19
4227,1689,19,3,1028.68,3086.04
4228,1689,3,4,1003.2,4012.8
4229,1689,17,3,2190.22,6570.66
4230,1690,18,1,1519.02,1519.02
4231,1691,13,3,481.67,1445.01
4232,1691,5,3,185.88,557.64
4233,1691,7,1,708.65,708.65
4234,1692,20,3,212.99,638.97
4235,1692,10,1,876.95,876.95
4236,1693,5,3,154.85,464.55
4237,1693,8,2,482.88,965.76
4238,1693,16,2,1286.82,2573.64
4239,1693,16,2,1267.58,2535.16
4240,1694,4,3,339.51,1018.53
4241,1694,5,3,153.4,460.2
4242,1695,18,1,1675.82,1675.82
4243,1695,16,2,1023.05,2046.1
4244,1695,6,2,114.2,228.4
4245,1696,17,2,1913.35,3826.7
4246,1696,9,2,2109.79,4219.58
4247,1697,8,2,585.75,1171.5
4248,1697,12,5,217.96,1089.8
4249,1697,18,2,1504.26,3008.52
4250,1697,4,1,412.23,412.23
4251,1698,14,5,124.04,620.2
4252,1698,7,2,536.58,1073.16
4253,1698,13,2,420.73,841.46
4254,1699,19,3,1092.85,3278.55
4255,1699,6,2,111.13,222.26
4256,1700,4,3,371.06,1113.18
4257,1700,20,1,210.75,210.75
4258,1700,11,5,832.26,4161.3
4259,1701,13,3,420.04,1260.12
4260,1701,20,3,186.1,558.3
4261,1701,16,2,1090.26,2180.52
4262,1701,20,3,245.64,736.92
4263,1702,8,5,584.03,2920.15
4264,1702,2,5,706.42,3532.1
4265,1702,13,6,513.31,3079.86
4266,1702,9,3,1889.5,5668.5
4267,1703,7,4,554.69,2218.76
4268,1704,2,2,808.49,1616.98
4269,1704,5,1,164.53,164.53
4270,1704,5,4,161.91,647.64
4271,1704,12,3,249.32,747.96
4272,1705,4,3,341.45,1024.35
4273,1705,14,5,159.74,798.7
4274,1705,12,1,236.91,236.91
4275,1706,8,2,525.97,1051.94
4276,1706,8,2,569.9,1139.8
4277,1706,6,3,125.2,375.6
4278,1706,1,3,2234.81,6704.43
4279,1707,19,3,1233.25,3699.75
4280,1708,5,1,207.61,207.61
4281,1708,8,4,602.44,2409.76
4282,1709,10,1,985.35,985.35
4283,1709,3,2,982.76,1965.52
4284,1709,14,2,131.37,262.74
4285,1710,16,3,1186.37,3559.11
4286,1710,7,3,566.18,1698.54
4287,1710,10,3,786.75,2360.25
4288,1710,1,3,1837.89,5513.67
4289,1711,13,1,402.1,402.1
4290,1711,13,1,476.25,476.25
4291,1711,15,1,938.21,938.21
4292,1711,15,5,939.26,4696.3
4293,1712,16,2,1314.38,2628.76
4294,1712,6,4,102.42,409.68
4295,1713,5,2,153.21,306.42
4296,1713,16,2,1135.9,2271.8
4297,1713,16,3,1164.43,3493.29
4298,1714,10,2,772.92,1545.84
4299,1714,4,1,384.82,384.82
4300,1714,12,1,211.71,211.71
4301,1714,8,2,469.24,938.48
4302,1715,11,2,952.85,1905.7
4303,1715,14,4,118.75,475.0
4304,1715,10,3,849.66,2548.98
4305,1716,13,2,490.03,980.06
4306,1716,2,2,889.3,1778.6
4307,1716,14,3,125.23,375.69
4308,1716,3,4,856.08,3424.32
4309,1717,2,3,898.19,2694.57
4310,1718,12,1,217.25,217.25
4311,1719,9,2,1915.06,3830.12
4312,1719,6,4,110.86,443.44
4313,1720,10,3,809.73,2429.19
4314,1720,1,4,2185.27,8741.08
4315,1721,18,5,1602.94,8014.7
4316,1721,11,4,870.42,3481.68
4317,1721,13,3,406.17,1218.51
4318,1722,5,1,200.35,200.35
4319,1722,7,2,601.36,1202.72
4320,1723,19,5,1178.77,5893.85
4321,1723,6,4,112.92,451.68
4322,1723,12,5,274.71,1373.55
4323,1723,3,3,1016.74,3050.22
4324,1724,11,5,997.72,4988.6
4325,1724,10,3,767.63,2302.89
4326,1724,6,3,119.6,358.8
4327,1725,6,3,112.98,338.94
4328,1725,5,1,193.83,193.83
4329,1726,10,3,838.89,2516.67
4330,1726,10,3,752.34,2257.02
4331,1726,1,1,1871.94,1871.94
4332,1727,3,4,756.13,3024.52
4333,1727,7,3,547.6,1642.8
4334,1727,11,1,897.86,897.86
4335,1727,15,2,733.15,1466.3
4336,1728,13,1,423.33,423.33
4337,1728,2,2,735.26,1470.52
4338,1728,4,3,380.86,1142.58
4339,1729,1,2,1708.59,3417.18
4340,1729,15,2,797.36,1594.72
4341,1730,9,3,2294.4,6883.2
4342,1730,4,5,361.08,1805.4
4343,1730,4,4,420.4,1681.6
4344,1731,12,1,262.29,262.29
4345,1731,2,2,772.36,1544.72
4346,1732,5,2,190.25,380.5
4347,1732,16,5,1182.75,5913.75
4348,1732,4,2,377.55,755.1
4349,1732,20,4,222.18,888.72
4350,1733,20,3,240.21,720.63
4351,1733,13,3,490.86,1472.58
4352,1734,17,2,1840.04,3680.08
4353,1734,9,1,1859.97,1859.97
4354,1734,1,3,2106.77,6320.31
4355,1734,11,3,885.14,2655.42
4356,1735,1,5,2188.73,10943.65
4357,1735,3,5,838.06,4190.3
4358,1735,12,4,216.78,867.12
4359,1735,8,2,455.51,911.02
4360,1736,12,4,253.24,1012.96
4361,1736,4,2,357.98,715.96
4362,1737,4,3,415.4,1246.2
4363,1737,15,3,769.1,2307.3
4364,1737,15,3,949.09,2847.27
4365,1737,10,2,857.98,1715.96
4366,1738,3,2,779.08,1558.16
4367,1738,15,1,760.64,760.64
4368,1738,6,1,102.29,102.29
4369,1738,18,4,1766.26,7065.04
4370,1739,10,2,855.13,1710.26
4371,1739,11,3,837.83,2513.49
4372,1739,9,5,1827.64,9138.2
4373,1739,8,2,588.09,1176.18
4374,1740,9,3,2282.15,6846.45
4375,1740,13,2,448.79,897.58
4376,1740,13,1,458.97,458.97
4377,1741,7,2,692.17,1384.34
4378,1741,13,2,488.72,977.44
4379,1741,7,6,595.01,3570.06
4380,1742,11,2,864.81,1729.62
4381,1743,8,1,544.54,544.54
4382,1743,16,2,1294.5,2589.0
4383,1743,6,3,105.37,316.11
4384,1743,8,5,606.19,3030.95
4385,1744,12,1,252.18,252.18
4386,1744,13,4,459.49,1837.96
4387,1745,2,2,762.66,1525.32
4388,1745,12,6,229.92,1379.52
4389,1745,2,3,688.27,2064.81
4390,1745,1,2,2125.42,4250.84
4391,1746,9,3,2009.3,6027.9
4392,1746,11,2,863.27,1726.54
4393,1747,16,2,1277.76,2555.52
4394,1747,5,2,200.06,400.12
4395,1747,12,5,244.62,1223.1
4396,1747,18,1,1909.9,1909.9
4397,1748,1,4,1795.06,7180.24
4398,1749,9,1,2345.0,2345.0
4399,1750,5,5,162.59,812.95
4400,1750,8,4,467.92,1871.68
4401,1751,3,4,792.95,3171.8
4402,1752,13,2,539.73,1079.46
4403,1753,11,2,1078.63,2157.26
4404,1753,15,3,977.63,2932.89
4405,1754,10,2,795.48,1590.96
4406,1755,13,2,529.18,1058.36
4407,1755,7,3,559.06,1677.18
4408,1756,8,2,524.56,1049.12
4409,1756,13,4,445.8,1783.2
4410,1756,5,1,172.08,172.08
4411,1756,13,1,458.73,458.73
4412,1757,13,4,489.29,1957.16
4413,1757,1,2,1769.86,3539.72
4414,1757,13,6,452.23,2713.38
4415,1757,2,5,718.46,3592.3
4416,1758,13,2,482.88,965.76
4417,1758,18,1,1867.58,1867.58
4418,1758,19,2,1201.94,2403.88
4419,1758,18,2,1497.7,2995.4
4420,1759,20,1,200.08,200.08
4421,1759,5,4,208.49,833.96
4422,1759,11,3,943.63,2830.89
4423,1759,10,1,742.61,742.61
4424,1760,9,5,2037.46,10187.3
4425,1761,10,1,915.41,915.41
4426,1761,1,4,1824.71,7298.84
4427,1761,6,1,115.02,115.02
4428,1762,14,2,132.05,264.1
4429,1762,14,4,146.31,585.24
4430,1762,18,6,1741.86,10451.16
4431,1763,2,3,676.76,2030.28
4432,1763,17,3,2006.01,6018.03
4433,1763,2,4,871.53,3486.12
4434,1763,4,2,346.46,692.92
4435,1764,9,1,1759.38,1759.38
4436,1764,11,2,868.85,1737.7
4437,1764,5,3,208.23,624.69
4438,1764,11,1,868.64,868.64
4439,1765,10,4,776.29,3105.16
4440,1765,11,2,1068.0,2136.0
4441,1765,1,3,2231.93,6695.79
4442,1765,7,3,539.53,1618.59
4443,1766,11,1,853.11,853.11
4444,1766,9,4,2030.14,8120.56
4445,1767,4,3,373.41,1120.23
4446,1767,5,3,179.49,538.47
4447,1767,18,3,1418.22,4254.66
4448,1768,17,2,1686.01,3372.02
4449,1768,3,3,751.71,2255.13
4450,1768,8,3,549.95,1649.85
4451,1769,5,1,166.9,166.9
4452,1770,4,4,386.85,1547.4
4453,1770,20,3,241.98,725.94
4454,1771,8,5,575.91,2879.55
4455,1772,11,3,890.22,2670.66
4456,1773,6,3,118.01,354.03
4457,1773,7,2,613.28,1226.56
4458,1774,5,3,166.42,499.26
4459,1774,7,5,531.26,2656.3
4460,1774,7,4,627.54,2510.16
4461,1774,19,2,1175.09,2350.18
4462,1775,19,1,1036.78,1036.78
4463,1776,14,3,152.73,458.19
4464,1777,10,3,857.25,2571.75
4465,1777,7,3,557.18,1671.54
4466,1778,15,1,941.59,941.59
4467,1779,5,3,163.5,490.5
4468,1779,3,1,1017.95,1017.95
4469,1779,13,1,500.97,500.97
4470,1780,9,4,1735.28,6941.12
4471,1780,13,4,489.85,1959.4
4472,1781,10,2,812.76,1625.52
4473,1781,11,1,791.06,791.06
4474,1781,16,2,1231.67,2463.34
4475,1782,12,5,249.31,1246.55
4476,1782,12,2,273.88,547.76
4477,1782,5,3,193.06,579.18
4478,1783,16,3,1213.94,3641.82
4479,1783,7,4,600.09,2400.36
4480,1784,14,5,141.0,705.0
4481,1785,9,2,1935.4,3870.8
4482,1785,3,2,889.79,1779.58
4483,1786,19,2,1375.29,2750.58
4484,1786,1,4,2042.99,8171.96
4485,1786,15,1,891.12,891.12
4486,1787,10,3,978.76,2936.28
4487,1788,9,2,2037.79,4075.58
4488,1788,7,2,717.63,1435.26
4489,1788,7,2,620.24,1240.48
4490,1789,1,2,1793.87,3587.74
4491,1790,5,3,183.0,549.0
4492,1790,14,3,129.43,388.29
4493,1791,19,1,1181.5,1181.5
4494,1791,1,1,1906.86,1906.86
4495,1791,14,2,159.22,318.44
4496,1792,16,4,1068.1,4272.4
4497,1792,20,2,213.43,426.86
4498,1792,17,3,2297.74,6893.22
4499,1793,12,2,212.8,425.6
4500,1794,6,5,138.95,694.75
4501,1794,1,2,1887.2,3774.4
4502,1795,2,3,870.11,2610.33
4503,1795,20,2,232.58,465.16
4504,1795,8,3,551.16,1653.48
4505,1796,14,3,144.78,434.34
4506,1796,19,1,1209.5,1209.5
4507,1796,4,4,374.85,1499.4
4508,1796,18,1,1775.23,1775.23
4509,1797,10,4,835.15,3340.6
4510,1798,4,2,406.2,812.4
4511,1798,14,4,162.7,650.8
4512,1798,20,5,257.63,1288.15
4513,1798,3,3,852.39,2557.17
4514,1799,15,4,776.5,3106.0
4515,1799,10,3,975.79,2927.37
4516,1799,16,4,1311.08,5244.32
4517,1799,6,2,102.57,205.14
4518,1800,3,1,898.64,898.64
4519,1800,3,3,889.18,2667.54
4520,1801,7,2,665.72,1331.44
4521,1801,8,3,613.44,1840.32
4522,1801,14,4,137.04,548.16
4523,1802,2,3,920.8,2762.4
4524,1802,20,3,232.29,696.87
4525,1802,11,4,798.83,3195.32
4526,1803,16,4,1036.76,4147.04
4527,1803,19,3,1207.91,3623.73
4528,1804,14,3,163.82,491.46
4529,1805,9,4,2093.5,8374.0
4530,1805,1,2,2104.02,4208.04
4531,1806,10,4,948.76,3795.04
4532,1807,4,3,437.93,1313.79
4533,1807,4,3,424.46,1273.38
4534,1808,3,4,849.05,3396.2
4535,1808,13,4,536.43,2145.72
4536,1808,13,4,408.75,1635.0
4537,1809,12,3,265.36,796.08
4538,1809,4,2,427.88,855.76
4539,1809,18,3,1646.41,4939.23
4540,1810,17,3,2009.7,6029.1
4541,1811,19,1,1232.23,1232.23
4542,1811,16,3,1002.83,3008.49
4543,1811,15,2,742.1,1484.2
4544,1811,2,3,847.89,2543.67
4545,1812,14,2,153.78,307.56
4546,1812,16,1,1092.16,1092.16
4547,1813,1,3,1715.47,5146.41
4548,1814,1,1,1693.95,1693.95
4549,1814,18,5,1876.51,9382.55
4550,1815,20,3,227.73,683.19
4551,1815,15,3,926.83,2780.49
4552,1816,18,4,1410.12,5640.48
4553,1817,4,5,359.5,1797.5
4554,1817,3,1,797.85,797.85
4555,1817,10,1,839.33,839.33
4556,1817,4,2,455.64,911.28
4557,1818,18,4,1760.36,7041.44
4558,1818,8,1,570.02,570.02
4559,1819,8,4,454.95,1819.8
4560,1819,18,2,1522.35,3044.7
4561,1820,10,4,927.85,3711.4
4562,1820,10,2,818.99,1637.98
4563,1820,18,3,1431.35,4294.05
4564,1821,18,5,1769.34,8846.7
4565,1821,13,6,529.65,3177.9
4566,1822,2,2,855.19,1710.38
4567,1822,17,2,1991.69,3983.38
4568,1823,10,2,980.96,1961.92
4569,1823,7,3,669.55,2008.65
4570,1823,17,2,1840.05,3680.1
4571,1824,10,1,820.25,820.25
4572,1824,13,3,419.62,1258.86
4573,1824,10,4,724.11,2896.44
4574,1824,1,1,1924.6,1924.6
4575,1825,14,3,138.78,416.34
4576,1826,12,2,277.52,555.04
4577,1826,12,2,283.9,567.8
4578,1827,13,3,507.02,1521.06
4579,1827,2,4,912.84,3651.36
4580,1827,17,6,2213.62,13281.72
4581,1828,8,3,582.37,1747.11
4582,1829,10,2,817.56,1635.12
4583,1830,3,5,883.23,4416.15
4584,1830,13,3,525.47,1576.41
4585,1830,7,4,634.39,2537.56
4586,1830,20,6,211.6,1269.6
4587,1831,3,3,840.37,2521.11
4588,1832,11,3,831.03,2493.09
4589,1832,10,2,844.71,1689.42
4590,1832,17,1,2321.66,2321.66
4591,1833,9,1,1724.18,1724.18
4592,1834,3,1,791.6,791.6
4593,1834,1,3,2161.36,6484.08
4594,1834,6,1,110.53,110.53
4595,1835,17,2,2197.66,4395.32
4596,1835,5,1,199.44,199.44
4597,1836,17,6,1899.44,11396.64
4598,1837,15,2,881.19,1762.38
4599,1837,1,2,1831.41,3662.82
4600,1838,18,4,1857.14,7428.56
4601,1838,7,2,573.37,1146.74
4602,1838,3,1,758.36,758.36
4603,1838,4,2,409.01,818.02
4604,1839,7,1,536.43,536.43
4605,1839,17,2,2097.47,4194.94
4606,1839,14,1,139.74,139.74
4607,1840,5,3,183.51,550.53
4608,1840,14,5,132.69,663.45
4609,1841,7,4,582.68,2330.72
4610,1841,3,1,908.19,908.19
4611,1841,1,2,1708.51,3417.02
4612,1841,16,3,1237.69,3713.07
4613,1842,3,3,817.81,2453.43
4614,1842,20,2,249.91,499.82
4615,1843,8,2,507.6,1015.2
4616,1843,2,2,893.31,1786.62
4617,1843,19,3,1072.75,3218.25
4618,1844,13,3,532.2,1596.6
4619,1844,19,4,1158.54,4634.16
4620,1844,8,4,599.18,2396.72
4621,1844,1,2,1837.84,3675.68
4622,1845,10,1,823.57,823.57
4623,1845,10,3,935.9,2807.7
4624,1845,16,2,1057.02,2114.04
4625,1846,18,1,1762.01,1762.01
4626,1846,16,2,1196.67,2393.34
4627,1846,19,6,1147.7,6886.2
4628,1846,9,2,2290.1,4580.2
4629,1847,6,1,125.21,125.21
4630,1847,19,2,1267.94,2535.88
4631,1847,15,2,973.22,1946.44
4632,1848,8,4,626.37,2505.48
4633,1848,8,2,481.38,962.76
4634,1848,1,4,2008.83,8035.32
4635,1848,7,1,642.24,642.24
4636,1849,14,3,142.66,427.98
4637,1849,14,2,132.12,264.24
4638,1849,9,3,1776.29,5328.87
4639,1849,18,2,1452.14,2904.28
4640,1850,14,2,151.63,303.26
4641,1850,9,5,2353.8,11769.0
4642,1850,18,1,1570.73,1570.73
4643,1851,15,3,799.32,2397.96
4644,1851,1,4,1785.01,7140.04
4645,1852,16,4,1139.38,4557.52
4646,1853,15,1,1007.44,1007.44
4647,1853,19,1,1126.52,1126.52
4648,1854,2,1,865.16,865.16
4649,1855,2,3,710.64,2131.92
4650,1855,9,5,2339.25,11696.25
4651,1856,8,2,453.73,907.46
4652,1856,11,3,915.92,2747.76
4653,1856,15,3,1004.4,3013.2
4654,1856,5,4,209.47,837.88
4655,1857,3,1,778.11,778.11
4656,1857,12,2,251.43,502.86
4657,1857,19,4,1170.07,4680.28
4658,1858,7,2,682.2,1364.4
4659,1858,11,4,1075.85,4303.4
4660,1859,12,3,274.34,823.02
4661,1859,8,1,455.06,455.06
4662,1860,3,3,1008.23,3024.69
4663,1860,5,3,199.21,597.63
4664,1860,8,4,483.41,1933.64
4665,1861,18,4,1613.41,6453.64
4666,1861,16,2,1136.08,2272.16
4667,1861,17,1,2332.92,2332.92
4668,1861,19,4,1397.4,5589.6
4669,1862,6,4,100.43,401.72
4670,1862,20,4,242.31,969.24
4671,1863,1,4,1848.24,7392.96
4672,1863,4,3,352.67,1058.01
4673,1863,14,5,125.21,626.05
4674,1864,10,3,956.79,2870.37
4675,1864,18,4,1532.75,6131.0
4676,1864,16,5,1240.51,6202.55
4677,1865,18,4,1419.5,5678.0
4678,1865,6,3,136.09,408.27
4679,1866,4,1,378.77,378.77
4680,1866,14,3,149.95,449.85
4681,1866,12,2,280.56,561.12
4682,1866,5,3,168.47,505.41
4683,1867,4,1,441.61,441.61
4684,1867,3,2,743.36,1486.72
4685,1867,4,4,432.85,1731.4
4686,1867,20,1,243.9,243.9
4687,1868,20,2,241.17,482.34
4688,1868,16,2,1001.11,2002.22
4689,1868,8,2,547.76,1095.52
4690,1868,19,2,1039.78,2079.56
4691,1869,2,1,902.55,902.55
4692,1869,13,2,457.5,915.0
4693,1869,13,4,547.9,2191.6
4694,1869,2,2,768.06,1536.12
4695,1870,14,3,163.33,489.99
4696,1870,10,3,872.3,2616.9
4697,1870,16,2,1300.3,2600.6
4698,1871,14,3,123.34,370.02
4699,1871,1,4,2111.67,8446.68
4700,1871,2,3,785.22,2355.66
4701,1871,11,2,1084.59,2169.18
4702,1872,3,3,817.29,2451.87
4703,1873,7,4,700.93,2803.72
4704,1873,16,1,1165.37,1165.37
4705,1874,17,2,1683.88,3367.76
4706,1874,1,2,1800.37,3600.74
4707,1874,12,1,233.57,233.57
4708,1875,10,2,729.48,1458.96
4709,1875,12,6,267.16,1602.96
4710,1875,10,2,725.95,1451.9
4711,1875,15,3,819.95,2459.85
4712,1876,15,3,772.3,2316.9
4713,1877,2,2,853.36,1706.72
4714,1877,9,2,1759.83,3519.66
4715,1878,1,2,1959.08,3918.16
4716,1879,11,4,998.52,3994.08
4717,1879,1,6,1934.51,11607.06
4718,1879,7,2,706.95,1413.9
4719,1880,6,4,112.55,450.2
4720,1880,6,3,121.85,365.55
4721,1880,6,1,132.43,132.43
4722,1880,19,4,1296.71,5186.84
4723,1881,14,2,142.09,284.18
4724,1881,16,3,989.67,2969.01
4725,1881,10,3,765.98,2297.94
4726,1881,1,2,1769.29,3538.58
4727,1882,16,3,1055.37,3166.11
4728,1882,2,5,864.13,4320.65
4729,1882,1,4,1765.93,7063.72
4730,1882,12,3,286.71,860.13
4731,1883,20,5,249.78,1248.9
4732,1884,9,3,1853.04,5559.12
4733,1884,4,3,381.48,1144.44
4734,1884,16,1,1240.14,1240.14
4735,1885,2,4,820.22,3280.88
4736,1885,7,2,569.11,1138.22
4737,1885,11,2,811.42,1622.84
4738,1886,6,2,110.74,221.48
4739,1887,13,2,491.04,982.08
4740,1888,8,2,550.5,1101.0
4741,1889,20,2,239.26,478.52
4742,1889,8,2,511.34,1022.68
4743,1890,18,3,1542.49,4627.47
4744,1890,16,4,1060.59,4242.36
4745,1890,16,1,1053.92,1053.92
4746,1891,2,6,769.43,4616.58
4747,1892,14,2,137.81,275.62
4748,1893,19,2,1347.22,2694.44
4749,1893,4,3,465.61,1396.83
4750,1893,10,3,865.11,2595.33
4751,1893,16,4,1233.37,4933.48
4752,1894,4,6,441.52,2649.12
4753,1894,3,2,878.7,1757.4
4754,1894,17,3,1916.58,5749.74
4755,1894,13,3,528.02,1584.06
4756,1895,14,1,144.68,144.68
4757,1895,17,4,2125.17,8500.68
4758,1895,19,2,1367.54,2735.08
4759,1896,5,2,175.19,350.38
4760,1897,16,3,1161.46,3484.38
4761,1898,9,3,2383.53,7150.59
4762,1898,13,1,549.26,549.26
4763,1898,1,3,1759.36,5278.08
4764,1899,4,4,468.12,1872.48
4765,1899,7,3,629.12,1887.36
4766,1900,6,2,136.71,273.42
4767,1900,20,3,192.82,578.46
4768,1900,6,4,129.42,517.68
4769,1900,9,4,1926.3,7705.2
4770,1901,8,2,468.83,937.66
4771,1901,18,2,1646.48,3292.96
4772,1902,3,3,822.47,2467.41
4773,1903,12,3,257.33,771.99
4774,1903,14,1,145.67,145.67
4775,1903,18,3,1469.84,4409.52
4776,1904,14,3,156.96,470.88
4777,1904,5,4,155.33,621.32
4778,1904,8,4,519.61,2078.44
4779,1904,11,4,868.01,3472.04
4780,1905,10,3,945.47,2836.41
4781,1905,19,2,1233.64,2467.28
4782,1905,1,3,1618.53,4855.59
4783,1906,5,4,197.6,790.4
4784,1906,9,3,1758.2,5274.6
4785,1906,7,4,568.15,2272.6
4786,1906,19,1,1277.85,1277.85
4787,1907,19,1,1033.37,1033.37
4788,1907,8,1,500.55,500.55
4789,1907,15,3,885.5,2656.5
4790,1908,7,2,548.66,1097.32
4791,1908,13,3,472.06,1416.18
4792,1908,19,2,1188.56,2377.12
4793,1909,4,2,439.58,879.16
4794,1910,15,1,779.64,779.64
4795,1910,7,1,653.88,653.88
4796,1910,17,3,1731.08,5193.24
4797,1911,3,1,1022.25,1022.25
4798,1912,3,3,1021.43,3064.29
4799,1913,6,4,112.66,450.64
4800,1913,15,3,1007.84,3023.52
4801,1913,16,2,1099.27,2198.54
4802,1913,11,2,817.09,1634.18
4803,1914,8,3,583.54,1750.62
4804,1915,5,6,196.66,1179.96
4805,1915,20,2,234.04,468.08
4806,1916,12,5,245.59,1227.95
4807,1916,10,3,768.11,2304.33
4808,1917,6,1,107.91,107.91
4809,1917,1,2,2177.35,4354.7
4810,1917,4,3,407.17,1221.51
4811,1918,5,1,197.81,197.81
4812,1918,12,1,235.61,235.61
4813,1919,2,3,881.72,2645.16
4814,1919,10,1,717.23,717.23
4815,1919,11,2,830.8,1661.6
4816,1919,2,4,713.09,2852.36
4817,1920,10,2,914.15,1828.3
4818,1920,13,3,510.41,1531.23
4819,1921,19,6,1412.56,8475.36
4820,1922,15,2,825.61,1651.22
4821,1922,13,2,432.81,865.62
4822,1923,4,6,428.52,2571.12
4823,1923,6,3,122.2,366.6
4824,1923,19,6,1086.87,6521.22
4825,1923,17,1,1831.53,1831.53
4826,1924,16,6,1161.38,6968.28
4827,1925,2,2,696.51,1393.02
4828,1925,18,4,1616.17,6464.68
4829,1925,3,1,866.06,866.06
4830,1925,10,3,986.96,2960.88
4831,1926,6,2,121.16,242.32
4832,1926,6,2,118.88,237.76
4833,1926,7,1,702.44,702.44
4834,1927,6,6,110.24,661.44
4835,1928,18,4,1467.94,5871.76
4836,1928,14,4,125.98,503.92
4837,1928,4,4,463.8,1855.2
4838,1928,7,5,604.87,3024.35
4839,1929,17,6,2247.21,13483.26
4840,1929,16,2,1223.83,2447.66
4841,1929,20,2,192.39,384.78
4842,1930,19,3,1302.54,3907.62
4843,1930,2,4,782.14,3128.56
4844,1930,4,5,338.71,1693.55
4845,1930,7,3,648.57,1945.71
4846,1931,4,3,415.05,1245.15
4847,1931,2,4,727.93,2911.72
4848,1931,18,2,1574.12,3148.24
4849,1931,12,6,218.78,1312.68
4850,1932,11,4,1037.76,4151.04
4851,1932,12,2,283.5,567.0
4852,1932,12,2,257.02,514.04
4853,1933,13,6,515.75,3094.5
4854,1934,10,2,724.05,1448.1
4855,1934,14,3,122.86,368.58
4856,1934,14,1,140.85,140.85
4857,1934,10,2,728.76,1457.52
4858,1935,7,1,601.95,601.95
4859,1935,7,2,590.93,1181.86
4860,1936,11,3,947.74,2843.22
4861,1936,14,1,157.47,157.47
4862,1936,17,2,2171.17,4342.34
4863,1937,16,2,1154.24,2308.48
4864,1937,5,3,185.0,555.0
4865,1938,18,2,1853.13,3706.26
4866,1938,14,4,137.99,551.96
4867,1938,7,2,700.15,1400.3
4868,1939,2,2,812.69,1625.38
4869,1939,16,3,1283.56,3850.68
4870,1940,19,4,1070.27,4281.08
4871,1941,17,4,2259.32,9037.28
4872,1941,20,2,235.97,471.94
4873,1941,12,3,263.64,790.92
4874,1941,16,3,1261.95,3785.85
4875,1942,1,1,1688.27,1688.27
4876,1942,11,2,823.8,1647.6
4877,1942,5,4,201.35,805.4
4878,1942,11,2,1052.53,2105.06
4879,1943,17,2,1838.65,3677.3
4880,1943,11,3,1084.11,3252.33
4881,1943,10,2,938.07,1876.14
4882,1943,5,3,154.92,464.76
4883,1944,9,3,1875.0,5625.0
4884,1944,17,1,2186.22,2186.22
4885,1945,5,4,167.91,671.64
4886,1945,7,2,658.37,1316.74
4887,1945,14,2,142.41,284.82
4888,1946,15,2,977.39,1954.78
4889,1946,3,1,801.92,801.92
4890,1946,3,3,984.52,2953.56
4891,1946,20,4,196.96,787.84
4892,1947,10,4,830.16,3320.64
4893,1948,14,5,158.48,792.4
4894,1949,4,2,414.8,829.6
4895,1950,9,1,2188.79,2188.79
4896,1950,19,4,1414.81,5659.24
4897,1950,2,3,746.46,2239.38
4898,1950,1,2,1714.07,3428.14
4899,1951,14,4,134.54,538.16
4900,1952,9,1,1765.27,1765.27
4901,1952,7,2,570.64,1141.28
4902,1952,15,1,1015.17,1015.17
4903,1952,7,2,717.09,1434.18
4904,1953,18,1,1951.86,1951.86
4905,1954,12,2,251.22,502.44
4906,1955,17,3,2088.27,6264.81
4907,1955,13,3,486.14,1458.42
4908,1955,17,1,1761.87,1761.87
4909,1955,4,3,459.85,1379.55
4910,1956,5,2,159.58,319.16
4911,1957,1,4,2156.64,8626.56
4912,1957,11,4,965.76,3863.04
4913,1957,18,2,1689.14,3378.28
4914,1957,15,6,890.1,5340.6
4915,1958,16,2,995.26,1990.52
4916,1958,1,2,1898.41,3796.82
4917,1958,16,4,1044.22,4176.88
4918,1959,9,3,1778.64,5335.92
4919,1960,19,4,1352.35,5409.4
4920,1960,11,2,995.02,1990.04
4921,1960,17,4,2041.08,8164.32
4922,1960,19,1,1398.28,1398.28
4923,1961,10,2,874.55,1749.1
4924,1961,10,1,801.44,801.44
4925,1961,10,5,777.05,3885.25
4926,1962,12,2,242.16,484.32
4927,1962,12,2,229.72,459.44
4928,1962,20,3,228.82,686.46
4929,1963,8,6,548.51,3291.06
4930,1964,11,1,1034.03,1034.03
4931,1964,4,1,380.25,380.25
4932,1965,17,3,1943.97,5831.91
4933,1965,16,5,1265.02,6325.1
4934,1965,5,4,200.15,800.6
4935,1965,15,2,936.55,1873.1
4936,1966,16,3,1012.84,3038.52
4937,1966,14,3,160.95,482.85
4938,1966,5,1,158.02,158.02
4939,1967,10,4,930.63,3722.52
4940,1968,18,2,1670.1,3340.2
4941,1969,18,1,1606.96,1606.96
4942,1969,9,4,1885.86,7543.44
4943,1969,3,2,996.23,1992.46
4944,1970,18,4,1556.31,6225.24
4945,1970,3,3,872.39,2617.17
4946,1970,8,1,624.55,624.55
4947,1970,15,5,919.07,4595.35
4948,1971,2,2,743.13,1486.26
4949,1972,20,1,193.69,193.69
4950,1972,16,4,1089.97,4359.88
4951,1972,15,2,977.37,1954.74
4952,1972,9,2,2036.31,4072.62
4953,1973,16,4,1055.53,4222.12
4954,1973,15,4,837.15,3348.6
4955,1973,8,1,469.96,469.96
4956,1974,6,3,123.53,370.59
4957,1975,9,2,1807.28,3614.56
4958,1975,14,4,122.83,491.32
4959,1975,10,3,717.8,2153.4
4960,1976,8,5,593.18,2965.9
4961,1976,4,2,463.51,927.02
4962,1976,17,5,2009.26,10046.3
4963,1976,1,2,1828.97,3657.94
4964,1977,16,2,1031.32,2062.64
4965,1977,18,3,1433.15,4299.45
4966,1977,15,2,984.21,1968.42
4967,1977,18,2,1471.31,2942.62
4968,1978,9,3,2385.21,7155.63
4969,1978,9,2,1977.69,3955.38
4970,1978,10,3,854.21,2562.63
4971,1978,9,3,1977.5,5932.5
4972,1979,3,1,948.24,948.24
4973,1979,20,3,252.32,756.96
4974,1980,1,3,2013.71,6041.13
4975,1981,10,3,776.62,2329.86
4976,1981,8,2,586.26,1172.52
4977,1981,13,5,403.33,2016.65
4978,1982,14,4,148.57,594.28
4979,1982,14,3,146.79,440.37
4980,1982,19,5,1276.13,6380.65
4981,1982,11,3,847.26,2541.78
4982,1983,8,3,456.19,1368.57
4983,1983,14,2,122.98,245.96
4984,1984,6,2,135.28,270.56
4985,1984,1,2,2058.78,4117.56
4986,1984,8,3,570.93,1712.79
4987,1984,15,2,928.47,1856.94
4988,1985,8,5,614.87,3074.35
4989,1985,7,3,578.34,1735.02
4990,1985,3,3,876.54,2629.62
4991,1985,17,3,1708.72,5126.16
4992,1986,18,2,1626.04,3252.08
4993,1986,16,3,1088.46,3265.38
4994,1987,2,2,916.63,1833.26
4995,1987,2,2,879.64,1759.28
4996,1988,6,2,105.13,210.26
4997,1988,20,4,207.98,831.92
4998,1989,2,4,912.72,3650.88
4999,1990,9,3,1762.26,5286.78
5000,1990,1,2,2029.97,4059.94
5001,1990,19,6,1097.4,6584.4
5002,1990,18,3,1467.38,4402.14
5003,1991,1,2,2068.68,4137.36
5004,1991,16,1,1046.66,1046.66
5005,1992,7,4,580.88,2323.52
5006,1993,6,6,130.3,781.8
5007,1994,3,5,870.34,4351.7
5008,1994,16,4,1011.79,4047.16
5009,1994,13,1,449.7,449.7
5010,1994,17,1,2100.13,2100.13
5011,1995,14,5,135.44,677.2
5012,1995,9,3,1981.72,5945.16
5013,1995,19,2,1210.93,2421.86
5014,1995,10,2,892.44,1784.88
5015,1996,6,5,100.52,502.6
5016,1997,3,2,962.69,1925.38
5017,1997,16,2,1218.02,2436.04
5018,1997,1,6,2191.29,13147.74
5019,1998,17,1,1862.93,1862.93
5020,1998,7,2,542.15,1084.3
5021,1998,12,3,281.92,845.76
5022,1998,1,3,1757.94,5273.82
5023,1999,14,4,123.42,493.68
5024,1999,14,4,135.68,542.72
5025,1999,14,1,162.89,162.89
5026,1999,4,2,449.72,899.44
5027,2000,11,5,985.31,4926.55
5028,2000,14,3,122.75,368.25
5029,2001,10,4,838.6,3354.4
5030,2001,14,3,120.66,361.98
5031,2001,2,2,756.03,1512.06
5032,2001,14,1,163.66,163.66
5033,2002,9,5,1952.66,9763.3
5034,2003,7,3,679.77,2039.31
5035,2003,19,3,1403.14,4209.42
5036,2003,18,1,1866.67,1866.67
5037,2004,17,2,2014.34,4028.68
5038,2004,8,2,494.36,988.72
5039,2005,17,5,2134.71,10673.55
5040,2005,7,1,625.51,625.51
5041,2005,5,3,189.54,568.62
5042,2006,7,2,693.47,1386.94
5043,2007,14,1,141.64,141.64
5044,2007,4,3,465.91,1397.73
5045,2008,7,4,526.63,2106.52
5046,2008,17,2,1942.67,3885.34
5047,2009,15,3,1007.47,3022.41
5048,2009,7,2,628.36,1256.72
5049,2009,17,3,2284.08,6852.24
5050,2009,10,2,748.46,1496.92
5051,2010,11,1,970.04,970.04
5052,2010,2,2,787.85,1575.7
5053,2010,17,3,2296.86,6890.58
5054,2011,19,4,1379.37,5517.48
5055,2012,12,2,216.4,432.8
5056,2012,20,4,207.01,828.04
5057,2013,14,4,142.47,569.88
5058,2013,8,1,570.62,570.62
5059,2013,5,2,157.68,315.36
5060,2013,18,1,1726.73,1726.73
5061,2014,5,2,159.91,319.82
5062,2014,4,2,413.02,826.04
5063,2014,2,3,855.63,2566.89
5064,2014,12,1,256.13,256.13
5065,2015,19,3,1346.37,4039.11
5066,2015,15,4,792.97,3171.88
5067,2016,20,2,233.37,466.74
5068,2017,16,1,1120.26,1120.26
5069,2017,4,2,433.25,866.5
5070,2017,17,2,2016.93,4033.86
5071,2018,18,4,1565.53,6262.12
5072,2018,15,4,787.04,3148.16
5073,2018,2,5,746.1,3730.5
5074,2019,15,4,991.18,3964.72
5075,2019,5,4,209.72,838.88
5076,2020,17,3,1744.1,5232.3
5077,2021,1,2,1975.73,3951.46
5078,2021,4,3,462.13,1386.39
5079,2022,5,3,206.01,618.03
5080,2022,1,3,2086.36,6259.08
5081,2022,2,3,681.06,2043.18
5082,2023,3,6,844.57,5067.42
5083,2024,2,6,837.42,5024.52
5084,2025,19,3,1321.0,3963.0
5085,2025,20,6,242.58,1455.48
5086,2025,17,3,2188.78,6566.34
5087,2025,14,3,148.0,444.0
5088,2026,10,3,823.5,2470.5
5089,2026,16,1,1281.38,1281.38
5090,2026,20,2,222.08,444.16
5091,2026,19,3,1037.08,3111.24
5092,2027,10,3,973.53,2920.59
5093,2027,19,2,1352.37,2704.74
5094,2028,10,4,805.61,3222.44
5095,2029,13,1,494.61,494.61
5096,2029,11,4,973.64,3894.56
5097,2029,19,3,1029.54,3088.62
5098,2030,3,3,862.26,2586.78
5099,2030,11,1,918.3,918.3
5100,2031,5,3,189.27,567.81
5101,2031,7,5,537.84,2689.2
5102,2032,9,2,2104.49,4208.98
5103,2032,2,2,851.28,1702.56
5104,2033,1,5,2054.7,10273.5
5105,2034,18,3,1739.14,5217.42
5106,2035,6,3,128.07,384.21
5107,2035,11,4,1027.36,4109.44
5108,2036,19,4,1130.62,4522.48
5109,2036,19,1,1219.6,1219.6
5110,2036,6,5,127.4,637.0
5111,2036,19,2,1073.5,2147.0
5112,2037,3,2,941.77,1883.54
5113,2037,16,1,1065.9,1065.9
5114,2037,8,4,480.38,1921.52
5115,2038,2,2,736.66,1473.32
5116,2039,3,4,835.03,3340.12
5117,2039,20,3,256.18,768.54
5118,2039,12,2,225.45,450.9
5119,2039,17,2,1804.57,3609.14
5120,2040,2,2,737.05,1474.1
5121,2040,13,5,502.91,2514.55
5122,2040,17,2,1869.65,3739.3
5123,2040,2,3,716.83,2150.49
5124,2041,12,3,248.44,745.32
5125,2042,10,1,775.07,775.07
5126,2042,11,5,970.8,4854.0
5127,2042,12,1,255.7,255.7
5128,2043,17,4,2179.85,8719.4
5129,2044,1,4,1752.92,7011.68
5130,2044,15,6,799.93,4799.58
5131,2044,15,4,1001.07,4004.28
5132,2045,17,1,2086.21,2086.21
5133,2046,18,4,1909.12,7636.48
5134,2047,19,4,1187.08,4748.32
5135,2047,20,1,208.74,208.74
5136,2047,8,2,471.36,942.72
5137,2048,4,4,451.79,1807.16
5138,2048,3,4,987.76,3951.04
5139,2048,16,3,1218.38,3655.14
5140,2048,7,1,546.64,546.64
5141,2049,10,6,821.19,4927.14
5142,2049,15,3,861.88,2585.64
5143,2049,17,3,1834.23,5502.69
5144,2049,10,4,746.93,2987.72
5145,2050,2,5,699.9,3499.5
5146,2050,13,2,532.06,1064.12
5147,2051,19,2,1077.17,2154.34
5148,2051,4,2,446.8,893.6
5149,2051,10,3,787.85,2363.55
5150,2052,8,4,601.5,2406.0
5151,2052,9,1,2358.11,2358.11
5152,2052,11,1,836.65,836.65
5153,2052,5,4,199.97,799.88
5154,2053,3,4,992.5,3970.0
5155,2053,4,3,452.86,1358.58
5156,2053,12,1,210.52,210.52
5157,2053,11,6,887.23,5323.38
5158,2054,16,6,1302.22,7813.32
5159,2055,4,4,421.23,1684.92
5160,2056,14,2,143.36,286.72
5161,2057,1,3,1663.26,4989.78
5162,2057,3,2,967.76,1935.52
5163,2057,14,2,119.46,238.92
5164,2058,15,3,749.33,2247.99
5165,2059,9,2,1789.06,3578.12
5166,2059,10,2,867.69,1735.38
5167,2059,7,2,661.19,1322.38
5168,2060,3,4,826.41,3305.64
5169,2060,12,1,264.26,264.26
5170,2060,6,1,123.66,123.66
5171,2060,7,4,553.28,2213.12
5172,2061,19,4,1379.56,5518.24
5173,2061,10,1,735.75,735.75
5174,2061,16,4,1204.85,4819.4
5175,2061,16,3,1203.11,3609.33
5176,2062,20,6,250.31,1501.86
5177,2063,13,2,405.77,811.54
5178,2063,10,3,824.76,2474.28
5179,2064,4,5,358.25,1791.25
5180,2064,14,2,143.53,287.06
5181,2064,6,5,130.41,652.05
5182,2064,7,2,558.2,1116.4
5183,2065,16,2,967.92,1935.84
5184,2066,13,4,522.6,2090.4
5185,2066,19,4,1420.92,5683.68
5186,2066,6,4,133.67,534.68
5187,2067,17,5,2308.11,11540.55
5188,2067,2,3,891.09,2673.27
5189,2067,17,3,1796.75,5390.25
5190,2067,17,4,2079.33,8317.32
5191,2068,4,2,422.49,844.98
5192,2068,8,3,456.52,1369.56
5193,2068,4,1,464.96,464.96
5194,2068,20,2,232.26,464.52
5195,2069,15,1,846.88,846.88
5196,2069,2,1,902.34,902.34
5197,2069,3,3,794.18,2382.54
5198,2070,10,3,823.35,2470.05
5199,2070,15,2,848.58,1697.16
5200,2071,13,4,468.85,1875.4
5201,2071,15,6,928.2,5569.2
5202,2071,2,1,721.11,721.11
5203,2072,8,2,626.31,1252.62
5204,2072,5,1,173.51,173.51
5205,2073,7,5,693.49,3467.45
5206,2073,11,2,953.58,1907.16
5207,2073,15,3,804.49,2413.47
5208,2073,5,4,191.36,765.44
5209,2074,11,3,827.61,2482.83
5210,2074,12,2,239.91,479.82
5211,2075,1,3,2139.08,6417.24
5212,2075,1,3,2037.35,6112.05
5213,2076,17,2,2069.73,4139.46
5214,2076,7,4,628.58,2514.32
5215,2077,19,6,1146.19,6877.14
5216,2078,15,5,953.52,4767.6
5217,2078,14,4,156.19,624.76
5218,2079,14,5,121.82,609.1
5219,2079,12,1,216.39,216.39
5220,2080,13,3,479.35,1438.05
5221,2080,11,4,1049.14,4196.56
5222,2080,4,6,396.14,2376.84
5223,2081,14,1,157.19,157.19
5224,2082,4,2,416.22,832.44
5225,2083,14,4,131.72,526.88
5226,2084,16,4,1158.75,4635.0
5227,2085,14,3,163.92,491.76
5228,2086,5,3,155.59,466.77
5229,2087,20,2,199.18,398.36
5230,2087,13,3,456.34,1369.02
5231,2088,13,2,433.48,866.96
5232,2088,12,3,267.92,803.76
5233,2088,1,2,2062.92,4125.84
5234,2088,1,3,2012.53,6037.59
5235,2089,16,2,1020.88,2041.76
5236,2089,7,2,642.54,1285.08
5237,2090,7,2,648.29,1296.58
5238,2090,3,2,950.07,1900.14
5239,2090,2,5,722.57,3612.85
5240,2090,8,2,594.95,1189.9
5241,2091,2,3,805.8,2417.4
5242,2091,6,2,138.48,276.96
5243,2092,1,4,1622.22,6488.88
5244,2092,11,3,903.34,2710.02
5245,2092,10,1,881.68,881.68
5246,2093,6,1,111.48,111.48
5247,2094,19,3,1087.48,3262.44
5248,2095,18,2,1490.24,2980.48
5249,2095,13,1,453.11,453.11
5250,2095,9,4,2356.86,9427.44
5251,2096,9,3,2345.67,7037.01
5252,2096,18,2,1570.18,3140.36
5253,2097,19,2,1239.63,2479.26
5254,2097,2,4,857.34,3429.36
5255,2097,18,4,1534.23,6136.92
5256,2098,8,3,543.43,1630.29
5257,2098,10,4,884.03,3536.12
5258,2099,10,2,948.77,1897.54
5259,2099,14,2,125.07,250.14
5260,2099,8,2,456.42,912.84
5261,2100,7,2,570.39,1140.78
5262,2100,16,2,1166.74,2333.48
5263,2101,20,3,257.65,772.95
5264,2101,5,1,200.47,200.47
5265,2101,13,2,420.45,840.9
5266,2101,12,2,235.91,471.82
5267,2102,3,2,762.6,1525.2
5268,2103,20,5,213.11,1065.55
5269,2103,13,1,520.16,520.16
5270,2103,3,5,755.21,3776.05
5271,2104,9,2,2290.6,4581.2
5272,2104,9,4,1848.41,7393.64
5273,2104,16,4,1290.78,5163.12
5274,2104,18,2,1452.85,2905.7
5275,2105,12,2,232.98,465.96
5276,2105,12,3,212.9,638.7
5277,2105,11,3,950.57,2851.71
5278,2105,4,5,442.92,2214.6
5279,2106,7,3,720.68,2162.04
5280,2107,4,2,463.57,927.14
5281,2107,12,3,246.92,740.76
5282,2107,13,6,540.79,3244.74
5283,2107,10,1,900.44,900.44
5284,2108,18,6,1854.41,11126.46
5285,2108,18,2,1791.81,3583.62
5286,2109,4,1,356.21,356.21
5287,2110,7,2,653.48,1306.96
5288,2110,14,2,125.63,251.26
5289,2110,2,2,854.18,1708.36
5290,2110,2,4,686.91,2747.64
5291,2111,7,3,580.13,1740.39
5292,2111,9,2,1746.98,3493.96
5293,2111,18,4,1747.55,6990.2
5294,2112,14,2,135.66,271.32
5295,2113,8,1,543.2,543.2
5296,2113,15,4,772.12,3088.48
5297,2113,18,5,1441.0,7205.0
5298,2113,17,3,1976.98,5930.94
5299,2114,12,5,252.67,1263.35
5300,2114,8,3,610.05,1830.15
5301,2115,3,2,869.14,1738.28
5302,2115,5,3,208.42,625.26
5303,2115,15,1,740.73,740.73
5304,2116,14,4,132.83,531.32
5305,2117,16,2,1225.55,2451.1
5306,2117,14,2,148.29,296.58
5307,2118,13,3,417.75,1253.25
5308,2118,5,4,195.88,783.52
5309,2118,17,5,1857.37,9286.85
5310,2118,18,4,1850.51,7402.04
5311,2119,20,2,233.64,467.28
5312,2119,1,2,1664.4,3328.8
5313,2120,13,1,508.03,508.03
5314,2121,13,3,458.24,1374.72
5315,2121,1,3,1836.93,5510.79
5316,2121,5,2,207.81,415.62
5317,2122,20,2,189.11,378.22
5318,2122,17,6,1971.99,11831.94
5319,2122,20,1,224.65,224.65
5320,2123,13,3,407.52,1222.56
5321,2123,3,3,764.33,2292.99
5322,2123,5,2,155.01,310.02
5323,2124,8,4,453.92,1815.68
5324,2124,4,2,449.37,898.74
5325,2124,19,4,1316.61,5266.44
5326,2124,3,5,876.39,4381.95
5327,2125,8,3,484.85,1454.55
5328,2125,12,1,232.73,232.73
5329,2126,12,2,253.53,507.06
5330,2126,18,3,1739.8,5219.4
5331,2126,20,3,254.97,764.91
5332,2127,19,1,1333.72,1333.72
5333,2128,20,2,244.69,489.38
5334,2128,6,1,136.19,136.19
5335,2129,20,2,253.28,506.56
5336,2129,6,2,122.3,244.6
5337,2129,11,2,1010.42,2020.84
5338,2129,9,2,2343.45,4686.9
5339,2130,3,6,975.34,5852.04
5340,2130,4,4,396.66,1586.64
5341,2131,18,1,1772.67,1772.67
5342,2131,1,1,2037.84,2037.84
5343,2132,19,2,1136.77,2273.54
5344,2132,12,3,250.65,751.95
5345,2133,13,2,539.78,1079.56
5346,2133,12,2,207.77,415.54
5347,2133,12,1,258.49,258.49
5348,2133,2,5,926.92,4634.6
5349,2134,4,3,434.86,1304.58
5350,2135,14,2,136.0,272.0
5351,2135,15,2,748.6,1497.2
5352,2135,8,4,472.38,1889.52
5353,2136,10,2,918.4,1836.8
5354,2136,14,2,148.22,296.44
5355,2136,10,2,925.05,1850.1
5356,2137,20,3,222.25,666.75
5357,2137,14,3,154.99,464.97
5358,2137,9,2,2008.63,4017.26
5359,2138,19,1,1161.51,1161.51
5360,2138,3,3,832.32,2496.96
5361,2138,3,2,750.8,1501.6
5362,2139,3,3,991.9,2975.7
5363,2139,17,6,1826.66,10959.96
5364,2139,1,6,2165.79,12994.74
5365,2139,19,3,1294.75,3884.25
5366,2140,12,1,246.0,246.0
5367,2140,12,2,209.52,419.04
5368,2140,6,6,105.14,630.84
5369,2141,5,4,210.62,842.48
5370,2141,17,4,1742.78,6971.12
5371,2141,12,2,208.98,417.96
5372,2141,13,2,520.58,1041.16
5373,2142,10,2,775.31,1550.62
5374,2143,14,3,160.32,480.96
5375,2143,17,2,1739.66,3479.32
5376,2143,5,6,194.86,1169.16
5377,2143,16,4,1156.31,4625.24
5378,2144,10,5,873.88,4369.4
5379,2144,11,1,934.4,934.4
5380,2144,8,2,542.77,1085.54
5381,2145,3,3,776.62,2329.86
5382,2146,2,2,706.93,1413.86
5383,2146,19,1,1093.94,1093.94
5384,2146,10,5,847.06,4235.3
5385,2146,12,3,276.34,829.02
5386,2147,9,2,1962.65,3925.3
5387,2147,2,4,866.31,3465.24
5388,2147,8,2,621.01,1242.02
5389,2147,1,3,1769.15,5307.45
5390,2148,17,4,1749.08,6996.32
5391,2149,15,2,770.13,1540.26
5392,2150,6,1,100.34,100.34
5393,2150,18,6,1549.16,9294.96
5394,2150,3,3,759.57,2278.71
5395,2150,12,2,260.56,521.12
5396,2151,17,4,1792.05,7168.2
5397,2151,4,2,350.77,701.54
5398,2151,5,4,203.02,812.08
5399,2151,14,4,133.5,534.0
5400,2152,6,2,103.17,206.34
5401,2152,16,6,1152.13,6912.78
5402,2153,2,2,773.74,1547.48
5403,2153,19,6,1205.1,7230.6
5404,2153,16,3,1004.74,3014.22
5405,2153,19,3,1075.48,3226.44
5406,2154,18,3,1824.82,5474.46
5407,2154,11,5,804.45,4022.25
5408,2155,10,1,890.98,890.98
5409,2155,2,2,690.94,1381.88
5410,2156,12,5,273.58,1367.9
5411,2157,20,2,207.49,414.98
5412,2158,17,1,2270.13,2270.13
5413,2158,13,4,404.04,1616.16
5414,2158,9,2,2191.75,4383.5
5415,2158,1,3,1656.99,4970.97
5416,2159,15,1,970.78,970.78
5417,2160,13,3,400.86,1202.58
5418,2161,5,1,171.39,171.39
5419,2162,8,1,530.92,530.92
5420,2162,6,3,100.78,302.34
5421,2162,2,2,877.68,1755.36
5422,2162,6,2,122.5,245.0
5423,2163,3,2,943.75,1887.5
5424,2163,19,4,1210.27,4841.08
5425,2163,1,5,2097.13,10485.65
5426,2163,13,2,535.45,1070.9
5427,2164,7,2,582.21,1164.42
5428,2164,5,5,196.13,980.65
5429,2164,13,1,503.11,503.11
5430,2165,20,2,227.76,455.52
5431,2165,16,1,1323.27,1323.27
5432,2165,3,3,966.43,2899.29
5433,2165,5,4,175.46,701.84
5434,2166,11,3,913.98,2741.94
5435,2167,5,4,207.74,830.96
5436,2167,6,2,103.81,207.62
5437,2167,16,3,1113.61,3340.83
5438,2167,1,2,1990.48,3980.96
5439,2168,11,1,1017.03,1017.03
5440,2168,20,2,246.17,492.34
5441,2168,18,1,1696.35,1696.35
5442,2169,9,2,1932.35,3864.7
5443,2169,2,3,820.4,2461.2
5444,2170,2,2,811.86,1623.72
5445,2170,15,1,733.31,733.31
5446,2170,7,3,552.81,1658.43
5447,2170,7,2,702.95,1405.9
5448,2171,3,2,926.38,1852.76
5449,2171,17,1,2002.36,2002.36
5450,2171,15,2,772.06,1544.12
5451,2172,12,4,212.24,848.96
5452,2172,9,2,2138.61,4277.22
5453,2172,14,3,125.91,377.73
5454,2173,7,4,527.32,2109.28
5455,2173,4,1,398.53,398.53
5456,2174,16,2,1274.81,2549.62
5457,2174,5,1,164.9,164.9
5458,2174,17,1,2294.3,2294.3
5459,2174,4,3,347.43,1042.29
5460,2175,15,2,921.28,1842.56
5461,2175,3,4,745.09,2980.36
5462,2175,10,2,714.23,1428.46
5463,2175,5,3,202.11,606.33
5464,2176,18,1,1889.98,1889.98
5465,2176,11,2,969.7,1939.4
5466,2176,6,1,125.26,125.26
5467,2177,19,4,1296.06,5184.24
5468,2178,6,4,125.6,502.4
5469,2178,18,6,1453.12,8718.72
5470,2178,2,5,868.39,4341.95
5471,2179,12,1,282.36,282.36
5472,2180,16,1,1005.64,1005.64
5473,2180,12,4,260.23,1040.92
5474,2181,4,4,340.34,1361.36
5475,2181,4,3,461.1,1383.3
5476,2181,9,5,1957.14,9785.7
5477,2182,18,2,1512.27,3024.54
5478,2183,12,1,254.28,254.28
5479,2184,7,2,684.31,1368.62
5480,2184,1,4,1885.21,7540.84
5481,2185,20,4,220.08,880.32
5482,2186,5,3,160.01,480.03
5483,2186,17,3,2083.03,6249.09
5484,2186,2,5,826.61,4133.05
5485,2186,7,4,718.07,2872.28
5486,2187,5,4,173.56,694.24
5487,2187,5,2,164.42,328.84
5488,2187,2,4,868.9,3475.6
5489,2187,10,3,859.82,2579.46
5490,2188,1,2,1684.94,3369.88
5491,2189,13,2,431.4,862.8
5492,2189,2,4,871.87,3487.48
5493,2190,7,2,628.06,1256.12
5494,2191,2,2,911.06,1822.12
5495,2191,10,2,718.79,1437.58
5496,2191,19,3,1153.96,3461.88
5497,2191,5,2,172.15,344.3
5498,2192,16,3,973.37,2920.11
5499,2192,10,3,812.15,2436.45
5500,2192,2,2,829.87,1659.74
5501,2193,12,3,270.44,811.32
5502,2193,8,2,588.32,1176.64
5503,2194,13,5,528.01,2640.05
5504,2194,4,2,396.33,792.66
5505,2195,3,1,1007.52,1007.52
5506,2195,11,2,1084.93,2169.86
5507,2195,8,5,554.17,2770.85
5508,2196,20,3,240.42,721.26
5509,2197,20,2,211.21,422.42
5510,2197,2,4,932.89,3731.56
5511,2198,2,4,798.59,3194.36
5512,2198,20,4,229.56,918.24
5513,2198,14,2,131.36,262.72
5514,2199,3,2,764.51,1529.02
5515,2199,10,3,855.24,2565.72
5516,2199,17,1,1968.65,1968.65
5517,2199,1,1,1913.23,1913.23
5518,2200,19,2,1128.8,2257.6
5519,2200,3,2,871.3,1742.6
5520,2200,4,2,386.31,772.62
5521,2201,17,2,1969.77,3939.54
5522,2201,11,2,964.09,1928.18
5523,2201,1,1,1645.72,1645.72
5524,2201,4,3,400.17,1200.51
5525,2202,10,2,849.87,1699.74
5526,2203,11,2,823.47,1646.94
5527,2203,16,2,1016.67,2033.34
5528,2203,6,3,125.93,377.79
5529,2204,10,1,957.83,957.83
5530,2205,4,5,434.35,2171.75
5531,2205,1,4,2067.21,8268.84
5532,2206,2,3,790.35,2371.05
5533,2206,15,3,745.97,2237.91
5534,2206,11,2,888.3,1776.6
5535,2207,19,4,1335.44,5341.76
5536,2207,3,2,968.15,1936.3
5537,2207,2,3,678.55,2035.65
5538,2208,7,5,710.31,3551.55
5539,2208,1,4,1757.08,7028.32
5540,2208,2,2,834.07,1668.14
5541,2208,1,1,1730.55,1730.55
5542,2209,2,2,756.31,1512.62
5543,2209,18,3,1590.68,4772.04
5544,2210,4,1,404.53,404.53
5545,2211,11,2,870.39,1740.78
5546,2212,6,3,131.66,394.98
5547,2213,5,2,211.22,422.44
5548,2213,15,3,868.38,2605.14
5549,2213,2,2,921.73,1843.46
5550,2213,6,2,128.81,257.62
5551,2214,9,3,2104.88,6314.64
5552,2215,12,3,259.0,777.0
5553,2215,20,2,229.0,458.0
5554,2216,7,2,695.13,1390.26
5555,2216,9,6,1980.42,11882.52
5556,2216,7,1,580.49,580.49
5557,2217,20,4,207.7,830.8
5558,2217,11,1,1076.89,1076.89
5559,2217,11,2,857.79,1715.58
5560,2217,1,2,1682.02,3364.04
5561,2218,16,3,1147.49,3442.47
5562,2219,11,6,1053.58,6321.48
5563,2220,12,5,276.31,1381.55
5564,2220,9,2,2169.17,4338.34
5565,2221,12,2,268.71,537.42
5566,2221,2,5,717.93,3589.65
5567,2222,11,4,913.74,3654.96
5568,2223,16,2,1314.76,2629.52
5569,2223,13,2,457.51,915.02
5570,2224,5,3,205.83,617.49
5571,2224,12,2,259.2,518.4
5572,2224,13,3,518.6,1555.8
5573,2224,14,2,143.16,286.32
5574,2225,3,3,824.48,2473.44
5575,2225,12,1,234.35,234.35
5576,2225,14,2,121.74,243.48
5577,2225,10,1,927.46,927.46
5578,2226,8,2,479.03,958.06
5579,2226,17,6,1927.36,11564.16
5580,2226,10,3,966.7,2900.1
5581,2227,18,2,1813.26,3626.52
5582,2227,12,3,279.03,837.09
5583,2227,3,1,1022.85,1022.85
5584,2228,17,6,1757.57,10545.42
5585,2228,1,3,1704.17,5112.51
5586,2228,18,5,1671.13,8355.65
5587,2229,17,1,2199.03,2199.03
5588,2229,4,3,354.12,1062.36
5589,2229,18,3,1486.07,4458.21
5590,2229,11,2,1032.36,2064.72
5591,2230,19,3,1391.9,4175.7
5592,2231,2,2,790.56,1581.12
5593,2231,3,2,997.74,1995.48
5594,2232,5,4,208.0,832.0
5595,2232,9,5,2098.22,10491.1
5596,2232,9,3,1866.39,5599.17
5597,2233,7,4,573.11,2292.44
5598,2233,15,4,966.41,3865.64
5599,2233,18,2,1884.76,3769.52
5600,2234,8,1,540.62,540.62
5601,2234,9,3,2081.55,6244.65
5602,2234,17,3,1746.1,5238.3
5603,2234,13,1,515.13,515.13
5604,2235,4,2,395.84,791.68
5605,2235,8,3,538.95,1616.85
5606,2236,17,3,2012.89,6038.67
5607,2237,13,2,513.91,1027.82
5608,2237,17,3,1780.44,5341.32
5609,2238,14,4,118.05,472.2
5610,2238,19,1,1387.4,1387.4
5611,2239,11,3,907.2,2721.6
5612,2240,3,2,827.14,1654.28
5613,2241,15,3,923.7,2771.1
5614,2241,8,5,558.08,2790.4
5615,2241,1,1,1997.91,1997.91
5616,2241,8,1,465.28,465.28
5617,2242,6,2,111.79,223.58
5618,2242,8,3,578.26,1734.78
5619,2242,3,4,884.96,3539.84
5620,2243,20,2,251.26,502.52
5621,2243,14,3,122.57,367.71
5622,2244,10,1,764.5,764.5
5623,2245,6,3,133.02,399.06
5624,2246,10,2,789.27,1578.54
5625,2247,10,3,857.68,2573.04
5626,2247,9,2,1989.16,3978.32
5627,2247,16,3,1137.04,3411.12
5628,2247,19,3,1071.97,3215.91
5629,2248,20,2,213.98,427.96
5630,2249,1,2,1876.76,3753.52
5631,2250,4,4,465.01,1860.04
5632,2251,16,3,1045.9,3137.7
5633,2251,9,3,2295.99,6887.97
5634,2251,6,4,101.28,405.12
5635,2252,12,2,235.89,471.78
5636,2252,14,4,156.66,626.64
5637,2252,8,3,492.31,1476.93
5638,2253,5,2,177.34,354.68
5639,2254,7,2,591.58,1183.16
5640,2254,6,3,124.07,372.21
5641,2254,11,2,818.07,1636.14
5642,2254,5,2,190.67,381.34
5643,2255,12,2,214.24,428.48
5644,2255,5,1,204.28,204.28
5645,2255,7,2,705.14,1410.28
5646,2255,9,3,1834.4,5503.2
5647,2256,16,2,1328.24,2656.48
5648,2257,14,1,124.72,124.72
5649,2258,2,4,906.52,3626.08
5650,2259,15,2,999.7,1999.4
5651,2259,13,3,517.93,1553.79
5652,2259,10,4,759.55,3038.2
5653,2259,9,1,2273.44,2273.44
5654,2260,3,2,748.27,1496.54
5655,2260,19,4,1378.06,5512.24
5656,2260,4,2,443.79,887.58
5657,2261,4,4,345.9,1383.6
5658,2261,4,3,374.37,1123.11
5659,2262,3,2,835.09,1670.18
5660,2262,20,5,230.1,1150.5
5661,2262,16,4,1290.44,5161.76
5662,2263,18,3,1705.47,5116.41
5663,2263,17,3,1891.22,5673.66
5664,2264,15,1,870.86,870.86
5665,2264,11,2,804.01,1608.02
5666,2264,13,3,481.88,1445.64
5667,2264,6,5,121.85,609.25
5668,2265,18,2,1775.81,3551.62
5669,2265,18,1,1878.95,1878.95
5670,2266,19,1,1207.89,1207.89
5671,2266,17,2,1930.28,3860.56
5672,2266,13,2,452.05,904.1
5673,2266,4,2,351.44,702.88
5674,2267,3,2,875.25,1750.5
5675,2267,17,1,2312.28,2312.28
5676,2267,7,1,637.89,637.89
5677,2268,2,2,750.57,1501.14
5678,2269,13,2,405.54,811.08
5679,2269,18,5,1406.52,7032.6
5680,2270,2,4,696.07,2784.28
5681,2270,1,3,1818.18,5454.54
5682,2271,6,4,107.02,428.08
5683,2271,6,4,125.22,500.88
5684,2271,2,2,872.81,1745.62
5685,2272,8,1,521.22,521.22
5686,2272,9,3,1796.37,5389.11
5687,2273,11,1,871.53,871.53
5688,2273,6,3,113.79,341.37
5689,2273,20,4,213.24,852.96
5690,2274,10,2,738.02,1476.04
5691,2275,6,1,117.27,117.27
5692,2276,15,3,836.06,2508.18
5693,2277,12,1,285.69,285.69
5694,2278,19,2,1350.49,2700.98
5695,2278,15,4,911.78,3647.12
5696,2278,2,2,746.07,1492.14
5697,2279,9,1,2188.28,2188.28
5698,2279,13,2,409.53,819.06
5699,2279,2,2,812.84,1625.68
5700,2280,18,4,1777.92,7111.68
5701,2281,19,3,1229.35,3688.05
5702,2282,1,2,1755.16,3510.32
5703,2282,6,1,133.75,133.75
5704,2282,12,2,242.67,485.34
5705,2282,17,1,2045.82,2045.82
5706,2283,19,3,1200.6,3601.8
5707,2283,3,3,847.64,2542.92
5708,2284,12,2,260.78,521.56
5709,2285,17,2,2064.68,4129.36
5710,2286,10,3,907.52,2722.56
5711,2286,4,2,447.74,895.48
5712,2286,9,2,1826.41,3652.82
5713,2286,20,1,251.94,251.94
5714,2287,12,2,208.0,416.0
5715,2288,10,6,888.78,5332.68
5716,2288,11,2,805.54,1611.08
5717,2288,6,3,107.84,323.52
5718,2289,5,1,172.54,172.54
5719,2289,12,3,274.66,823.98
5720,2289,3,3,949.94,2849.82
5721,2289,3,1,913.8,913.8
5722,2290,20,4,234.63,938.52
5723,2290,10,2,781.65,1563.3
5724,2290,10,3,755.13,2265.39
5725,2291,7,4,690.49,2761.96
5726,2291,5,2,177.22,354.44
5727,2292,3,3,920.89,2762.67
5728,2292,10,4,724.03,2896.12
5729,2292,11,3,935.88,2807.64
5730,2293,8,4,625.04,2500.16
5731,2294,15,5,760.69,3803.45
5732,2294,11,1,946.46,946.46
5733,2294,13,2,425.84,851.68
5734,2295,14,1,138.17,138.17
5735,2296,11,4,937.05,3748.2
5736,2296,1,4,1646.49,6585.96
5737,2296,2,1,926.31,926.31
5738,2296,9,2,1791.69,3583.38
5739,2297,7,1,573.99,573.99
5740,2297,7,2,591.57,1183.14
5741,2297,2,2,757.49,1514.98
5742,2298,6,1,126.67,126.67
5743,2299,11,2,1032.65,2065.3
5744,2299,20,3,198.41,595.23
5745,2300,3,4,871.72,3486.88
5746,2300,2,4,821.09,3284.36
5747,2300,7,2,681.13,1362.26
5748,2300,18,2,1613.13,3226.26
5749,2301,1,2,1725.52,3451.04
5750,2301,15,2,773.02,1546.04
5751,2301,19,2,1238.88,2477.76
5752,2301,11,5,1041.48,5207.4
5753,2302,14,2,135.29,270.58
5754,2302,18,3,1604.68,4814.04
5755,2302,10,4,877.26,3509.04
5756,2302,2,2,800.48,1600.96
5757,2303,6,3,134.34,403.02
5758,2303,4,1,365.88,365.88
5759,2304,15,3,782.39,2347.17
5760,2304,13,5,479.17,2395.85
5761,2304,8,1,465.83,465.83
5762,2305,4,4,353.73,1414.92
5763,2305,12,4,213.73,854.92
5764,2306,3,3,881.81,2645.43
5765,2306,20,4,242.48,969.92
5766,2306,4,3,454.96,1364.88
5767,2307,16,1,1103.5,1103.5
5768,2308,3,2,906.81,1813.62
5769,2309,17,4,1888.77,7555.08
5770,2309,17,6,2108.84,12653.04
5771,2310,6,1,122.48,122.48
5772,2310,16,4,1327.67,5310.68
5773,2310,11,1,838.0,838.0
5774,2311,1,1,2012.62,2012.62
5775,2311,13,2,437.65,875.3
5776,2312,12,2,220.81,441.62
5777,2312,2,3,930.0,2790.0
5778,2312,13,3,492.99,1478.97
5779,2313,4,2,435.94,871.88
5780,2314,5,5,204.88,1024.4
5781,2314,7,4,705.19,2820.76
5782,2314,16,1,1042.15,1042.15
5783,2315,18,3,1551.84,4655.52
5784,2315,20,3,223.97,671.91
5785,2315,20,4,235.35,941.4
5786,2315,4,5,407.46,2037.3
5787,2316,16,3,1175.95,3527.85
5788,2316,13,2,457.29,914.58
5789,2317,7,3,697.67,2093.01
5790,2318,19,2,1095.03,2190.06
5791,2318,10,1,818.48,818.48
5792,2319,8,3,601.59,1804.77
5793,2319,19,5,1187.01,5935.05
5794,2320,3,4,747.23,2988.92
5795,2321,2,5,787.51,3937.55
5796,2321,7,2,564.95,1129.9
5797,2322,8,6,518.6,3111.6
5798,2322,18,3,1853.03,5559.09
5799,2322,17,2,2056.69,4113.38
5800,2322,2,2,737.23,1474.46
5801,2323,13,2,398.15,796.3
5802,2323,15,5,962.55,4812.75
5803,2324,17,2,1710.04,3420.08
5804,2325,19,4,1413.9,5655.6
5805,2325,6,3,115.04,345.12
5806,2326,8,2,505.66,1011.32
5807,2326,8,3,586.99,1760.97
5808,2327,14,2,131.37,262.74
5809,2328,11,2,854.17,1708.34
5810,2328,5,2,205.91,411.82
5811,2329,17,3,2332.22,6996.66
5812,2330,6,3,106.08,318.24
5813,2330,10,2,934.08,1868.16
5814,2331,20,1,250.56,250.56
5815,2331,10,2,932.33,1864.66
5816,2332,1,4,2100.11,8400.44
5817,2332,12,5,272.88,1364.4
5818,2332,4,2,423.28,846.56
5819,2333,20,4,240.35,961.4
5820,2333,1,4,2089.81,8359.24
5821,2333,13,3,508.39,1525.17
5822,2334,1,2,1620.61,3241.22
5823,2335,4,2,417.94,835.88
5824,2336,7,2,712.0,1424.0
5825,2336,3,1,807.04,807.04
5826,2336,12,4,250.53,1002.12
5827,2336,13,6,537.67,3226.02
5828,2337,5,3,155.13,465.39
5829,2338,9,2,2305.49,4610.98
5830,2338,17,3,1820.65,5461.95
5831,2339,5,1,171.5,171.5
5832,2340,9,4,1729.85,6919.4
5833,2340,1,2,1840.39,3680.78
5834,2341,18,3,1513.91,4541.73
5835,2342,16,2,1175.26,2350.52
5836,2343,17,2,2316.24,4632.48
5837,2343,1,6,2085.01,12510.06
5838,2343,11,2,964.57,1929.14
5839,2344,4,2,381.93,763.86
5840,2345,20,1,219.32,219.32
5841,2346,5,3,207.45,622.35
5842,2346,14,2,127.7,255.4
5843,2346,9,1,2023.34,2023.34
5844,2346,14,2,155.11,310.22
5845,2347,6,5,127.51,637.55
5846,2347,19,1,1240.39,1240.39
5847,2347,13,2,421.89,843.78
5848,2348,16,6,1166.63,6999.78
5849,2349,2,2,741.99,1483.98
5850,2349,7,3,642.05,1926.15
5851,2349,2,1,694.61,694.61
5852,2349,1,1,2217.34,2217.34
5853,2350,4,3,449.92,1349.76
5854,2351,5,2,187.75,375.5
5855,2351,2,5,732.08,3660.4
5856,2352,7,1,685.3,685.3
5857,2352,4,2,433.25,866.5
5858,2352,15,2,903.4,1806.8
5859,2353,9,1,2347.53,2347.53
5860,2353,11,5,826.16,4130.8
5861,2354,2,2,714.13,1428.26
5862,2354,20,2,209.27,418.54
5863,2355,16,3,1331.11,3993.33
5864,2356,7,2,671.01,1342.02
5865,2357,18,3,1475.61,4426.83
5866,2357,20,3,211.63,634.89
5867,2358,18,3,1458.26,4374.78
5868,2359,9,3,2032.19,6096.57
5869,2359,18,2,1518.67,3037.34
5870,2359,16,3,1313.11,3939.33
5871,2360,19,3,1349.17,4047.51
5872,2361,3,3,758.85,2276.55
5873,2362,7,5,634.97,3174.85
5874,2363,16,5,1107.94,5539.7
5875,2363,5,2,193.38,386.76
5876,2363,11,4,999.62,3998.48
5877,2364,19,3,1350.05,4050.15
5878,2364,13,3,495.01,1485.03
5879,2365,7,1,550.75,550.75
5880,2365,1,1,1663.93,1663.93
5881,2366,7,3,637.45,1912.35
5882,2367,5,4,155.57,622.28
5883,2367,9,2,1795.94,3591.88
5884,2368,2,3,869.88,2609.64
5885,2368,1,2,1860.34,3720.68
5886,2369,8,2,496.94,993.88
5887,2369,2,2,744.92,1489.84
5888,2369,19,3,1100.64,3301.92
5889,2369,9,6,1823.64,10941.84
5890,2370,16,3,1168.52,3505.56
5891,2370,16,4,1182.28,4729.12
5892,2371,6,3,123.89,371.67
5893,2371,17,3,2066.57,6199.71
5894,2372,2,1,725.88,725.88
5895,2372,17,5,1754.59,8772.95
5896,2373,17,2,1962.87,3925.74
5897,2373,13,2,430.53,861.06
5898,2374,5,4,201.37,805.48
5899,2375,15,3,732.95,2198.85
5900,2375,9,4,2327.71,9310.84
5901,2375,11,1,1076.73,1076.73
5902,2375,10,2,949.31,1898.62
5903,2376,18,3,1659.56,4978.68
5904,2376,19,2,1136.24,2272.48
5905,2376,1,4,1642.81,6571.24
5906,2377,5,3,185.67,557.01
5907,2378,9,4,1966.13,7864.52
5908,2378,12,2,283.65,567.3
5909,2378,13,1,529.77,529.77
5910,2378,20,4,232.6,930.4
5911,2379,6,4,128.24,512.96
5912,2379,16,5,1322.47,6612.35
5913,2380,14,3,154.44,463.32
5914,2380,5,2,204.59,409.18
5915,2381,12,1,234.3,234.3
5916,2381,16,4,1014.72,4058.88
5917,2381,15,4,854.27,3417.08
5918,2381,14,3,142.63,427.89
5919,2382,20,2,198.45,396.9
5920,2383,12,2,252.76,505.52
5921,2383,3,3,915.58,2746.74
5922,2383,19,4,1127.12,4508.48
5923,2384,6,2,103.05,206.1
5924,2385,18,2,1522.46,3044.92
5925,2385,16,3,1031.54,3094.62
5926,2386,4,3,347.26,1041.78
5927,2386,18,4,1812.15,7248.6
5928,2386,4,2,416.77,833.54
5929,2386,17,2,2210.99,4421.98
5930,2387,9,1,2101.99,2101.99
5931,2387,14,2,126.03,252.06
5932,2387,11,4,853.57,3414.28
5933,2388,2,5,676.75,3383.75
5934,2388,14,6,158.84,953.04
5935,2389,2,1,912.36,912.36
5936,2390,11,1,794.06,794.06
5937,2390,16,2,997.14,1994.28
5938,2390,8,3,595.11,1785.33
5939,2390,8,1,597.28,597.28
5940,2391,4,2,444.42,888.84
5941,2391,6,2,102.61,205.22
5942,2391,12,2,239.04,478.08
5943,2392,7,2,674.15,1348.3
5944,2393,8,1,554.16,554.16
5945,2393,17,2,2013.06,4026.12
5946,2393,10,2,721.26,1442.52
5947,2394,18,2,1654.47,3308.94
5948,2394,5,4,197.29,789.16
5949,2395,14,3,157.93,473.79
5950,2395,20,3,237.35,712.05
5951,2396,16,2,1261.31,2522.62
5952,2396,18,1,1573.42,1573.42
5953,2396,8,3,616.66,1849.98
5954,2397,16,3,1334.24,4002.72
5955,2397,2,2,769.02,1538.04
5956,2398,4,4,384.1,1536.4
5957,2398,18,1,1574.6,1574.6
5958,2398,9,4,1838.91,7355.64
5959,2398,13,4,400.27,1601.08
5960,2399,18,4,1836.79,7347.16
5961,2399,20,5,224.99,1124.95
5962,2399,2,2,771.35,1542.7
5963,2400,11,2,922.95,1845.9
5964,2401,7,2,653.51,1307.02
5965,2401,18,3,1668.1,5004.3
5966,2401,1,6,1944.78,11668.68
5967,2402,11,1,1031.66,1031.66
5968,2402,9,4,2324.18,9296.72
5969,2402,9,1,2144.39,2144.39
5970,2402,18,3,1664.21,4992.63
5971,2403,16,3,1045.28,3135.84
5972,2403,8,3,592.34,1777.02
5973,2404,11,4,1056.73,4226.92
5974,2404,14,6,144.69,868.14
5975,2404,13,2,469.48,938.96
5976,2404,6,3,101.95,305.85
5977,2405,11,3,938.51,2815.53
5978,2405,13,2,404.0,808.0
5979,2406,18,3,1864.58,5593.74
5980,2406,19,1,1250.58,1250.58
5981,2406,12,4,211.0,844.0
5982,2406,6,5,122.96,614.8
5983,2407,5,6,179.28,1075.68
5984,2407,19,2,1370.28,2740.56
5985,2408,12,1,225.49,225.49
5986,2408,19,2,1242.78,2485.56
5987,2408,20,3,213.01,639.03
5988,2409,12,5,250.67,1253.35
5989,2409,8,4,475.19,1900.76
5990,2410,10,3,753.71,2261.13
5991,2410,18,3,1851.86,5555.58
5992,2410,10,3,896.0,2688.0
5993,2410,2,2,928.55,1857.1
5994,2411,13,2,428.6,857.2
5995,2411,13,1,423.45,423.45
5996,2412,2,1,803.35,803.35
5997,2412,20,1,218.06,218.06
5998,2413,9,1,2071.94,2071.94
5999,2413,1,3,1936.83,5810.49
6000,2413,12,5,235.54,1177.7
6001,2414,18,2,1414.09,2828.18
6002,2414,6,4,117.64,470.56
6003,2415,19,2,1156.84,2313.68
6004,2415,4,1,379.45,379.45
6005,2416,16,4,1300.99,5203.96
6006,2416,14,1,159.74,159.74
6007,2416,12,2,234.51,469.02
6008,2416,4,3,341.47,1024.41
6009,2417,16,2,1089.11,2178.22
6010,2418,11,2,826.31,1652.62
6011,2418,16,2,1122.22,2244.44
6012,2419,7,6,626.01,3756.06
6013,2419,4,2,462.29,924.58
6014,2419,19,1,1349.69,1349.69
6015,2420,14,2,146.2,292.4
6016,2420,11,2,1065.52,2131.04
6017,2421,10,3,817.64,2452.92
6018,2421,15,3,961.13,2883.39
6019,2422,5,6,202.79,1216.74
6020,2422,16,2,1264.52,2529.04
6021,2423,2,2,789.94,1579.88
6022,2423,17,5,1901.94,9509.7
6023,2424,17,2,1696.11,3392.22
6024,2425,2,3,752.83,2258.49
6025,2425,2,2,861.46,1722.92
6026,2426,1,2,1655.31,3310.62
6027,2427,12,2,265.02,530.04
6028,2428,11,2,847.53,1695.06
6029,2428,13,2,513.65,1027.3
6030,2428,3,2,1009.87,2019.74
6031,2429,14,2,119.25,238.5
6032,2430,1,2,1830.1,3660.2
6033,2430,20,3,246.11,738.33
6034,2430,10,1,870.62,870.62
6035,2430,12,2,257.86,515.72
6036,2431,16,4,973.53,3894.12
6037,2431,4,2,461.76,923.52
6038,2431,19,3,1050.26,3150.78
6039,2432,20,4,224.94,899.76
6040,2432,7,2,643.62,1287.24
6041,2432,14,1,157.87,157.87
6042,2432,8,2,469.22,938.44
6043,2433,3,3,897.37,2692.11
6044,2433,5,3,194.81,584.43
6045,2434,4,4,452.24,1808.96
6046,2434,13,1,403.76,403.76
6047,2434,12,4,262.66,1050.64
6048,2434,15,5,780.79,3903.95
6049,2435,10,2,831.21,1662.42
6050,2435,7,3,558.53,1675.59
6051,2435,4,6,453.93,2723.58
6052,2436,20,2,231.9,463.8
6053,2436,13,4,481.32,1925.28
6054,2436,3,4,763.78,3055.12
6055,2437,11,2,1087.05,2174.1
6056,2437,13,3,422.76,1268.28
6057,2437,18,3,1453.72,4361.16
6058,2437,1,2,1759.3,3518.6
6059,2438,13,2,514.08,1028.16
6060,2439,5,2,186.43,372.86
6061,2439,1,2,1728.44,3456.88
6062,2439,20,2,206.91,413.82
6063,2440,5,1,207.94,207.94
6064,2440,9,6,2285.15,13710.9
6065,2440,8,2,575.71,1151.42
6066,2441,13,4,465.06,1860.24
6067,2441,3,1,803.14,803.14
6068,2441,1,1,1953.07,1953.07
6069,2441,8,2,540.13,1080.26
6070,2442,3,2,906.4,1812.8
6071,2442,3,3,985.81,2957.43
6072,2442,18,1,1444.99,1444.99
6073,2442,16,2,1194.42,2388.84
6074,2443,4,1,436.96,436.96
6075,2444,10,1,886.15,886.15
6076,2444,7,2,541.31,1082.62
6077,2444,10,1,895.68,895.68
6078,2445,16,4,1022.48,4089.92
6079,2445,10,1,835.92,835.92
6080,2446,16,4,1017.18,4068.72
6081,2446,1,3,2233.03,6699.09
6082,2446,6,4,126.5,506.0
6083,2447,13,2,479.08,958.16
6084,2447,4,1,345.75,345.75
6085,2448,15,2,1011.12,2022.24
6086,2448,20,1,248.64,248.64
6087,2448,13,1,525.97,525.97
6088,2449,3,3,744.06,2232.18
6089,2449,5,3,178.55,535.65
6090,2449,17,4,2154.63,8618.52
6091,2449,10,3,766.32,2298.96
6092,2450,7,3,726.47,2179.41
6093,2450,3,2,765.75,1531.5
6094,2450,13,4,507.15,2028.6
6095,2451,5,3,186.57,559.71
6096,2451,2,3,724.56,2173.68
6097,2452,3,1,756.82,756.82
6098,2452,13,1,539.97,539.97
6099,2452,13,3,411.43,1234.29
6100,2453,5,2,159.29,318.58
6101,2453,9,3,1841.01,5523.03
6102,2453,20,2,256.71,513.42
6103,2454,15,3,758.92,2276.76
6104,2455,7,2,663.68,1327.36
6105,2455,17,2,2087.29,4174.58
6106,2455,20,5,214.38,1071.9
6107,2455,3,2,792.32,1584.64
6108,2456,19,2,1171.08,2342.16
6109,2456,1,2,2038.6,4077.2
6110,2456,20,3,251.57,754.71
6111,2457,15,1,876.51,876.51
6112,2457,19,3,1218.13,3654.39
6113,2457,11,1,922.44,922.44
6114,2458,1,1,2075.24,2075.24
6115,2458,11,3,1073.06,3219.18
6116,2458,2,3,754.4,2263.2
6117,2459,3,4,931.66,3726.64
6118,2459,3,2,749.22,1498.44
6119,2459,4,3,415.51,1246.53
6120,2460,20,3,233.44,700.32
6121,2460,6,3,134.69,404.07
6122,2460,8,2,484.12,968.24
6123,2460,9,2,1838.0,3676.0
6124,2461,11,1,866.93,866.93
6125,2461,16,4,1204.16,4816.64
6126,2461,9,2,2009.13,4018.26
6127,2461,14,6,139.73,838.38
6128,2462,16,3,1119.56,3358.68
6129,2462,7,3,602.35,1807.05
6130,2462,12,3,218.6,655.8
6131,2463,20,3,211.12,633.36
6132,2463,5,2,161.51,323.02
6133,2463,6,1,134.03,134.03
6134,2464,20,2,253.94,507.88
6135,2464,19,2,1244.51,2489.02
6136,2464,9,3,2383.65,7150.95
6137,2465,18,2,1747.11,3494.22
6138,2465,14,1,126.91,126.91
6139,2466,9,2,2368.68,4737.36
6140,2466,12,3,246.07,738.21
6141,2467,2,6,738.6,4431.6
6142,2468,20,4,231.61,926.44
6143,2468,2,4,797.02,3188.08
6144,2468,5,4,211.32,845.28
6145,2468,2,3,770.07,2310.21
6146,2469,15,3,835.78,2507.34
6147,2469,1,2,1611.53,3223.06
6148,2470,13,3,531.19,1593.57
6149,2471,16,4,1184.43,4737.72
6150,2471,6,1,113.8,113.8
6151,2471,13,1,472.49,472.49
6152,2471,19,1,1040.09,1040.09
6153,2472,5,1,175.72,175.72
6154,2473,1,1,2004.58,2004.58
6155,2473,16,2,1284.76,2569.52
6156,2473,17,3,2065.84,6197.52
6157,2473,10,1,951.1,951.1
6158,2474,1,2,1823.33,3646.66
6159,2474,1,2,1941.51,3883.02
6160,2474,5,1,177.12,177.12
6161,2474,5,3,194.24,582.72
6162,2475,12,1,232.48,232.48
6163,2476,12,2,249.33,498.66
6164,2476,3,1,814.59,814.59
6165,2477,19,2,1187.15,2374.3
6166,2478,1,2,2065.15,4130.3
6167,2478,2,4,928.22,3712.88
6168,2478,18,4,1522.34,6089.36
6169,2478,8,1,489.54,489.54
6170,2479,5,2,162.48,324.96
6171,2479,1,3,2132.71,6398.13
6172,2479,13,4,435.1,1740.4
6173,2480,3,2,1012.83,2025.66
6174,2480,20,4,245.04,980.16
6175,2481,14,5,132.76,663.8
6176,2481,17,2,2094.93,4189.86
6177,2481,6,2,114.32,228.64
6178,2481,20,3,207.96,623.88
6179,2482,19,3,1111.68,3335.04
6180,2482,15,3,910.68,2732.04
6181,2482,17,4,2077.12,8308.48
6182,2482,10,4,733.83,2935.32
6183,2483,7,4,674.1,2696.4
6184,2483,13,1,536.5,536.5
6185,2484,1,3,1950.47,5851.41
6186,2485,15,2,899.6,1799.2
6187,2485,3,1,983.51,983.51
6188,2485,8,5,618.62,3093.1
6189,2486,2,1,879.38,879.38
6190,2486,15,3,842.53,2527.59
6191,2486,13,3,475.72,1427.16
6192,2486,7,3,700.74,2102.22
6193,2487,12,2,272.16,544.32
6194,2487,15,4,972.57,3890.28
6195,2487,20,2,229.09,458.18
6196,2488,13,1,521.99,521.99
6197,2489,8,2,464.28,928.56
6198,2489,8,2,520.96,1041.92
6199,2489,20,1,219.82,219.82
6200,2489,13,3,501.09,1503.27
6201,2490,18,2,1791.5,3583.0
6202,2490,20,1,213.52,213.52
6203,2491,17,2,2030.42,4060.84
6204,2491,15,3,963.6,2890.8
6205,2491,15,2,1008.68,2017.36
6206,2492,14,2,159.1,318.2
6207,2492,4,4,429.23,1716.92
6208,2492,3,2,792.05,1584.1
6209,2492,4,2,458.53,917.06
6210,2493,20,5,236.8,1184.0
6211,2493,1,1,1919.09,1919.09
6212,2493,12,4,232.87,931.48
6213,2493,20,4,206.67,826.68
6214,2494,19,1,1089.74,1089.74
6215,2494,5,3,173.29,519.87
6216,2494,16,1,1130.23,1130.23
6217,2494,15,3,1008.88,3026.64
6218,2495,19,2,1055.5,2111.0
6219,2495,16,1,1256.85,1256.85
6220,2496,10,2,843.95,1687.9
6221,2496,5,4,161.74,646.96
6222,2497,3,2,763.4,1526.8
6223,2498,4,2,352.14,704.28
6224,2498,7,2,591.33,1182.66
6225,2498,17,3,1779.12,5337.36
6226,2499,15,4,782.09,3128.36
6227,2499,20,1,215.66,215.66
6228,2500,6,2,130.08,260.16
6229,2500,10,4,899.44,3597.76
6230,2500,20,4,224.46,897.84
6231,2500,12,3,260.77,782.31
6232,2501,14,3,138.08,414.24
6233,2502,1,4,2138.37,8553.48
6234,2502,13,3,547.88,1643.64
6235,2502,11,2,875.18,1750.36
6236,2503,7,2,677.08,1354.16
6237,2503,20,2,246.83,493.66
6238,2503,20,4,230.58,922.32
6239,2503,12,2,217.34,434.68
6240,2504,4,3,425.19,1275.57
6241,2505,19,1,1358.75,1358.75
6242,2505,7,2,678.96,1357.92
6243,2505,4,2,449.59,899.18
6244,2505,6,1,129.38,129.38
6245,2506,11,2,841.03,1682.06
6246,2506,17,2,2131.67,4263.34
6247,2506,20,4,217.02,868.08
6248,2507,15,1,924.5,924.5
6249,2507,7,2,559.32,1118.64
6250,2508,9,4,2041.99,8167.96
6251,2508,17,1,2226.92,2226.92
6252,2509,5,2,170.55,341.1
6253,2510,11,4,951.5,3806.0
6254,2510,19,2,1137.39,2274.78
6255,2510,8,3,526.38,1579.14
6256,2510,11,3,937.52,2812.56
6257,2511,13,4,443.6,1774.4
6258,2511,3,1,853.24,853.24
6259,2511,10,2,909.58,1819.16
6260,2512,12,1,247.04,247.04
6261,2512,9,2,1826.99,3653.98
6262,2512,10,3,818.69,2456.07
6263,2512,12,3,279.41,838.23
6264,2513,7,4,698.4,2793.6
6265,2514,18,1,1469.09,1469.09
6266,2514,11,3,946.58,2839.74
6267,2515,16,2,1168.36,2336.72
6268,2515,11,3,866.22,2598.66
6269,2515,13,1,456.14,456.14
6270,2516,12,3,247.68,743.04
6271,2516,13,1,475.08,475.08
6272,2516,12,3,233.12,699.36
6273,2517,18,3,1931.15,5793.45
6274,2517,9,2,1876.0,3752.0
6275,2517,1,3,1903.54,5710.62
6276,2518,17,3,1732.54,5197.62
6277,2518,20,1,227.1,227.1
6278,2518,13,6,463.65,2781.9
6279,2519,2,3,810.32,2430.96
6280,2519,4,1,341.39,341.39
6281,2519,4,4,421.41,1685.64
6282,2519,20,5,225.63,1128.15
6283,2520,1,2,2114.15,4228.3
6284,2520,7,2,653.56,1307.12
6285,2520,20,4,191.58,766.32
6286,2520,11,1,1083.19,1083.19
6287,2521,19,4,1380.5,5522.0
6288,2521,15,2,891.93,1783.86
6289,2521,20,3,207.06,621.18
6290,2522,13,3,498.78,1496.34
6291,2522,15,1,784.94,784.94
6292,2522,12,3,227.18,681.54
6293,2522,8,2,555.29,1110.58
6294,2523,1,3,2185.84,6557.52
6295,2523,14,2,132.52,265.04
6296,2523,4,2,394.44,788.88
6297,2523,19,4,1347.1,5388.4
6298,2524,4,2,373.82,747.64
6299,2525,20,2,215.27,430.54
6300,2525,3,3,845.4,2536.2
6301,2526,9,3,2146.98,6440.94
6302,2526,11,3,824.23,2472.69
6303,2527,7,4,658.45,2633.8
6304,2528,6,1,116.2,116.2
6305,2528,18,2,1408.58,2817.16
6306,2528,16,3,1040.39,3121.17
6307,2528,1,5,2037.67,10188.35
6308,2529,17,4,1858.79,7435.16
6309,2529,13,2,478.26,956.52
6310,2529,4,3,432.79,1298.37
6311,2529,7,4,534.05,2136.2
6312,2530,17,1,2031.18,2031.18
6313,2530,3,2,997.17,1994.34
6314,2530,11,1,983.03,983.03
6315,2530,2,1,838.98,838.98
6316,2531,20,1,245.32,245.32
6317,2531,19,3,1308.94,3926.82
6318,2532,11,2,860.0,1720.0
6319,2533,17,2,1734.32,3468.64
6320,2533,1,4,1773.77,7095.08
6321,2533,4,2,430.27,860.54
6322,2533,10,1,858.3,858.3
6323,2534,11,3,793.13,2379.39
6324,2534,5,3,184.52,553.56
6325,2534,7,4,707.68,2830.72
6326,2534,16,2,1154.51,2309.02
6327,2535,12,2,229.23,458.46
6328,2536,7,4,674.83,2699.32
6329,2537,3,3,948.1,2844.3
6330,2537,12,5,216.67,1083.35
6331,2537,13,3,423.09,1269.27
6332,2538,15,3,785.61,2356.83
6333,2539,16,2,1310.39,2620.78
6334,2539,6,2,129.75,259.5
6335,2539,8,1,525.45,525.45
6336,2540,14,5,125.59,627.95
6337,2540,4,2,440.32,880.64
6338,2540,5,3,177.32,531.96
6339,2540,17,3,1708.38,5125.14
6340,2541,19,6,1319.13,7914.78
6341,2541,9,2,1957.96,3915.92
6342,2541,7,1,646.57,646.57
6343,2541,1,1,2210.5,2210.5
6344,2542,16,4,1331.75,5327.0
6345,2542,13,6,447.99,2687.94
6346,2543,19,1,1268.27,1268.27
6347,2543,18,2,1526.15,3052.3
6348,2543,18,5,1753.16,8765.8
6349,2544,11,2,802.25,1604.5
6350,2544,10,5,719.4,3597.0
6351,2544,1,4,1767.42,7069.68
6352,2544,2,4,735.21,2940.84
6353,2545,13,2,529.03,1058.06
6354,2545,19,1,1324.05,1324.05
6355,2545,9,5,1781.29,8906.45
6356,2546,6,5,125.53,627.65
6357,2546,10,3,846.01,2538.03
6358,2547,17,3,1953.54,5860.62
6359,2548,20,1,236.35,236.35
6360,2548,2,4,799.55,3198.2
6361,2549,17,3,2102.61,6307.83
6362,2550,2,1,743.95,743.95
6363,2551,5,6,159.1,954.6
6364,2551,6,1,119.19,119.19
6365,2552,20,5,243.67,1218.35
6366,2552,9,5,2168.79,10843.95
6367,2553,4,1,431.3,431.3
6368,2553,19,1,1129.03,1129.03
6369,2554,14,4,130.93,523.72
6370,2554,10,4,758.82,3035.28
6371,2554,7,3,726.18,2178.54
6372,2555,1,4,2086.67,8346.68
6373,2555,13,2,424.89,849.78
6374,2555,5,2,178.81,357.62
6375,2555,14,3,147.67,443.01
6376,2556,8,2,560.38,1120.76
6377,2556,19,4,1115.31,4461.24
6378,2556,18,3,1756.66,5269.98
6379,2557,6,1,101.11,101.11
6380,2558,8,4,456.39,1825.56
6381,2558,10,2,756.18,1512.36
6382,2558,11,2,1035.36,2070.72
6383,2559,12,5,265.2,1326.0
6384,2559,7,6,709.84,4259.04
6385,2559,11,5,1027.97,5139.85
6386,2559,17,4,1844.16,7376.64
6387,2560,11,2,1009.9,2019.8
6388,2560,2,3,698.38,2095.14
6389,2560,7,2,668.16,1336.32
6390,2561,11,6,913.28,5479.68
6391,2561,13,3,410.84,1232.52
6392,2561,7,2,707.81,1415.62
6393,2562,7,3,722.99,2168.97
6394,2562,20,2,237.55,475.1
6395,2563,13,3,541.0,1623.0
6396,2563,5,3,198.58,595.74
6397,2563,19,1,1178.45,1178.45
6398,2564,9,4,2144.51,8578.04
6399,2565,14,2,125.02,250.04
6400,2565,16,1,981.47,981.47
6401,2565,19,1,1252.67,1252.67
6402,2566,11,2,861.67,1723.34
6403,2566,1,3,1970.33,5910.99
6404,2567,11,3,1026.99,3080.97
6405,2568,16,3,1184.08,3552.24
6406,2568,20,1,249.15,249.15
6407,2568,2,2,688.93,1377.86
6408,2568,9,4,2162.77,8651.08
6409,2569,15,6,779.02,4674.12
6410,2569,10,3,836.31,2508.93
6411,2569,16,1,1253.62,1253.62
6412,2569,20,4,200.66,802.64
6413,2570,19,5,1327.35,6636.75
6414,2570,17,2,2151.69,4303.38
6415,2571,9,3,1914.7,5744.1
6416,2572,14,1,140.82,140.82
6417,2572,6,3,132.57,397.71
6418,2572,5,3,155.95,467.85
6419,2572,7,4,615.44,2461.76
6420,2573,4,1,419.78,419.78
6421,2573,7,3,641.94,1925.82
6422,2573,8,2,473.02,946.04
6423,2573,5,3,180.24,540.72
6424,2574,15,2,916.19,1832.38
6425,2574,9,4,2068.28,8273.12
6426,2574,9,5,1817.62,9088.1
6427,2574,18,2,1819.03,3638.06
6428,2575,18,1,1875.76,1875.76
6429,2575,17,3,1760.85,5282.55
6430,2575,18,6,1420.3,8521.8
6431,2575,12,2,263.33,526.66
6432,2576,6,1,135.79,135.79
6433,2576,11,4,985.48,3941.92
6434,2577,14,5,142.03,710.15
6435,2578,17,6,2067.76,12406.56
6436,2578,8,4,534.62,2138.48
6437,2579,15,3,882.46,2647.38
6438,2579,11,3,870.59,2611.77
6439,2579,12,3,212.07,636.21
6440,2580,7,4,596.38,2385.52
6441,2580,18,1,1657.3,1657.3
6442,2581,5,3,167.83,503.49
6443,2582,16,3,1267.5,3802.5
6444,2582,16,2,1099.38,2198.76
6445,2582,5,2,155.18,310.36
6446,2582,10,5,812.75,4063.75
6447,2583,16,2,1233.69,2467.38
6448,2583,4,2,432.63,865.26
6449,2583,2,4,830.3,3321.2
6450,2584,16,1,1254.27,1254.27
6451,2584,2,6,681.54,4089.24
6452,2584,20,3,186.26,558.78
6453,2584,7,2,621.56,1243.12
6454,2585,11,6,1051.26,6307.56
6455,2586,6,4,110.32,441.28
6456,2586,17,2,2017.91,4035.82
6457,2586,10,5,824.54,4122.7
6458,2587,10,3,789.29,2367.87
6459,2587,17,4,1825.41,7301.64
6460,2587,5,1,212.02,212.02
6461,2588,16,5,1060.76,5303.8
6462,2588,18,2,1840.35,3680.7
6463,2588,8,3,468.7,1406.1
6464,2588,4,2,361.92,723.84
6465,2589,11,2,1004.91,2009.82
6466,2590,18,2,1683.69,3367.38
6467,2590,1,1,1726.27,1726.27
6468,2591,7,3,550.77,1652.31
6469,2591,16,1,1216.38,1216.38
6470,2591,18,2,1641.26,3282.52
6471,2592,2,3,743.79,2231.37
6472,2592,6,4,120.72,482.88
6473,2592,3,2,861.77,1723.54
6474,2593,3,3,981.17,2943.51
6475,2594,4,4,466.17,1864.68
6476,2594,11,3,970.5,2911.5
6477,2594,6,4,110.52,442.08
6478,2594,5,3,152.96,458.88
6479,2595,14,6,133.33,799.98
6480,2596,11,3,976.49,2929.47
6481,2596,8,1,597.36,597.36
6482,2596,12,3,281.07,843.21
6483,2597,19,2,1278.63,2557.26
6484,2597,20,2,208.58,417.16
6485,2598,15,3,889.8,2669.4
6486,2598,14,5,146.2,731.0
6487,2599,19,3,1300.19,3900.57
6488,2599,9,3,2271.99,6815.97
6489,2599,6,1,107.93,107.93
6490,2600,6,2,125.14,250.28
6491,2601,15,2,978.21,1956.42
6492,2601,15,3,1014.56,3043.68
6493,2602,1,3,2144.61,6433.83
6494,2602,10,6,943.62,5661.72
6495,2603,10,3,927.13,2781.39
6496,2604,20,4,187.99,751.96
6497,2605,12,2,247.77,495.54
6498,2606,14,2,126.61,253.22
6499,2606,12,1,237.35,237.35
6500,2606,7,1,722.81,722.81
6501,2606,4,3,362.24,1086.72
6502,2607,9,2,1729.62,3459.24
6503,2607,11,2,880.2,1760.4
6504,2607,13,1,509.75,509.75
6505,2607,13,3,471.66,1414.98
6506,2608,14,3,132.72,398.16
6507,2608,13,3,468.96,1406.88
6508,2609,17,2,1933.61,3867.22
6509,2609,16,4,1125.9,4503.6
6510,2610,12,3,231.49,694.47
6511,2611,4,4,380.97,1523.88
6512,2611,19,3,1114.78,3344.34
6513,2612,10,4,787.62,3150.48
6514,2612,11,3,954.3,2862.9
6515,2612,8,3,552.08,1656.24
6516,2613,10,2,916.77,1833.54
6517,2614,6,3,118.62,355.86
6518,2615,16,1,1092.45,1092.45
6519,2615,4,1,412.5,412.5
6520,2616,8,3,453.52,1360.56
6521,2617,19,3,1141.78,3425.34
6522,2617,3,1,852.18,852.18
6523,2618,1,2,1780.14,3560.28
6524,2619,9,1,2363.18,2363.18
6525,2620,18,4,1881.02,7524.08
6526,2620,9,4,1926.97,7707.88
6527,2620,18,2,1641.04,3282.08
6528,2621,2,1,800.58,800.58
6529,2621,18,3,1410.3,4230.9
6530,2621,14,3,118.06,354.18
6531,2622,16,2,1102.08,2204.16
6532,2622,8,6,552.85,3317.1
6533,2622,20,2,215.85,431.7
6534,2623,17,4,1779.81,7119.24
6535,2623,12,2,222.88,445.76
6536,2624,18,3,1907.75,5723.25
6537,2624,11,1,1047.67,1047.67
6538,2625,17,2,2284.2,4568.4
6539,2625,15,1,927.79,927.79
6540,2626,11,1,1020.59,1020.59
6541,2626,3,2,768.03,1536.06
6542,2626,19,4,1270.42,5081.68
6543,2626,17,2,1795.87,3591.74
6544,2627,12,1,249.91,249.91
6545,2627,19,3,1137.49,3412.47
6546,2627,1,5,1755.64,8778.2
6547,2628,17,2,2306.17,4612.34
6548,2628,11,3,841.6,2524.8
6549,2628,15,3,820.59,2461.77
6550,2629,2,1,724.33,724.33
6551,2630,8,2,609.63,1219.26
6552,2630,17,2,1972.78,3945.56
6553,2630,18,3,1950.26,5850.78
6554,2630,19,5,1250.58,6252.9
6555,2631,4,6,368.99,2213.94
6556,2631,3,2,959.53,1919.06
6557,2632,8,2,556.98,1113.96
6558,2633,17,6,1967.82,11806.92
6559,2633,18,4,1885.47,7541.88
6560,2634,7,3,538.85,1616.55
6561,2634,13,2,543.33,1086.66
6562,2634,2,5,771.29,3856.45
6563,2635,12,3,252.18,756.54
6564,2635,19,4,1167.11,4668.44
6565,2635,20,4,197.1,788.4
6566,2636,4,5,355.0,1775.0
6567,2636,14,6,126.18,757.08
6568,2636,15,4,943.27,3773.08
6569,2637,19,2,1144.28,2288.56
6570,2637,17,2,1835.91,3671.82
6571,2638,7,4,642.07,2568.28
6572,2638,15,2,880.13,1760.26
6573,2638,18,4,1939.74,7758.96
6574,2638,4,4,426.23,1704.92
6575,2639,9,1,2257.48,2257.48
6576,2639,2,3,888.59,2665.77
6577,2639,8,2,626.91,1253.82
6578,2640,20,1,245.41,245.41
6579,2640,18,1,1448.45,1448.45
6580,2641,10,5,934.34,4671.7
6581,2641,8,4,583.35,2333.4
6582,2641,15,2,870.72,1741.44
6583,2642,1,1,1853.59,1853.59
6584,2643,17,3,2315.22,6945.66
6585,2643,20,2,211.33,422.66
6586,2644,2,2,914.08,1828.16
6587,2644,1,2,2118.94,4237.88
6588,2644,17,1,1883.49,1883.49
6589,2644,14,5,125.69,628.45
6590,2645,6,4,125.14,500.56
6591,2645,3,3,798.63,2395.89
6592,2645,3,4,859.3,3437.2
6593,2646,9,2,1752.38,3504.76
6594,2647,12,3,230.55,691.65
6595,2647,19,1,1100.62,1100.62
6596,2648,14,4,157.38,629.52
6597,2648,5,2,166.41,332.82
6598,2648,10,1,873.88,873.88
6599,2648,3,3,749.86,2249.58
6600,2649,19,1,1037.52,1037.52
6601,2649,10,3,846.45,2539.35
6602,2650,4,1,360.69,360.69
6603,2650,1,2,1739.6,3479.2
6604,2650,12,1,240.13,240.13
6605,2651,11,2,917.26,1834.52
6606,2651,17,2,2278.17,4556.34
6607,2651,5,2,199.59,399.18
6608,2652,18,3,1707.33,5121.99
6609,2652,20,1,255.04,255.04
6610,2652,20,2,241.65,483.3
6611,2652,10,1,969.71,969.71
6612,2653,10,3,773.99,2321.97
6613,2653,7,1,529.62,529.62
6614,2653,17,2,2042.39,4084.78
6615,2653,18,3,1918.55,5755.65
6616,2654,12,2,281.3,562.6
6617,2655,2,2,745.38,1490.76
6618,2656,15,2,900.85,1801.7
6619,2656,14,4,138.06,552.24
6620,2656,16,6,1132.66,6795.96
6621,2656,15,2,862.34,1724.68
6622,2657,3,2,951.96,1903.92
6623,2658,5,3,210.29,630.87
6624,2658,6,3,122.43,367.29
6625,2658,9,5,1823.11,9115.55
6626,2659,4,2,378.93,757.86
6627,2659,8,1,542.86,542.86
6628,2659,12,3,232.62,697.86
6629,2660,16,6,1047.12,6282.72
6630,2661,1,2,2078.85,4157.7
6631,2661,13,4,495.41,1981.64
6632,2661,10,3,741.41,2224.23
6633,2662,9,3,2084.51,6253.53
6634,2662,4,2,399.34,798.68
6635,2662,11,2,1046.04,2092.08
6636,2663,16,3,1151.18,3453.54
6637,2664,14,4,118.11,472.44
6638,2664,19,1,1274.87,1274.87
6639,2665,7,1,698.56,698.56
6640,2665,10,5,736.08,3680.4
6641,2665,5,3,209.7,629.1
6642,2666,6,4,116.5,466.0
6643,2666,17,3,2101.1,6303.3
6644,2667,2,5,842.91,4214.55
6645,2667,11,4,794.31,3177.24
6646,2668,18,2,1714.44,3428.88
6647,2669,18,1,1553.9,1553.9
6648,2669,19,1,1207.26,1207.26
6649,2669,7,3,538.8,1616.4
6650,2670,11,6,891.32,5347.92
6651,2671,6,2,131.92,263.84
6652,2671,17,1,1802.9,1802.9
6653,2671,12,2,207.44,414.88
6654,2671,14,3,123.61,370.83
6655,2672,19,6,1112.36,6674.16
6656,2672,13,2,505.66,1011.32
6657,2672,9,2,1922.34,3844.68
6658,2673,17,1,2314.16,2314.16
6659,2674,3,2,860.77,1721.54
6660,2674,20,6,254.03,1524.18
6661,2674,12,1,226.73,226.73
6662,2674,15,3,845.61,2536.83
6663,2675,20,3,193.85,581.55
6664,2675,19,2,1286.58,2573.16
6665,2676,1,4,1674.68,6698.72
6666,2677,8,3,582.44,1747.32
6667,2677,3,4,755.32,3021.28
6668,2677,4,2,370.54,741.08
6669,2677,16,5,1227.92,6139.6
6670,2678,7,4,709.71,2838.84
6671,2678,2,1,844.0,844.0
6672,2678,19,1,1298.68,1298.68
6673,2678,19,2,1076.46,2152.92
6674,2679,5,2,170.77,341.54
6675,2679,6,6,110.3,661.8
6676,2680,12,6,231.79,1390.74
6677,2680,3,2,943.28,1886.56
6678,2681,7,3,681.39,2044.17
6679,2681,17,3,2043.79,6131.37
6680,2681,12,2,277.62,555.24
6681,2682,11,1,1070.83,1070.83
6682,2682,17,3,1724.63,5173.89
6683,2683,12,3,273.87,821.61
6684,2683,13,1,468.68,468.68
6685,2683,17,5,2023.73,10118.65
6686,2683,15,5,965.27,4826.35
6687,2684,9,1,1828.76,1828.76
6688,2684,1,3,1962.06,5886.18
6689,2684,5,2,205.49,410.98
6690,2684,11,1,879.56,879.56
6691,2685,2,1,775.74,775.74
6692,2685,13,2,437.86,875.72
6693,2686,4,2,467.74,935.48
6694,2687,14,2,157.84,315.68
6695,2688,8,3,596.23,1788.69
6696,2688,17,2,1783.4,3566.8
6697,2688,6,2,113.56,227.12
6698,2689,13,1,474.54,474.54
6699,2689,17,4,2235.99,8943.96
6700,2690,11,1,912.44,912.44
6701,2690,12,4,256.4,1025.6
6702,2690,7,1,664.12,664.12
6703,2691,12,2,283.9,567.8
6704,2691,20,2,245.84,491.68
6705,2691,10,4,720.5,2882.0
6706,2692,4,1,393.96,393.96
6707,2692,20,4,253.98,1015.92
6708,2693,14,4,127.62,510.48
6709,2693,17,4,1985.9,7943.6
6710,2693,1,2,1631.56,3263.12
6711,2694,2,3,704.11,2112.33
6712,2694,19,4,1092.31,4369.24
6713,2695,13,2,540.16,1080.32
6714,2695,1,1,1726.54,1726.54
6715,2695,3,4,940.24,3760.96
6716,2696,1,2,1708.49,3416.98
6717,2697,16,2,1335.25,2670.5
6718,2697,19,3,1298.12,3894.36
6719,2697,6,3,105.86,317.58
6720,2697,19,3,1279.17,3837.51
6721,2698,11,3,1043.55,3130.65
6722,2698,8,2,549.37,1098.74
6723,2698,4,2,340.04,680.08
6724,2698,8,3,474.41,1423.23
6725,2699,5,3,177.37,532.11
6726,2699,15,2,956.9,1913.8
6727,2700,10,5,777.9,3889.5
6728,2700,20,3,214.63,643.89
6729,2700,19,1,1409.49,1409.49
6730,2700,12,4,238.69,954.76
6731,2701,2,3,706.6,2119.8
6732,2701,8,2,503.47,1006.94
6733,2701,16,3,979.55,2938.65
6734,2701,5,2,165.96,331.92
6735,2702,18,1,1716.63,1716.63
6736,2703,2,2,799.74,1599.48
6737,2703,15,2,962.22,1924.44
6738,2703,7,1,631.73,631.73
6739,2704,12,3,237.28,711.84
6740,2704,8,1,572.64,572.64
6741,2705,16,6,1253.16,7518.96
6742,2705,14,1,127.55,127.55
6743,2706,14,3,163.35,490.05
6744,2706,11,2,888.61,1777.22
6745,2706,3,4,924.28,3697.12
6746,2707,14,4,139.49,557.96
6747,2707,9,3,2104.33,6312.99
6748,2707,17,1,2079.38,2079.38
6749,2707,6,4,128.37,513.48
6750,2708,3,2,845.0,1690.0
6751,2708,20,2,212.04,424.08
6752,2708,4,4,419.0,1676.0
6753,2709,6,3,111.41,334.23
6754,2710,3,3,955.27,2865.81
6755,2710,2,3,751.92,2255.76
6756,2711,20,4,189.54,758.16
6757,2712,1,1,1641.14,1641.14
6758,2712,17,3,2062.09,6186.27
6759,2712,10,2,945.83,1891.66
6760,2712,20,2,219.07,438.14
6761,2713,16,3,1169.24,3507.72
6762,2714,13,2,412.33,824.66
6763,2714,13,4,449.29,1797.16
6764,2715,15,5,999.76,4998.8
6765,2715,10,2,959.19,1918.38
6766,2716,8,1,619.51,619.51
6767,2716,6,2,136.46,272.92
6768,2716,14,2,124.56,249.12
6769,2716,3,2,956.53,1913.06
6770,2717,17,3,1972.67,5918.01
6771,2718,6,3,127.02,381.06
6772,2718,10,3,730.63,2191.89
6773,2718,11,1,858.12,858.12
6774,2719,15,2,982.33,1964.66
6775,2719,9,5,1781.79,8908.95
6776,2720,4,2,377.86,755.72
6777,2720,17,3,2051.49,6154.47
6778,2721,8,3,496.91,1490.73
6779,2721,17,5,2042.32,10211.6
6780,2721,1,2,1864.37,3728.74
6781,2722,15,2,853.33,1706.66
6782,2722,14,2,149.81,299.62
6783,2722,7,3,726.47,2179.41
6784,2722,9,1,1902.73,1902.73
6785,2723,6,2,112.7,225.4
6786,2724,13,1,439.84,439.84
6787,2724,2,2,700.72,1401.44
6788,2724,1,3,1840.81,5522.43
6789,2725,17,1,2010.69,2010.69
6790,2726,18,2,1440.68,2881.36
6791,2726,5,2,184.53,369.06
6792,2726,9,4,2293.85,9175.4
6793,2726,20,1,229.56,229.56
6794,2727,8,3,614.02,1842.06
6795,2727,19,3,1221.37,3664.11
6796,2728,9,2,1722.84,3445.68
6797,2729,4,2,460.02,920.04
6798,2730,20,3,199.87,599.61
6799,2730,3,2,953.52,1907.04
6800,2730,12,1,252.21,252.21
6801,2731,9,2,1912.61,3825.22
6802,2731,15,2,793.28,1586.56
6803,2732,9,3,1960.53,5881.59
6804,2732,10,2,863.1,1726.2
6805,2732,19,1,1104.99,1104.99
6806,2732,4,3,391.16,1173.48
6807,2733,13,1,430.06,430.06
6808,2733,20,3,210.74,632.22
6809,2734,18,2,1618.31,3236.62
6810,2734,20,2,255.23,510.46
6811,2735,6,1,114.14,114.14
6812,2736,13,4,529.41,2117.64
6813,2736,4,1,378.46,378.46
6814,2736,11,2,889.53,1779.06
6815,2737,2,3,845.79,2537.37
6816,2738,3,2,791.72,1583.44
6817,2738,12,5,245.8,1229.0
6818,2738,5,2,208.93,417.86
6819,2738,18,4,1943.59,7774.36
6820,2739,1,1,1687.88,1687.88
6821,2739,13,5,513.71,2568.55
6822,2739,7,5,726.99,3634.95
6823,2739,8,5,508.22,2541.1
6824,2740,5,5,153.48,767.4
6825,2740,11,6,972.47,5834.82
6826,2741,4,5,360.86,1804.3
6827,2741,2,3,721.81,2165.43
6828,2741,18,2,1475.89,2951.78
6829,2741,8,2,545.86,1091.72
6830,2742,3,2,865.98,1731.96
6831,2742,8,5,529.68,2648.4
6832,2742,5,4,196.29,785.16
6833,2742,11,1,1002.41,1002.41
6834,2743,1,2,2114.1,4228.2
6835,2743,12,1,232.48,232.48
6836,2744,7,1,643.74,643.74
6837,2744,14,2,157.2,314.4
6838,2744,16,4,1276.01,5104.04
6839,2745,7,2,597.56,1195.12
6840,2745,11,3,948.05,2844.15
6841,2746,4,1,419.09,419.09
6842,2747,5,3,164.21,492.63
6843,2747,2,3,883.28,2649.84
6844,2748,6,4,131.63,526.52
6845,2748,2,3,811.71,2435.13
6846,2748,7,1,550.83,550.83
6847,2749,11,2,1085.24,2170.48
6848,2749,1,2,1700.37,3400.74
6849,2750,18,4,1447.76,5791.04
6850,2750,6,5,103.22,516.1
6851,2750,4,3,414.14,1242.42
6852,2750,17,3,2320.19,6960.57
6853,2751,7,3,548.93,1646.79
6854,2752,14,3,135.33,405.99
6855,2752,3,4,925.06,3700.24
6856,2752,9,2,2138.74,4277.48
6857,2753,15,3,796.17,2388.51
6858,2753,8,2,490.99,981.98
6859,2753,17,2,1912.18,3824.36
6860,2753,16,6,1283.3,7699.8
6861,2754,5,3,157.83,473.49
6862,2754,12,1,206.76,206.76
6863,2755,9,4,2030.53,8122.12
6864,2755,5,1,166.1,166.1
6865,2755,8,3,603.75,1811.25
6866,2756,10,3,876.31,2628.93
6867,2757,8,2,608.16,1216.32
6868,2757,8,1,533.86,533.86
6869,2757,12,3,224.97,674.91
6870,2758,9,4,2357.45,9429.8
6871,2759,2,2,759.76,1519.52
6872,2760,4,3,437.5,1312.5
6873,2760,11,2,799.85,1599.7
6874,2760,15,2,744.82,1489.64
6875,2760,6,2,102.54,205.08
6876,2761,18,4,1513.51,6054.04
6877,2761,13,4,467.61,1870.44
6878,2761,5,3,202.17,606.51
6879,2761,4,4,382.15,1528.6
6880,2762,18,2,1566.38,3132.76
6881,2763,8,1,542.24,542.24
6882,2763,16,1,968.64,968.64
6883,2763,4,2,418.76,837.52
6884,2763,11,3,1053.2,3159.6
6885,2764,13,3,437.21,1311.63
6886,2764,17,5,2174.15,10870.75
6887,2765,12,5,241.1,1205.5
6888,2765,6,4,116.49,465.96
6889,2766,5,2,181.78,363.56
6890,2766,16,2,1221.63,2443.26
6891,2767,14,2,150.66,301.32
6892,2767,19,3,1280.47,3841.41
6893,2767,10,1,792.31,792.31
6894,2767,4,2,393.34,786.68
6895,2768,14,3,133.53,400.59
6896,2769,15,2,793.7,1587.4
6897,2769,4,3,397.41,1192.23
6898,2769,9,3,2121.93,6365.79
6899,2770,7,3,571.67,1715.01
6900,2770,12,4,272.37,1089.48
6901,2770,12,2,252.66,505.32
6902,2771,16,2,1065.01,2130.02
6903,2771,2,3,788.29,2364.87
6904,2771,8,3,598.12,1794.36
6905,2771,3,3,1002.71,3008.13
6906,2772,16,4,1146.22,4584.88
6907,2772,18,3,1406.46,4219.38
6908,2773,18,3,1903.73,5711.19
6909,2774,14,4,122.25,489.0
6910,2774,19,2,1148.38,2296.76
6911,2775,11,1,1046.69,1046.69
6912,2775,15,3,835.47,2506.41
6913,2775,18,2,1750.97,3501.94
6914,2775,15,5,961.56,4807.8
6915,2776,6,3,130.06,390.18
6916,2777,3,3,914.66,2743.98
6917,2778,19,2,1270.39,2540.78
6918,2779,7,5,695.93,3479.65
6919,2779,10,1,810.13,810.13
6920,2780,12,2,248.39,496.78
6921,2780,4,2,404.41,808.82
6922,2781,2,6,685.62,4113.72
6923,2782,1,2,2136.61,4273.22
6924,2783,1,2,1754.47,3508.94
6925,2783,14,6,126.11,756.66
6926,2783,15,2,926.81,1853.62
6927,2784,11,2,829.31,1658.62
6928,2784,2,1,683.1,683.1
6929,2784,20,2,240.48,480.96
6930,2784,11,4,862.76,3451.04
6931,2785,18,2,1626.42,3252.84
6932,2785,7,5,554.14,2770.7
6933,2785,2,4,756.67,3026.68
6934,2785,2,2,695.18,1390.36
6935,2786,10,4,796.2,3184.8
6936,2787,20,1,187.5,187.5
6937,2787,5,2,159.41,318.82
6938,2787,15,3,870.07,2610.21
6939,2787,11,3,996.78,2990.34
6940,2788,15,2,976.21,1952.42
6941,2789,10,5,980.08,4900.4
6942,2789,1,4,1770.28,7081.12
6943,2789,8,4,557.91,2231.64
6944,2789,12,3,231.54,694.62
6945,2790,2,1,677.12,677.12
6946,2791,16,1,1000.35,1000.35
6947,2791,1,3,1750.95,5252.85
6948,2792,7,1,578.91,578.91
6949,2792,5,3,154.43,463.29
6950,2793,10,4,850.44,3401.76
6951,2793,1,3,1683.49,5050.47
6952,2794,19,1,1126.24,1126.24
6953,2795,4,5,370.15,1850.75
6954,2795,17,2,1838.82,3677.64
6955,2796,16,2,1064.42,2128.84
6956,2796,16,1,1047.63,1047.63
6957,2796,12,6,286.53,1719.18
6958,2796,1,2,2172.67,4345.34
6959,2797,8,2,548.33,1096.66
6960,2797,13,4,490.45,1961.8
6961,2797,13,2,464.93,929.86
6962,2797,20,1,250.74,250.74
6963,2798,14,1,141.04,141.04
6964,2798,16,3,1321.63,3964.89
6965,2798,1,3,1778.86,5336.58
6966,2799,4,1,407.24,407.24
6967,2799,4,1,439.66,439.66
6968,2799,15,2,832.61,1665.22
6969,2800,2,1,845.7,845.7
6970,2801,9,3,1872.07,5616.21
6971,2802,19,4,1150.28,4601.12
6972,2802,11,1,940.02,940.02
6973,2802,10,6,775.21,4651.26
6974,2802,12,1,244.12,244.12
6975,2803,19,2,1218.76,2437.52
6976,2803,16,2,999.97,1999.94
6977,2803,17,1,2192.59,2192.59
6978,2803,15,1,1004.55,1004.55
6979,2804,8,2,490.15,980.3
6980,2804,5,3,153.72,461.16
6981,2804,6,1,101.56,101.56
6982,2805,17,2,1967.01,3934.02
6983,2806,3,2,990.23,1980.46
6984,2806,12,2,212.82,425.64
6985,2806,5,1,182.21,182.21
6986,2806,14,1,140.98,140.98
6987,2807,4,4,416.58,1666.32
6988,2807,8,4,546.18,2184.72
6989,2807,15,3,845.8,2537.4
6990,2807,7,2,529.6,1059.2
6991,2808,19,3,1309.34,3928.02
6992,2808,19,2,1412.17,2824.34
6993,2809,10,2,729.54,1459.08
6994,2809,11,1,887.6,887.6
6995,2809,9,1,1736.02,1736.02
6996,2809,12,1,211.52,211.52
6997,2810,9,4,2264.66,9058.64
6998,2810,20,2,221.15,442.3
6999,2811,16,1,1291.22,1291.22
7000,2812,17,3,2109.25,6327.75
7001,2812,14,1,163.04,163.04
7002,2812,10,4,980.22,3920.88
7003,2813,18,3,1936.75,5810.25
7004,2813,16,3,1233.65,3700.95
7005,2814,5,4,153.79,615.16
7006,2814,11,3,877.34,2632.02
7007,2815,18,1,1476.74,1476.74
7008,2815,20,1,225.92,225.92
7009,2815,4,1,465.35,465.35
7010,2816,4,1,394.99,394.99
7011,2816,13,3,431.44,1294.32
7012,2817,8,5,465.66,2328.3
7013,2818,13,4,546.95,2187.8
7014,2818,16,4,975.4,3901.6
7015,2819,19,1,1405.36,1405.36
7016,2819,10,3,762.9,2288.7
7017,2819,13,1,454.95,454.95
7018,2819,13,3,504.37,1513.11
7019,2820,13,3,437.7,1313.1
7020,2820,6,1,103.48,103.48
7021,2821,10,5,813.32,4066.6
7022,2822,9,2,2144.21,4288.42
7023,2823,13,3,411.15,1233.45
7024,2823,12,1,226.86,226.86
7025,2823,10,1,984.49,984.49
7026,2824,15,2,878.08,1756.16
7027,2824,11,4,1062.66,4250.64
7028,2824,20,3,230.92,692.76
7029,2824,12,4,279.67,1118.68
7030,2825,10,1,842.15,842.15
7031,2825,6,3,114.37,343.11
7032,2825,10,3,857.92,2573.76
7033,2826,8,4,589.12,2356.48
7034,2827,12,1,218.38,218.38
7035,2828,15,2,800.45,1600.9
7036,2828,12,2,281.89,563.78
7037,2828,12,3,249.07,747.21
7038,2828,11,2,958.53,1917.06
7039,2829,1,4,2230.95,8923.8
7040,2830,12,3,250.91,752.73
7041,2830,9,3,2323.5,6970.5
7042,2830,15,3,760.2,2280.6
7043,2830,7,3,703.89,2111.67
7044,2831,7,3,636.93,1910.79
7045,2831,10,5,964.76,4823.8
7046,2831,11,3,1061.71,3185.13
7047,2831,5,3,164.03,492.09
7048,2832,10,1,846.56,846.56
7049,2833,19,1,1089.53,1089.53
7050,2834,19,4,1297.94,5191.76
7051,2835,13,4,502.26,2009.04
7052,2836,14,3,139.19,417.57
7053,2836,18,4,1800.74,7202.96
7054,2836,18,4,1799.74,7198.96
7055,2837,9,2,2343.83,4687.66
7056,2837,9,2,2040.7,4081.4
7057,2837,9,3,2301.44,6904.32
7058,2837,11,3,1074.68,3224.04
7059,2838,9,2,2043.22,4086.44
7060,2839,9,2,2206.87,4413.74
7061,2839,9,3,1734.19,5202.57
7062,2840,18,5,1750.56,8752.8
7063,2840,19,2,1293.99,2587.98
7064,2840,5,6,170.83,1024.98
7065,2840,17,2,1864.77,3729.54
7066,2841,2,1,850.66,850.66
7067,2841,19,5,1380.27,6901.35
7068,2841,12,2,274.16,548.32
7069,2842,8,3,480.53,1441.59
7070,2842,17,4,2024.53,8098.12
7071,2842,12,3,212.37,637.11
7072,2842,16,4,1189.84,4759.36
7073,2843,10,4,838.74,3354.96
7074,2844,11,3,1035.66,3106.98
7075,2845,18,4,1779.54,7118.16
7076,2846,2,4,824.02,3296.08
7077,2846,14,1,157.26,157.26
7078,2847,19,2,1387.83,2775.66
7079,2847,18,4,1642.14,6568.56
7080,2848,3,4,1009.0,4036.0
7081,2849,17,4,2132.06,8528.24
7082,2849,16,3,1230.87,3692.61
7083,2849,9,2,2207.33,4414.66
7084,2849,13,2,428.32,856.64
7085,2850,16,3,1127.41,3382.23
7086,2850,19,2,1172.14,2344.28
7087,2850,12,2,239.5,479.0
7088,2850,17,3,2168.63,6505.89
7089,2851,19,4,1425.27,5701.08
7090,2852,20,2,243.32,486.64
7091,2852,18,4,1496.91,5987.64
7092,2852,13,3,550.29,1650.87
7093,2853,11,3,847.51,2542.53
7094,2853,15,1,779.0,779.0
7095,2853,12,4,222.95,891.8
7096,2853,18,4,1607.4,6429.6
7097,2854,8,1,483.78,483.78
7098,2854,13,5,445.99,2229.95
7099,2854,3,2,953.59,1907.18
7100,2854,4,3,347.52,1042.56
7101,2855,8,1,597.79,597.79
7102,2855,17,1,2242.23,2242.23
7103,2855,5,2,172.12,344.24
7104,2856,2,3,775.04,2325.12
7105,2857,7,1,671.39,671.39
7106,2857,1,3,2172.69,6518.07
7107,2858,1,3,1877.77,5633.31
7108,2858,11,1,1014.97,1014.97
7109,2858,10,3,779.17,2337.51
7110,2859,2,2,843.12,1686.24
7111,2859,7,2,525.72,1051.44
7112,2859,12,3,285.16,855.48
7113,2860,10,4,943.32,3773.28
7114,2860,1,3,1883.92,5651.76
7115,2860,2,2,741.27,1482.54
7116,2860,19,4,1406.93,5627.72
7117,2861,11,6,919.96,5519.76
7118,2861,19,4,1419.84,5679.36
7119,2862,16,1,969.86,969.86
7120,2863,19,3,1230.03,3690.09
7121,2863,12,2,238.03,476.06
7122,2863,4,3,439.04,1317.12
7123,2864,8,1,528.44,528.44
7124,2865,11,2,1087.77,2175.54
7125,2865,4,4,452.1,1808.4
7126,2866,10,1,861.04,861.04
7127,2867,7,3,677.56,2032.68
7128,2867,1,3,2124.05,6372.15
7129,2868,7,5,577.08,2885.4
7130,2868,16,4,1073.31,4293.24
7131,2869,5,4,171.71,686.84
7132,2869,9,2,2087.72,4175.44
7133,2869,14,3,134.8,404.4
7134,2870,1,3,1901.26,5703.78
7135,2871,15,4,776.02,3104.08
7136,2872,6,3,113.26,339.78
7137,2872,13,3,497.17,1491.51
7138,2873,18,2,1719.29,3438.58
7139,2873,7,2,580.44,1160.88
7140,2874,3,6,946.51,5679.06
7141,2874,12,5,231.59,1157.95
7142,2874,5,1,194.61,194.61
7143,2874,12,1,219.32,219.32
7144,2875,17,4,2041.95,8167.8
7145,2875,14,5,161.39,806.95
7146,2875,3,2,919.03,1838.06
7147,2876,20,3,190.27,570.81
7148,2876,18,1,1671.79,1671.79
7149,2876,7,4,545.57,2182.28
7150,2876,9,5,2232.18,11160.9
7151,2877,8,2,561.59,1123.18
7152,2877,18,3,1568.5,4705.5
7153,2878,19,3,1294.31,3882.93
7154,2878,11,3,843.45,2530.35
7155,2879,17,2,1798.32,3596.64
7156,2880,20,1,223.23,223.23
7157,2881,5,2,153.67,307.34
7158,2881,1,4,1679.7,6718.8
7159,2881,4,5,407.67,2038.35
7160,2881,4,1,447.14,447.14
7161,2882,4,6,405.26,2431.56
7162,2882,19,5,1253.26,6266.3
7163,2883,2,2,686.95,1373.9
7164,2883,3,3,1014.25,3042.75
7165,2883,6,3,110.85,332.55
7166,2884,10,4,971.75,3887.0
7167,2885,15,4,743.61,2974.44
7168,2886,8,4,509.87,2039.48
7169,2886,13,5,509.55,2547.75
7170,2886,16,5,1220.24,6101.2
7171,2886,19,2,1188.59,2377.18
7172,2887,3,3,809.28,2427.84
7173,2887,12,1,254.28,254.28
7174,2887,20,2,214.82,429.64
7175,2887,6,2,113.41,226.82
7176,2888,18,2,1566.98,3133.96
7177,2888,8,5,590.5,2952.5
7178,2888,12,3,233.06,699.18
7179,2889,10,3,970.68,2912.04
7180,2889,14,4,129.76,519.04
7181,2889,19,2,1415.14,2830.28
7182,2889,10,4,836.06,3344.24
7183,2890,5,2,211.54,423.08
7184,2890,19,1,1364.77,1364.77
7185,2891,10,4,738.77,2955.08
7186,2891,4,2,464.0,928.0
7187,2892,3,1,788.56,788.56
7188,2893,18,6,1753.82,10522.92
7189,2893,20,4,197.88,791.52
7190,2893,15,4,758.06,3032.24
7191,2893,12,2,285.84,571.68
7192,2894,16,3,1333.63,4000.89
7193,2894,3,2,930.18,1860.36
7194,2894,20,5,208.11,1040.55
7195,2894,15,4,819.86,3279.44
7196,2895,8,4,519.22,2076.88
7197,2895,13,1,428.99,428.99
7198,2896,13,2,417.22,834.44
7199,2896,16,2,968.38,1936.76
7200,2896,11,2,848.26,1696.52
7201,2896,18,1,1881.27,1881.27
7202,2897,17,2,2026.21,4052.42
7203,2898,14,3,118.33,354.99
7204,2899,5,2,187.55,375.1
7205,2900,13,3,434.83,1304.49
7206,2900,10,2,828.39,1656.78
7207,2900,19,2,1407.43,2814.86
7208,2901,9,4,2140.65,8562.6
7209,2901,14,2,144.83,289.66
7210,2901,3,6,948.71,5692.26
7211,2901,11,2,826.54,1653.08
7212,2902,3,1,847.99,847.99
7213,2902,13,4,518.32,2073.28
7214,2902,3,5,793.36,3966.8
7215,2903,13,2,545.95,1091.9
7216,2904,2,3,870.53,2611.59
7217,2904,9,2,2236.44,4472.88
7218,2904,18,4,1418.59,5674.36
7219,2904,14,2,154.68,309.36
7220,2905,12,2,262.54,525.08
7221,2905,11,4,906.74,3626.96
7222,2905,11,3,905.62,2716.86
7223,2905,10,3,798.83,2396.49
7224,2906,14,4,145.54,582.16
7225,2906,2,4,921.61,3686.44
7226,2906,10,1,985.66,985.66
7227,2907,11,5,1058.54,5292.7
7228,2907,13,5,552.62,2763.1
7229,2907,8,3,488.71,1466.13
7230,2907,2,2,736.62,1473.24
7231,2908,16,3,1287.78,3863.34
7232,2908,7,1,636.14,636.14
7233,2908,14,4,144.23,576.92
7234,2909,15,2,975.78,1951.56
7235,2909,10,4,762.88,3051.52
7236,2909,10,4,885.89,3543.56
7237,2909,1,4,1913.54,7654.16
7238,2910,11,2,969.02,1938.04
7239,2910,4,1,447.79,447.79
7240,2910,11,3,876.07,2628.21
7241,2910,2,6,705.13,4230.78
7242,2911,18,4,1606.4,6425.6
7243,2911,8,3,472.15,1416.45
7244,2911,20,1,209.22,209.22
7245,2911,19,3,1169.37,3508.11
7246,2912,8,4,521.19,2084.76
7247,2912,17,3,2301.24,6903.72
7248,2912,11,2,801.02,1602.04
7249,2913,17,2,1988.03,3976.06
7250,2913,3,6,1015.19,6091.14
7251,2914,3,1,768.37,768.37
7252,2914,12,3,211.29,633.87
7253,2915,15,2,1007.51,2015.02
7254,2915,2,1,855.11,855.11
7255,2916,12,5,244.73,1223.65
7256,2916,19,2,1077.51,2155.02
7257,2916,5,3,167.59,502.77
7258,2917,8,1,622.5,622.5
7259,2917,4,1,365.12,365.12
7260,2917,2,3,699.99,2099.97
7261,2918,19,2,1066.1,2132.2
7262,2918,6,3,106.72,320.16
7263,2918,9,6,1863.16,11178.96
7264,2918,5,4,210.97,843.88
7265,2919,5,3,156.53,469.59
7266,2919,1,2,2065.97,4131.94
7267,2919,2,4,681.35,2725.4
7268,2920,14,4,151.3,605.2
7269,2920,11,3,854.37,2563.11
7270,2920,6,1,115.15,115.15
7271,2921,2,3,865.31,2595.93
7272,2922,2,3,892.87,2678.61
7273,2922,20,5,195.49,977.45
7274,2922,4,2,401.59,803.18
7275,2923,5,3,169.54,508.62
7276,2923,4,3,469.77,1409.31
7277,2923,1,2,1677.19,3354.38
7278,2923,13,4,446.11,1784.44
7279,2924,6,5,103.17,515.85
7280,2924,13,2,545.09,1090.18
7281,2925,12,3,270.45,811.35
7282,2926,17,2,2314.17,4628.34
7283,2926,1,3,2087.32,6261.96
7284,2926,7,2,709.93,1419.86
7285,2927,16,2,1140.46,2280.92
7286,2928,15,2,845.2,1690.4
7287,2929,1,3,1683.67,5051.01
7288,2929,4,3,442.38,1327.14
7289,2929,8,1,454.08,454.08
7290,2929,3,1,805.58,805.58
7291,2930,13,2,473.6,947.2
7292,2930,8,1,492.17,492.17
7293,2930,6,4,110.69,442.76
7294,2930,11,3,888.51,2665.53
7295,2931,18,2,1948.91,3897.82
7296,2931,5,2,174.64,349.28
7297,2931,3,1,975.68,975.68
7298,2932,2,3,702.01,2106.03
7299,2932,5,2,183.69,367.38
7300,2933,4,3,381.89,1145.67
7301,2933,9,2,1849.64,3699.28
7302,2933,10,1,774.61,774.61
7303,2934,11,2,1077.87,2155.74
7304,2935,19,2,1322.34,2644.68
7305,2935,11,1,793.3,793.3
7306,2935,17,2,1766.06,3532.12
7307,2935,11,3,938.83,2816.49
7308,2936,11,5,789.45,3947.25
7309,2937,10,3,952.94,2858.82
7310,2937,8,1,598.4,598.4
7311,2937,2,4,735.49,2941.96
7312,2938,13,2,509.17,1018.34
7313,2938,9,1,1787.38,1787.38
7314,2938,17,3,1812.22,5436.66
7315,2939,12,4,270.88,1083.52
7316,2940,6,2,112.74,225.48
7317,2941,16,1,1162.41,1162.41
7318,2941,5,3,157.98,473.94
7319,2942,14,6,126.66,759.96
7320,2942,8,1,608.31,608.31
7321,2942,19,4,1173.19,4692.76
7322,2943,1,2,2207.09,4414.18
7323,2944,10,1,892.26,892.26
7324,2944,6,2,136.79,273.58
7325,2944,2,3,893.3,2679.9
7326,2944,11,4,1032.18,4128.72
7327,2945,2,3,782.38,2347.14
7328,2945,11,4,848.2,3392.8
7329,2945,6,2,136.56,273.12
7330,2945,13,3,443.78,1331.34
7331,2946,9,4,1940.4,7761.6
7332,2946,16,5,1058.34,5291.7
7333,2946,16,3,1221.63,3664.89
7334,2947,2,3,902.1,2706.3
7335,2948,17,2,2202.02,4404.04
7336,2948,14,4,162.23,648.92
7337,2948,6,2,114.5,229.0
7338,2948,13,3,499.1,1497.3
7339,2949,17,3,1737.04,5211.12
7340,2949,13,3,544.53,1633.59
7341,2949,17,1,2318.06,2318.06
7342,2949,12,4,229.17,916.68
7343,2950,9,2,1897.76,3795.52
7344,2950,18,4,1814.03,7256.12
7345,2950,20,2,197.32,394.64
7346,2950,13,1,443.66,443.66
7347,2951,2,1,693.04,693.04
7348,2951,2,2,882.75,1765.5
7349,2951,9,2,2288.59,4577.18
7350,2951,20,4,255.43,1021.72
7351,2952,9,1,2145.61,2145.61
7352,2953,10,1,732.72,732.72
7353,2954,4,5,383.96,1919.8
7354,2955,16,3,1170.87,3512.61
7355,2955,20,2,231.75,463.5
7356,2956,15,2,1009.41,2018.82
7357,2957,6,2,133.62,267.24
7358,2958,13,1,412.16,412.16
7359,2958,2,3,695.9,2087.7
7360,2958,13,1,476.48,476.48
7361,2958,8,3,606.04,1818.12
7362,2959,5,3,156.27,468.81
7363,2959,20,3,189.53,568.59
7364,2960,13,1,408.19,408.19
7365,2961,9,1,1902.46,1902.46
7366,2961,18,2,1465.09,2930.18
7367,2962,10,4,807.03,3228.12
7368,2962,3,1,897.45,897.45
7369,2963,1,3,1722.69,5168.07
7370,2963,14,2,153.08,306.16
7371,2963,20,5,256.71,1283.55
7372,2963,20,3,195.23,585.69
7373,2964,8,2,491.47,982.94
7374,2965,13,3,460.46,1381.38
7375,2966,11,3,1083.41,3250.23
7376,2966,2,3,880.11,2640.33
7377,2966,20,2,232.16,464.32
7378,2967,12,4,264.9,1059.6
7379,2968,3,3,913.34,2740.02
7380,2968,5,4,166.13,664.52
7381,2968,18,2,1808.82,3617.64
7382,2969,10,2,974.56,1949.12
7383,2970,19,2,1235.98,2471.96
7384,2971,15,3,1007.9,3023.7
7385,2971,10,3,980.32,2940.96
7386,2971,4,2,456.1,912.2
7387,2971,1,4,2171.9,8687.6
7388,2972,2,1,706.8,706.8
7389,2972,5,4,180.16,720.64
7390,2972,3,1,746.33,746.33
7391,2972,19,1,1136.04,1136.04
7392,2973,19,2,1191.33,2382.66
7393,2974,16,3,1049.05,3147.15
7394,2975,10,2,872.99,1745.98
7395,2975,5,1,173.79,173.79
7396,2975,20,3,192.89,578.67
7397,2976,10,3,769.7,2309.1
7398,2976,9,3,1734.61,5203.83
7399,2976,15,5,934.19,4670.95
7400,2976,14,5,142.67,713.35
7401,2977,13,2,451.82,903.64
7402,2977,8,1,482.47,482.47
7403,2977,14,4,162.1,648.4
7404,2977,1,1,1642.66,1642.66
7405,2978,7,3,669.17,2007.51
7406,2979,17,2,1986.91,3973.82
7407,2979,16,4,1316.86,5267.44
7408,2979,2,3,822.28,2466.84
7409,2979,12,3,232.42,697.26
7410,2980,4,4,371.19,1484.76
7411,2980,18,1,1776.74,1776.74
7412,2980,4,2,426.66,853.32
7413,2980,20,5,214.11,1070.55
7414,2981,8,5,461.11,2305.55
7415,2981,15,3,788.53,2365.59
7416,2981,4,3,423.31,1269.93
7417,2982,6,5,114.76,573.8
7418,2982,16,1,1051.03,1051.03
7419,2983,5,2,210.43,420.86
7420,2983,15,1,832.92,832.92
7421,2983,7,2,720.89,1441.78
7422,2983,7,1,577.71,577.71
7423,2984,17,1,2184.98,2184.98
7424,2984,2,3,886.8,2660.4
7425,2984,4,3,428.52,1285.56
7426,2984,12,2,215.54,431.08
7427,2985,18,2,1845.92,3691.84
7428,2985,14,2,161.79,323.58
7429,2985,17,3,1903.03,5709.09
7430,2985,7,2,591.22,1182.44
7431,2986,20,2,256.46,512.92
7432,2987,3,3,977.48,2932.44
7433,2987,3,2,819.42,1638.84
7434,2987,15,1,921.49,921.49
7435,2987,18,2,1928.47,3856.94
7436,2988,7,2,615.47,1230.94
7437,2988,11,2,973.59,1947.18
7438,2988,10,3,739.19,2217.57
7439,2989,3,2,872.28,1744.56
7440,2989,13,3,409.7,1229.1
7441,2989,18,3,1824.89,5474.67
7442,2989,10,3,964.87,2894.61
7443,2990,8,2,516.2,1032.4
7444,2991,8,4,522.61,2090.44
7445,2991,5,1,186.02,186.02
7446,2991,4,2,432.79,865.58
7447,2991,11,2,882.81,1765.62
7448,2992,18,4,1791.9,7167.6
7449,2992,2,3,855.12,2565.36
7450,2992,19,1,1148.3,1148.3
7451,2992,1,4,1822.8,7291.2
7452,2993,3,2,771.46,1542.92
7453,2993,18,2,1733.4,3466.8
7454,2993,15,4,779.72,3118.88
7455,2994,7,3,575.68,1727.04
7456,2994,9,2,2331.23,4662.46
7457,2994,17,4,2024.93,8099.72
7458,2995,13,3,537.57,1612.71
7459,2995,12,4,235.56,942.24
7460,2995,11,3,1011.95,3035.85
7461,2996,6,4,124.22,496.88
7462,2996,5,3,157.33,471.99
7463,2996,7,2,568.48,1136.96
7464,2996,6,1,108.16,108.16
7465,2997,7,1,598.29,598.29
7466,2998,2,2,717.53,1435.06
7467,2998,14,1,162.77,162.77
7468,2999,9,3,2281.48,6844.44
7469,2999,6,1,117.23,117.23
7470,2999,7,2,637.89,1275.78
7471,2999,14,4,154.33,617.32
7472,3000,20,3,189.54,568.62
7473,3001,5,4,163.41,653.64
7474,3001,11,2,797.09,1594.18
7475,3001,7,3,681.87,2045.61
7476,3002,3,1,743.22,743.22
7477,3002,16,1,1274.46,1274.46
7478,3002,3,4,988.29,3953.16
7479,3003,6,3,119.83,359.49
7480,3003,9,2,1985.04,3970.08
7481,3003,16,2,1309.6,2619.2
7482,3004,8,5,479.75,2398.75
7483,3004,3,4,744.17,2976.68
7484,3005,3,2,779.88,1559.76
7485,3005,9,3,2161.74,6485.22
7486,3005,5,4,199.85,799.4
7487,3006,14,3,151.66,454.98
7488,3006,19,3,1419.55,4258.65
7489,3006,9,1,1953.73,1953.73
7490,3007,14,4,143.66,574.64
7491,3007,13,4,463.76,1855.04
7492,3007,8,1,456.66,456.66
7493,3008,1,4,2215.48,8861.92
7494,3008,17,5,2274.3,11371.5
7495,3009,11,5,1049.19,5245.95
7496,3010,20,2,236.15,472.3
7497,3010,3,6,779.36,4676.16
7498,3010,5,4,156.34,625.36
7499,3010,12,2,221.61,443.22
7500,3011,20,6,189.9,1139.4
7501,3011,1,5,1751.0,8755.0
7502,3012,11,3,1029.89,3089.67
7503,3012,18,2,1715.68,3431.36
7504,3012,5,3,166.99,500.97
7505,3012,20,2,241.19,482.38
7506,3013,17,4,2025.72,8102.88
7507,3014,20,6,240.07,1440.42
7508,3015,20,2,238.57,477.14
7509,3016,8,3,608.6,1825.8
7510,3016,7,3,523.63,1570.89
7511,3016,3,3,969.85,2909.55
7512,3017,13,3,472.09,1416.27
7513,3017,2,3,700.8,2102.4
7514,3017,12,2,253.69,507.38
7515,3018,9,4,2182.65,8730.6
7516,3018,7,4,548.85,2195.4
7517,3018,2,3,816.78,2450.34
7518,3018,11,3,865.44,2596.32
7519,3019,14,2,125.85,251.7
7520,3019,9,4,2086.57,8346.28
7521,3019,11,4,839.39,3357.56
7522,3019,18,6,1881.4,11288.4
7523,3020,14,3,123.66,370.98
7524,3020,8,2,626.07,1252.14
7525,3021,5,6,210.39,1262.34
7526,3021,13,4,552.84,2211.36
7527,3021,16,4,1308.76,5235.04
7528,3022,2,2,839.44,1678.88
7529,3022,4,1,449.05,449.05
7530,3022,13,3,474.75,1424.25
7531,3022,7,4,709.46,2837.84
7532,3023,10,3,809.41,2428.23
7533,3024,7,2,674.03,1348.06
7534,3024,19,4,1389.73,5558.92
7535,3024,11,2,1046.39,2092.78
7536,3024,1,6,2088.28,12529.68
7537,3025,12,3,279.8,839.4
7538,3025,13,2,441.21,882.42
7539,3026,5,4,175.51,702.04
7540,3026,18,3,1451.3,4353.9
7541,3027,20,3,230.94,692.82
7542,3027,14,2,161.16,322.32
7543,3028,20,3,198.15,594.45
7544,3028,10,1,875.13,875.13
7545,3028,19,3,1297.29,3891.87
7546,3028,3,2,967.89,1935.78
7547,3029,18,2,1445.21,2890.42
7548,3029,7,1,628.58,628.58
7549,3030,19,4,1346.13,5384.52
7550,3030,17,1,2156.53,2156.53
7551,3030,18,3,1482.41,4447.23
7552,3031,3,2,876.85,1753.7
7553,3031,10,5,928.27,4641.35
7554,3032,6,3,105.5,316.5
7555,3032,17,4,2128.93,8515.72
7556,3032,9,3,1805.6,5416.8
7557,3033,1,5,1723.46,8617.3
7558,3033,3,3,787.81,2363.43
7559,3034,3,4,874.17,3496.68
7560,3034,7,2,544.15,1088.3
7561,3035,20,2,222.23,444.46
7562,3036,13,2,404.0,808.0
7563,3036,14,3,149.45,448.35
7564,3036,3,3,820.52,2461.56
7565,3036,4,3,360.58,1081.74
7566,3037,2,2,874.22,1748.44
7567,3037,4,4,415.78,1663.12
7568,3038,9,1,2125.94,2125.94
7569,3038,11,1,1006.85,1006.85
7570,3039,14,2,141.52,283.04
7571,3039,4,3,368.78,1106.34
7572,3039,18,3,1773.63,5320.89
7573,3039,10,2,800.37,1600.74
7574,3040,20,1,217.43,217.43
7575,3040,4,1,350.23,350.23
7576,3040,4,1,423.72,423.72
7577,3041,6,1,107.44,107.44
7578,3041,15,1,885.38,885.38
7579,3041,8,1,584.14,584.14
7580,3042,6,3,127.23,381.69
7581,3042,19,4,1138.82,4555.28
7582,3042,19,2,1399.42,2798.84
7583,3042,15,4,903.89,3615.56
7584,3043,16,2,1334.6,2669.2
7585,3043,8,4,501.15,2004.6
7586,3043,20,5,249.59,1247.95
7587,3044,7,2,588.46,1176.92
7588,3044,7,3,624.18,1872.54
7589,3044,16,4,1022.85,4091.4
7590,3044,6,2,106.07,212.14
7591,3045,5,3,175.63,526.89
7592,3045,17,3,1753.13,5259.39
7593,3045,12,6,236.43,1418.58
7594,3046,14,3,150.08,450.24
7595,3046,8,2,597.55,1195.1
7596,3047,19,4,1065.31,4261.24
7597,3048,5,4,178.55,714.2
7598,3048,14,2,126.49,252.98
7599,3048,6,5,102.79,513.95
7600,3049,5,4,192.88,771.52
7601,3049,13,3,426.31,1278.93
7602,3049,12,2,241.04,482.08
7603,3049,1,2,2215.0,4430.0
7604,3050,8,5,508.37,2541.85
7605,3051,12,2,239.96,479.92
7606,3052,10,2,775.06,1550.12
7607,3052,12,5,280.62,1403.1
7608,3052,19,2,1256.35,2512.7
7609,3052,1,3,2022.11,6066.33
7610,3053,10,6,872.69,5236.14
7611,3053,16,4,1177.32,4709.28
7612,3053,19,3,1248.12,3744.36
7613,3054,12,4,261.13,1044.52
7614,3054,5,4,153.13,612.52
7615,3055,1,5,1659.73,8298.65
7616,3055,13,4,398.92,1595.68
7617,3056,10,4,809.72,3238.88
7618,3056,16,2,1153.28,2306.56
7619,3056,4,4,344.83,1379.32
7620,3057,4,1,370.41,370.41
7621,3057,20,3,235.97,707.91
7622,3057,8,2,474.27,948.54
7623,3058,18,2,1672.33,3344.66
7624,3059,17,3,2334.61,7003.83
7625,3059,19,3,1041.83,3125.49
7626,3059,2,4,861.37,3445.48
7627,3060,9,3,1725.77,5177.31
7628,3061,8,4,532.22,2128.88
7629,3061,19,4,1234.4,4937.6
7630,3062,18,2,1867.64,3735.28
7631,3062,13,2,452.63,905.26
7632,3062,1,3,1793.62,5380.86
7633,3063,17,2,1810.81,3621.62
7634,3064,9,2,2024.48,4048.96
7635,3064,15,2,751.89,1503.78
7636,3064,6,3,138.15,414.45
7637,3065,15,3,942.67,2828.01
7638,3065,13,2,400.23,800.46
7639,3066,8,3,523.32,1569.96
7640,3066,1,3,2089.06,6267.18
7641,3066,13,3,543.26,1629.78
7642,3066,10,4,875.44,3501.76
7643,3067,15,4,787.37,3149.48
7644,3068,1,1,1674.29,1674.29
7645,3068,4,4,342.96,1371.84
7646,3068,16,2,1254.98,2509.96
7647,3068,7,3,527.16,1581.48
7648,3069,18,1,1562.97,1562.97
7649,3069,20,3,240.99,722.97
7650,3070,2,2,890.43,1780.86
7651,3071,2,4,812.13,3248.52
7652,3071,19,4,1383.25,5533.0
7653,3071,1,4,2203.09,8812.36
7654,3071,18,1,1550.28,1550.28
7655,3072,16,2,1107.55,2215.1
7656,3072,13,4,409.64,1638.56
7657,3072,20,6,232.55,1395.3
7658,3073,12,2,268.4,536.8
7659,3074,10,3,888.0,2664.0
7660,3074,12,5,228.81,1144.05
7661,3074,14,2,134.51,269.02
7662,3075,8,2,575.11,1150.22
7663,3075,19,3,1322.69,3968.07
7664,3075,1,3,1933.26,5799.78
7665,3076,11,2,969.23,1938.46
7666,3076,7,1,647.78,647.78
7667,3076,9,2,2221.58,4443.16
7668,3076,5,1,203.13,203.13
7669,3077,16,3,1268.5,3805.5
7670,3078,3,3,989.11,2967.33
7671,3078,1,3,2001.57,6004.71
7672,3079,12,3,219.65,658.95
7673,3080,11,5,951.19,4755.95
7674,3080,15,2,871.52,1743.04
7675,3081,18,2,1646.52,3293.04
7676,3081,15,2,938.18,1876.36
7677,3081,3,3,838.58,2515.74
7678,3081,11,3,1077.79,3233.37
7679,3082,16,4,1135.98,4543.92
7680,3082,11,2,1054.04,2108.08
7681,3082,7,3,523.66,1570.98
7682,3083,2,4,858.56,3434.24
7683,3083,5,1,193.48,193.48
7684,3083,6,1,123.17,123.17
7685,3084,7,4,545.49,2181.96
7686,3084,13,3,507.45,1522.35
7687,3085,7,4,614.76,2459.04
7688,3086,8,4,458.89,1835.56
7689,3086,14,1,123.93,123.93
7690,3086,9,6,1925.92,11555.52
7691,3087,10,2,723.16,1446.32
7692,3087,15,3,917.19,2751.57
7693,3087,7,4,622.01,2488.04
7694,3087,13,2,526.95,1053.9
7695,3088,7,3,669.36,2008.08
7696,3088,5,2,169.54,339.08
7697,3088,6,1,111.72,111.72
7698,3089,3,3,939.12,2817.36
7699,3089,6,3,119.84,359.52
7700,3089,6,3,132.92,398.76
7701,3090,12,3,237.17,711.51
7702,3090,19,2,1163.74,2327.48
7703,3090,7,3,651.89,1955.67
7704,3090,9,2,2071.29,4142.58
7705,3091,5,1,192.72,192.72
7706,3091,2,3,928.13,2784.39
7707,3092,18,1,1420.33,1420.33
7708,3092,16,2,1225.23,2450.46
7709,3092,4,1,395.04,395.04
7710,3092,5,6,193.52,1161.12
7711,3093,11,2,824.71,1649.42
7712,3093,7,3,567.95,1703.85
7713,3093,16,5,1008.91,5044.55
7714,3093,15,1,975.46,975.46
7715,3094,14,1,128.22,128.22
7716,3095,3,4,976.04,3904.16
7717,3095,19,3,1084.22,3252.66
7718,3095,10,1,964.33,964.33
7719,3095,12,3,212.25,636.75
7720,3096,12,4,243.6,974.4
7721,3096,9,4,1810.52,7242.08
7722,3096,14,3,133.33,399.99
7723,3097,5,2,186.69,373.38
7724,3097,16,1,1190.91,1190.91
7725,3097,5,2,208.2,416.4
7726,3097,10,1,748.95,748.95
7727,3098,6,3,133.55,400.65
7728,3098,15,3,1004.77,3014.31
7729,3099,14,4,140.77,563.08
7730,3099,15,2,858.51,1717.02
7731,3099,11,2,1084.15,2168.3
7732,3100,16,2,1308.52,2617.04
7733,3101,7,3,578.95,1736.85
7734,3102,18,1,1724.56,1724.56
7735,3102,13,2,415.19,830.38
7736,3103,5,2,165.43,330.86
7737,3103,5,1,154.65,154.65
7738,3103,18,4,1661.31,6645.24
7739,3104,20,4,214.24,856.96
7740,3104,8,5,554.69,2773.45
7741,3104,14,4,156.55,626.2
7742,3105,2,2,677.3,1354.6
7743,3105,20,3,203.23,609.69
7744,3105,10,3,911.32,2733.96
7745,3105,16,4,1237.33,4949.32
7746,3106,19,4,1331.37,5325.48
7747,3107,15,2,947.67,1895.34
7748,3107,19,5,1223.52,6117.6
7749,3107,16,3,1212.33,3636.99
7750,3108,2,4,748.86,2995.44
7751,3108,20,1,206.07,206.07
7752,3108,9,4,1885.39,7541.56
7753,3108,8,5,607.49,3037.45
7754,3109,10,3,868.33,2604.99
7755,3109,12,2,218.3,436.6
7756,3109,10,4,764.02,3056.08
7757,3110,16,2,1309.62,2619.24
7758,3110,4,1,441.15,441.15
7759,3111,18,2,1433.26,2866.52
7760,3111,5,3,181.35,544.05
7761,3111,13,3,464.14,1392.42
7762,3111,11,2,1061.03,2122.06
7763,3112,5,1,202.0,202.0
7764,3113,4,3,449.46,1348.38
7765,3114,6,5,103.98,519.9
7766,3114,17,3,2122.89,6368.67
7767,3115,1,2,1886.5,3773.0
7768,3115,14,3,138.07,414.21
7769,3116,1,1,1999.94,1999.94
7770,3116,14,3,125.73,377.19
7771,3116,19,4,1181.72,4726.88
7772,3116,3,2,1014.5,2029.0
7773,3117,15,1,952.0,952.0
7774,3117,3,6,993.65,5961.9
7775,3117,13,1,503.23,503.23
7776,3117,5,3,159.31,477.93
7777,3118,17,3,1890.4,5671.2
7778,3119,4,6,360.08,2160.48
7779,3120,8,1,479.99,479.99
7780,3120,11,3,1029.82,3089.46
7781,3120,12,2,253.99,507.98
7782,3121,15,4,760.34,3041.36
7783,3121,14,2,135.04,270.08
7784,3121,8,2,477.27,954.54
7785,3122,14,2,136.38,272.76
7786,3122,14,4,141.83,567.32
7787,3122,17,3,2171.28,6513.84
7788,3123,8,3,590.81,1772.43
7789,3124,2,2,754.27,1508.54
7790,3124,9,3,2184.94,6554.82
7791,3125,16,5,1272.05,6360.25
7792,3125,17,4,1741.7,6966.8
7793,3125,10,3,916.49,2749.47
7794,3126,20,2,244.15,488.3
7795,3127,12,6,251.52,1509.12
7796,3128,14,2,120.24,240.48
7797,3128,17,3,2210.13,6630.39
7798,3128,12,4,215.09,860.36
7799,3129,10,3,737.24,2211.72
7800,3130,9,2,1790.64,3581.28
7801,3130,9,5,2342.04,11710.2
7802,3130,16,3,1308.36,3925.08
7803,3130,7,2,558.34,1116.68
7804,3131,17,2,1686.26,3372.52
7805,3131,3,1,890.49,890.49
7806,3132,9,3,1775.28,5325.84
7807,3132,17,2,1690.09,3380.18
7808,3133,10,2,720.82,1441.64
7809,3133,8,4,520.34,2081.36
7810,3133,5,3,191.98,575.94
7811,3133,7,2,523.85,1047.7
7812,3134,2,2,771.42,1542.84
7813,3134,17,3,1720.34,5161.02
7814,3134,6,6,136.14,816.84
7815,3135,20,5,192.74,963.7
7816,3136,16,6,1284.81,7708.86
7817,3137,3,5,920.44,4602.2
7818,3138,4,2,342.24,684.48
7819,3138,18,1,1829.36,1829.36
7820,3138,2,2,825.42,1650.84
7821,3139,9,3,2162.12,6486.36
7822,3139,17,1,1916.88,1916.88
7823,3139,5,3,158.61,475.83
7824,3139,2,1,873.48,873.48
7825,3140,7,5,630.1,3150.5
7826,3140,1,1,1778.0,1778.0
7827,3141,16,3,1212.67,3638.01
7828,3141,12,4,222.7,890.8
7829,3141,12,1,209.25,209.25
7830,3141,16,1,981.67,981.67
7831,3142,10,5,832.96,4164.8
7832,3142,8,5,458.2,2291.0
7833,3142,6,2,128.57,257.14
7834,3142,4,1,437.06,437.06
7835,3143,3,5,853.08,4265.4
7836,3143,4,3,458.49,1375.47
7837,3144,10,2,724.57,1449.14
7838,3144,1,3,1632.49,4897.47
7839,3145,5,3,172.13,516.39
7840,3145,8,2,477.57,955.14
7841,3145,17,2,1697.75,3395.5
7842,3146,5,1,211.6,211.6
7843,3146,13,1,413.76,413.76
7844,3146,16,3,1226.67,3680.01
7845,3146,7,3,690.98,2072.94
7846,3147,3,3,837.45,2512.35
7847,3147,6,3,125.36,376.08
7848,3148,1,2,1656.68,3313.36
7849,3149,20,3,237.07,711.21
7850,3149,14,3,147.62,442.86
7851,3149,20,4,233.8,935.2
7852,3150,6,2,110.26,220.52
7853,3150,14,1,118.68,118.68
7854,3150,5,4,165.31,661.24
7855,3151,18,6,1593.22,9559.32
7856,3152,9,3,2121.72,6365.16
7857,3152,18,3,1838.69,5516.07
7858,3152,15,5,749.15,3745.75
7859,3153,15,2,847.74,1695.48
7860,3153,11,5,858.83,4294.15
7861,3153,17,3,2256.24,6768.72
7862,3153,4,1,373.18,373.18
7863,3154,17,3,2302.54,6907.62
7864,3154,14,4,156.66,626.64
7865,3154,20,4,201.57,806.28
7866,3155,6,2,119.9,239.8
7867,3155,20,4,206.49,825.96
7868,3155,17,1,1744.91,1744.91
7869,3155,6,4,110.88,443.52
7870,3156,9,2,2380.73,4761.46
7871,3156,1,1,1779.72,1779.72
7872,3156,15,2,832.53,1665.06
7873,3156,9,3,1722.09,5166.27
7874,3157,17,1,1956.79,1956.79
7875,3157,18,2,1461.87,2923.74
7876,3157,6,2,125.06,250.12
7877,3157,12,3,280.86,842.58
7878,3158,19,2,1107.67,2215.34
7879,3159,9,2,2000.23,4000.46
7880,3159,18,3,1660.45,4981.35
7881,3160,19,2,1221.48,2442.96
7882,3161,14,3,118.41,355.23
7883,3161,5,3,162.54,487.62
7884,3161,6,1,113.58,113.58
7885,3161,3,2,865.96,1731.92
7886,3162,3,3,812.9,2438.7
7887,3162,12,2,259.24,518.48
7888,3163,11,1,865.3,865.3
7889,3163,10,4,821.44,3285.76
7890,3163,12,1,286.74,286.74
7891,3163,16,3,1135.65,3406.95
7892,3164,4,3,424.85,1274.55
7893,3165,9,6,2035.69,12214.14
7894,3166,10,1,949.67,949.67
7895,3166,16,4,1025.03,4100.12
7896,3167,20,2,226.78,453.56
7897,3168,8,2,534.07,1068.14
7898,3169,8,2,603.9,1207.8
7899,3169,5,3,160.15,480.45
7900,3169,9,3,1830.51,5491.53
7901,3169,4,2,465.75,931.5
7902,3170,12,4,214.02,856.08
7903,3171,13,6,546.53,3279.18
7904,3171,3,6,982.92,5897.52
7905,3171,17,2,1959.17,3918.34
7906,3172,18,3,1894.94,5684.82
7907,3172,20,4,219.03,876.12
7908,3172,8,3,565.52,1696.56
7909,3172,19,2,1314.31,2628.62
7910,3173,5,2,197.52,395.04
7911,3173,14,5,128.24,641.2
7912,3173,9,3,1803.67,5411.01
7913,3173,4,2,393.75,787.5
7914,3174,1,2,1723.99,3447.98
7915,3174,5,5,162.3,811.5
7916,3174,4,4,440.71,1762.84
7917,3175,2,2,845.69,1691.38
7918,3175,5,3,187.7,563.1
7919,3175,18,3,1823.36,5470.08
7920,3175,14,3,140.76,422.28
7921,3176,16,3,1278.42,3835.26
7922,3176,5,2,207.32,414.64
7923,3176,4,2,364.7,729.4
7924,3176,8,1,549.06,549.06
7925,3177,6,3,112.15,336.45
7926,3177,6,2,122.89,245.78
7927,3177,9,4,1780.16,7120.64
7928,3178,6,3,131.35,394.05
7929,3178,2,1,742.53,742.53
7930,3179,6,3,119.53,358.59
7931,3179,8,4,598.47,2393.88
7932,3179,7,1,546.54,546.54
7933,3180,10,2,852.51,1705.02
7934,3181,10,2,733.18,1466.36
7935,3182,12,3,227.78,683.34
7936,3182,8,5,624.23,3121.15
7937,3182,11,1,815.58,815.58
7938,3183,4,3,438.73,1316.19
7939,3183,1,1,1970.51,1970.51
7940,3183,10,3,808.51,2425.53
7941,3184,6,2,104.35,208.7
7942,3184,10,1,727.51,727.51
7943,3184,7,2,613.74,1227.48
7944,3184,5,5,160.1,800.5
7945,3185,8,1,491.72,491.72
7946,3185,10,1,858.81,858.81
7947,3185,18,3,1805.91,5417.73
7948,3185,3,3,925.65,2776.95
7949,3186,16,2,1034.01,2068.02
7950,3186,13,4,483.89,1935.56
7951,3187,18,3,1624.22,4872.66
7952,3187,16,2,1133.82,2267.64
7953,3187,19,1,1183.09,1183.09
7954,3187,9,2,2037.51,4075.02
7955,3188,12,1,253.37,253.37
7956,3188,6,2,128.18,256.36
7957,3189,1,2,1958.77,3917.54
7958,3189,15,2,986.52,1973.04
7959,3189,5,1,200.05,200.05
7960,3190,17,2,2120.51,4241.02
7961,3190,10,1,828.9,828.9
7962,3190,8,1,563.12,563.12
7963,3190,5,2,204.91,409.82
7964,3191,7,2,611.6,1223.2
7965,3191,10,2,815.51,1631.02
7966,3191,11,6,917.91,5507.46
7967,3191,9,2,1729.37,3458.74
7968,3192,15,5,824.8,4124.0
7969,3192,19,3,1348.17,4044.51
7970,3193,3,2,948.13,1896.26
7971,3193,6,1,126.47,126.47
7972,3193,17,2,2281.84,4563.68
7973,3194,19,3,1158.07,3474.21
7974,3194,3,1,849.22,849.22
7975,3194,8,3,574.35,1723.05
7976,3194,12,1,282.11,282.11
7977,3195,14,2,161.59,323.18
7978,3195,6,4,126.75,507.0
7979,3195,16,4,1121.4,4485.6
7980,3196,13,1,536.96,536.96
7981,3196,11,2,1033.76,2067.52
7982,3196,1,2,1843.99,3687.98
7983,3196,7,4,702.92,2811.68
7984,3197,11,4,1000.81,4003.24
7985,3197,1,2,1788.41,3576.82
7986,3197,16,4,963.76,3855.04
7987,3198,4,6,432.48,2594.88
7988,3198,16,3,1129.13,3387.39
7989,3199,8,4,625.98,2503.92
7990,3199,10,2,924.62,1849.24
7991,3200,12,5,280.69,1403.45
7992,3200,4,1,351.23,351.23
7993,3200,9,6,1986.14,11916.84
7994,3201,18,5,1501.15,7505.75
7995,3202,1,4,1847.05,7388.2
7996,3202,17,4,2301.72,9206.88
7997,3202,14,2,133.61,267.22
7998,3202,3,2,930.72,1861.44
7999,3203,20,1,241.65,241.65
8000,3204,1,6,1725.94,10355.64
8001,3204,8,3,616.09,1848.27
8002,3204,13,5,426.98,2134.9
8003,3205,1,4,1762.2,7048.8
8004,3205,12,3,277.89,833.67
8005,3205,16,1,1009.33,1009.33
8006,3205,7,3,617.13,1851.39
8007,3206,10,3,788.95,2366.85
8008,3206,12,2,235.84,471.68
8009,3207,15,4,904.28,3617.12
8010,3207,13,4,549.15,2196.6
8011,3207,2,3,821.54,2464.62
8012,3207,11,3,1057.43,3172.29
8013,3208,17,6,1797.91,10787.46
8014,3208,10,5,873.35,4366.75
8015,3209,15,2,879.96,1759.92
8016,3209,5,3,195.92,587.76
8017,3209,14,4,160.69,642.76
8018,3209,14,1,161.83,161.83
8019,3210,4,3,368.72,1106.16
8020,3211,17,2,1793.29,3586.58
8021,3211,20,4,233.73,934.92
8022,3211,18,3,1520.42,4561.26
8023,3212,4,6,466.7,2800.2
8024,3213,4,2,414.21,828.42
8025,3213,15,1,982.55,982.55
8026,3213,12,1,274.69,274.69
8027,3213,17,1,2331.36,2331.36
8028,3214,20,3,186.31,558.93
8029,3214,18,3,1648.8,4946.4
8030,3214,19,5,1260.68,6303.4
8031,3215,3,3,770.98,2312.94
8032,3215,13,3,476.06,1428.18
8033,3215,18,2,1420.28,2840.56
8034,3216,4,5,449.01,2245.05
8035,3216,4,3,449.47,1348.41
8036,3217,1,2,1800.31,3600.62
8037,3217,2,2,679.92,1359.84
8038,3217,3,2,992.27,1984.54
8039,3217,8,2,478.47,956.94
8040,3218,9,3,1844.75,5534.25
8041,3218,5,3,187.78,563.34
8042,3218,8,2,582.83,1165.66
8043,3219,17,1,2044.67,2044.67
8044,3219,1,4,1800.6,7202.4
8045,3219,1,4,2148.91,8595.64
8046,3220,9,2,1781.08,3562.16
8047,3220,11,2,964.63,1929.26
8048,3221,13,2,431.91,863.82
8049,3221,2,3,862.91,2588.73
8050,3221,1,2,1919.46,3838.92
8051,3221,13,3,464.33,1392.99
8052,3222,12,3,262.05,786.15
8053,3222,4,1,341.23,341.23
8054,3222,3,2,766.62,1533.24
8055,3223,1,6,2005.26,12031.56
8056,3224,7,3,667.86,2003.58
8057,3224,3,5,1013.72,5068.6
8058,3224,9,2,2210.78,4421.56
8059,3225,16,1,1150.32,1150.32
8060,3225,10,1,808.2,808.2
8061,3225,2,2,895.05,1790.1
8062,3225,19,4,1356.02,5424.08
8063,3226,9,2,2385.91,4771.82
8064,3227,13,2,468.84,937.68
8065,3228,4,1,368.05,368.05
8066,3228,6,5,117.75,588.75
8067,3229,9,2,1741.43,3482.86
8068,3229,7,3,679.72,2039.16
8069,3229,15,2,793.08,1586.16
8070,3229,4,2,463.2,926.4
8071,3230,15,1,898.72,898.72
8072,3230,10,2,967.28,1934.56
8073,3230,10,1,894.45,894.45
8074,3230,15,3,876.67,2630.01
8075,3231,17,6,1716.55,10299.3
8076,3231,18,2,1483.36,2966.72
8077,3231,3,2,815.16,1630.32
8078,3231,6,3,103.9,311.7
8079,3232,9,4,2288.63,9154.52
8080,3232,8,5,566.43,2832.15
8081,3232,4,2,375.97,751.94
8082,3233,18,5,1488.1,7440.5
8083,3233,14,3,158.06,474.18
8084,3233,7,2,632.59,1265.18
8085,3233,16,5,1209.73,6048.65
8086,3234,14,5,161.61,808.05
8087,3234,1,1,1893.27,1893.27
8088,3234,1,2,1953.22,3906.44
8089,3234,5,1,162.89,162.89
8090,3235,9,2,2279.06,4558.12
8091,3236,4,3,351.28,1053.84
8092,3237,5,4,184.21,736.84
8093,3238,5,1,191.39,191.39
8094,3238,13,3,460.72,1382.16
8095,3239,8,4,591.29,2365.16
8096,3239,9,5,1774.29,8871.45
8097,3239,17,2,2067.93,4135.86
8098,3239,20,2,224.01,448.02
8099,3240,3,3,870.42,2611.26
8100,3240,1,1,1997.66,1997.66
8101,3240,13,3,504.15,1512.45
8102,3240,11,2,1010.92,2021.84
8103,3241,14,2,161.57,323.14
8104,3241,12,3,222.65,667.95
8105,3241,10,6,725.74,4354.44
8106,3241,9,1,2246.96,2246.96
8107,3242,17,2,2229.31,4458.62
8108,3242,8,3,529.83,1589.49
8109,3242,20,2,241.07,482.14
8110,3243,17,2,2073.03,4146.06
8111,3243,15,2,966.39,1932.78
8112,3244,2,4,710.73,2842.92
8113,3244,11,4,946.25,3785.0
8114,3244,6,4,133.45,533.8
8115,3244,20,4,257.86,1031.44
8116,3245,14,4,127.48,509.92
8117,3245,2,3,811.78,2435.34
8118,3245,15,4,775.77,3103.08
8119,3246,18,5,1493.48,7467.4
8120,3246,10,3,962.94,2888.82
8121,3246,9,2,1752.69,3505.38
8122,3246,13,1,536.47,536.47
8123,3247,8,5,457.44,2287.2
8124,3247,8,2,569.68,1139.36
8125,3247,13,1,420.6,420.6
8126,3248,3,3,979.44,2938.32
8127,3249,12,3,266.76,800.28
8128,3249,4,2,342.07,684.14
8129,3249,14,3,162.08,486.24
8130,3249,9,3,2245.41,6736.23
8131,3250,5,1,173.1,173.1
8132,3250,8,2,489.26,978.52
8133,3251,4,1,360.54,360.54
8134,3251,7,1,671.45,671.45
8135,3252,2,3,781.66,2344.98
8136,3253,14,3,162.97,488.91
8137,3253,20,3,228.09,684.27
8138,3253,4,3,397.91,1193.73
8139,3253,9,1,1740.88,1740.88
8140,3254,18,3,1828.37,5485.11
8141,3254,2,3,672.91,2018.73
8142,3255,7,4,704.1,2816.4
8143,3255,8,2,626.67,1253.34
8144,3256,16,2,1149.12,2298.24
8145,3256,5,2,187.24,374.48
8146,3257,1,3,1910.87,5732.61
8147,3257,5,2,155.83,311.66
8148,3257,11,3,1078.75,3236.25
8149,3257,10,1,802.69,802.69
8150,3258,11,2,1028.46,2056.92
8151,3258,6,4,121.47,485.88
8152,3258,20,1,217.4,217.4
8153,3259,7,3,605.95,1817.85
8154,3259,15,1,953.46,953.46
8155,3259,3,2,846.34,1692.68
8156,3259,8,3,569.62,1708.86
8157,3260,17,2,2161.17,4322.34
8158,3260,12,2,249.45,498.9
8159,3260,4,3,393.16,1179.48
8160,3260,10,3,752.99,2258.97
8161,3261,7,2,603.77,1207.54
8162,3262,4,3,468.61,1405.83
8163,3262,9,4,2068.06,8272.24
8164,3262,13,2,403.77,807.54
8165,3262,4,1,436.93,436.93
8166,3263,17,2,1896.02,3792.04
8167,3263,20,2,230.46,460.92
8168,3263,12,2,281.06,562.12
8169,3264,15,1,916.97,916.97
8170,3264,8,4,463.1,1852.4
8171,3265,18,1,1623.18,1623.18
8172,3266,8,2,476.19,952.38
8173,3267,18,1,1480.67,1480.67
8174,3267,17,3,1906.13,5718.39
8175,3267,20,1,216.14,216.14
8176,3267,4,2,425.76,851.52
8177,3268,6,3,114.24,342.72
8178,3269,6,3,129.45,388.35
8179,3269,19,4,1306.0,5224.0
8180,3270,7,3,661.64,1984.92
8181,3270,20,2,247.86,495.72
8182,3270,11,4,995.47,3981.88
8183,3270,10,2,887.16,1774.32
8184,3271,4,2,423.24,846.48
8185,3271,18,4,1800.82,7203.28
8186,3271,12,1,219.27,219.27
8187,3272,17,2,1918.32,3836.64
8188,3272,18,3,1599.11,4797.33
8189,3272,9,4,2121.98,8487.92
8190,3273,11,2,974.11,1948.22
8191,3273,20,2,202.57,405.14
8192,3273,3,1,900.68,900.68
8193,3273,15,5,998.88,4994.4
8194,3274,13,2,400.25,800.5
8195,3274,13,4,514.99,2059.96
8196,3274,7,4,714.54,2858.16
8197,3275,3,3,966.38,2899.14
8198,3275,14,5,119.74,598.7
8199,3276,4,3,423.75,1271.25
8200,3277,12,3,242.68,728.04
8201,3277,7,4,675.14,2700.56
8202,3278,15,3,829.98,2489.94
8203,3278,19,1,1307.89,1307.89
8204,3279,5,2,206.5,413.0
8205,3279,1,2,2016.75,4033.5
8206,3279,18,3,1644.01,4932.03
8207,3280,13,2,525.79,1051.58
8208,3280,12,6,220.68,1324.08
8209,3280,7,4,567.41,2269.64
8210,3280,9,3,1929.27,5787.81
8211,3281,7,3,584.17,1752.51
8212,3282,8,2,489.35,978.7
8213,3283,17,2,2110.19,4220.38
8214,3283,4,1,371.6,371.6
8215,3283,16,1,970.16,970.16
8216,3283,9,3,2076.96,6230.88
8217,3284,4,3,392.66,1177.98
8218,3285,16,2,1173.88,2347.76
8219,3285,12,3,252.65,757.95
8220,3285,13,2,534.04,1068.08
8221,3286,9,5,2276.0,11380.0
8222,3287,14,3,149.77,449.31
8223,3287,6,2,132.65,265.3
8224,3287,2,1,747.97,747.97
8225,3287,3,2,959.88,1919.76
8226,3288,1,1,1968.96,1968.96
8227,3288,6,1,131.59,131.59
8228,3289,1,2,2193.2,4386.4
8229,3289,7,1,705.54,705.54
8230,3290,16,3,976.82,2930.46
8231,3290,4,2,444.06,888.12
8232,3291,11,2,1027.55,2055.1
8233,3291,5,2,176.28,352.56
8234,3291,15,2,953.28,1906.56
8235,3291,20,1,189.35,189.35
8236,3292,9,4,2253.18,9012.72
8237,3292,3,2,964.68,1929.36
8238,3292,12,2,269.59,539.18
8239,3292,14,4,163.6,654.4
8240,3293,7,6,609.6,3657.6
8241,3293,20,2,197.05,394.1
8242,3294,13,1,491.77,491.77
8243,3294,1,3,1791.2,5373.6
8244,3295,11,3,950.77,2852.31
8245,3296,9,6,2222.18,13333.08
8246,3296,1,1,2209.15,2209.15
8247,3297,15,2,898.41,1796.82
8248,3297,9,1,2307.19,2307.19
8249,3297,17,3,2225.48,6676.44
8250,3298,13,1,499.11,499.11
8251,3298,19,1,1155.24,1155.24
8252,3298,7,4,555.82,2223.28
8253,3299,7,1,571.39,571.39
8254,3299,2,2,866.27,1732.54
8255,3299,15,1,997.09,997.09
8256,3300,17,2,2315.2,4630.4
8257,3300,10,2,732.88,1465.76
8258,3300,10,3,902.21,2706.63
8259,3301,11,2,1082.56,2165.12
8260,3302,14,3,138.02,414.06
8261,3302,13,4,440.0,1760.0
8262,3302,13,4,498.45,1993.8
8263,3302,2,1,800.4,800.4
8264,3303,6,2,106.18,212.36
8265,3303,12,1,284.72,284.72
8266,3304,9,1,1828.69,1828.69
8267,3304,7,2,525.12,1050.24
8268,3304,1,6,2023.9,12143.4
8269,3305,14,3,148.96,446.88
8270,3306,1,2,2065.32,4130.64
8271,3306,15,5,1004.11,5020.55
8272,3306,18,4,1703.96,6815.84
8273,3307,4,2,421.91,843.82
8274,3307,5,3,203.96,611.88
8275,3307,20,1,187.43,187.43
8276,3308,7,3,697.59,2092.77
8277,3308,10,2,772.31,1544.62
8278,3308,17,2,2091.53,4183.06
8279,3308,3,6,848.71,5092.26
8280,3309,20,3,209.71,629.13
8281,3309,6,3,121.98,365.94
8282,3310,4,4,410.11,1640.44
8283,3310,7,3,703.66,2110.98
8284,3311,8,2,534.87,1069.74
8285,3311,15,2,740.29,1480.58
8286,3311,15,5,744.0,3720.0
8287,3311,13,2,507.25,1014.5
8288,3312,19,5,1256.6,6283.0
8289,3312,20,4,208.31,833.24
8290,3312,7,4,571.91,2287.64
8291,3313,13,3,432.07,1296.21
8292,3313,20,3,218.07,654.21
8293,3313,1,2,1922.12,3844.24
8294,3314,12,3,221.3,663.9
8295,3314,15,3,838.88,2516.64
8296,3314,17,2,2164.51,4329.02
8297,3314,12,4,214.9,859.6
8298,3315,20,3,210.37,631.11
8299,3315,17,1,1931.21,1931.21
8300,3315,16,2,1303.47,2606.94
8301,3315,1,1,2046.76,2046.76
8302,3316,10,3,739.67,2219.01
8303,3316,9,2,1852.79,3705.58
8304,3316,14,3,142.8,428.4
8305,3317,15,1,913.0,913.0
8306,3317,20,2,231.76,463.52
8307,3318,17,6,1955.88,11735.28
8308,3318,14,2,140.68,281.36
8309,3318,10,2,831.78,1663.56
8310,3319,11,2,1011.68,2023.36
8311,3319,10,4,956.75,3827.0
8312,3319,2,4,742.38,2969.52
8313,3319,7,1,663.01,663.01
8314,3320,4,2,362.19,724.38
8315,3320,16,3,1094.48,3283.44
8316,3320,4,2,430.96,861.92
8317,3321,2,2,847.91,1695.82
8318,3322,9,1,2008.25,2008.25
8319,3323,13,2,401.09,802.18
8320,3324,12,2,262.05,524.1
8321,3325,8,4,547.18,2188.72
8322,3325,6,4,117.54,470.16
8323,3325,15,3,819.7,2459.1
8324,3326,4,5,367.01,1835.05
8325,3326,19,4,1276.62,5106.48
8326,3327,19,3,1425.47,4276.41
8327,3328,11,4,1039.9,4159.6
8328,3328,18,4,1642.41,6569.64
8329,3329,2,3,816.88,2450.64
8330,3329,7,1,535.91,535.91
8331,3330,10,2,892.76,1785.52
8332,3330,18,3,1608.17,4824.51
8333,3330,12,1,286.6,286.6
8334,3331,8,4,539.65,2158.6
8335,3332,17,3,2302.18,6906.54
8336,3332,18,4,1782.02,7128.08
8337,3332,11,3,814.16,2442.48
8338,3332,18,2,1493.24,2986.48
8339,3333,1,2,1762.51,3525.02
8340,3333,4,2,410.31,820.62
8341,3333,18,2,1845.05,3690.1
8342,3333,4,6,416.03,2496.18
8343,3334,4,6,410.92,2465.52
8344,3335,1,4,1741.41,6965.64
8345,3335,17,1,1795.4,1795.4
8346,3335,3,3,948.17,2844.51
8347,3335,19,1,1154.51,1154.51
8348,3336,12,3,282.98,848.94
8349,3336,10,4,813.11,3252.44
8350,3337,18,5,1792.63,8963.15
8351,3337,19,1,1311.94,1311.94
8352,3337,17,4,1847.1,7388.4
8353,3338,16,1,1315.07,1315.07
8354,3338,10,3,974.59,2923.77
8355,3338,14,5,146.73,733.65
8356,3338,12,4,239.52,958.08
8357,3339,15,3,924.69,2774.07
8358,3339,15,4,871.15,3484.6
8359,3339,11,4,953.33,3813.32
8360,3340,10,2,894.72,1789.44
8361,3341,9,2,1964.56,3929.12
8362,3341,17,6,1759.77,10558.62
8363,3341,2,3,702.41,2107.23
8364,3341,9,2,1754.11,3508.22
8365,3342,4,4,457.68,1830.72
8366,3342,10,2,715.63,1431.26
8367,3343,13,4,400.49,1601.96
8368,3343,15,3,823.71,2471.13
8369,3343,1,1,2096.02,2096.02
8370,3343,20,1,252.58,252.58
8371,3344,10,5,863.58,4317.9
8372,3344,18,4,1689.57,6758.28
8373,3345,7,3,706.36,2119.08
8374,3345,13,5,445.4,2227.0
8375,3346,19,6,1391.11,8346.66
8376,3346,7,3,699.8,2099.4
8377,3346,12,2,207.38,414.76
8378,3347,5,2,190.91,381.82
8379,3347,20,2,224.11,448.22
8380,3347,6,1,116.32,116.32
8381,3347,3,4,946.68,3786.72
8382,3348,14,3,134.8,404.4
8383,3349,14,4,153.49,613.96
8384,3349,18,2,1429.57,2859.14
8385,3350,17,1,2217.3,2217.3
8386,3350,1,6,2165.54,12993.24
8387,3351,7,1,680.09,680.09
8388,3351,20,2,215.92,431.84
8389,3351,6,3,135.18,405.54
8390,3352,2,3,907.07,2721.21
8391,3353,12,1,225.33,225.33
8392,3354,6,1,119.16,119.16
8393,3355,4,4,348.28,1393.12
8394,3355,19,3,1337.34,4012.02
8395,3355,3,3,962.43,2887.29
8396,3355,16,6,1089.0,6534.0
8397,3356,7,5,629.47,3147.35
8398,3356,2,5,679.41,3397.05
8399,3356,9,2,2364.11,4728.22
8400,3356,10,2,767.7,1535.4
8401,3357,10,2,854.05,1708.1
8402,3357,12,4,279.2,1116.8
8403,3357,8,2,511.23,1022.46
8404,3357,6,3,119.38,358.14
8405,3358,19,4,1190.22,4760.88
8406,3358,20,6,230.68,1384.08
8407,3358,20,5,209.27,1046.35
8408,3359,1,3,2172.8,6518.4
8409,3359,6,4,137.65,550.6
8410,3359,4,4,368.59,1474.36
8411,3359,15,1,987.12,987.12
8412,3360,14,3,162.09,486.27
8413,3360,20,1,215.77,215.77
8414,3361,4,3,387.91,1163.73
8415,3362,6,3,116.91,350.73
8416,3362,7,5,573.94,2869.7
8417,3362,12,3,231.53,694.59
8418,3362,10,3,818.45,2455.35
8419,3363,4,3,394.43,1183.29
8420,3363,17,4,2152.3,8609.2
8421,3364,4,3,391.61,1174.83
8422,3364,17,2,1811.38,3622.76
8423,3364,9,3,2002.52,6007.56
8424,3365,12,4,273.27,1093.08
8425,3365,1,6,2207.02,13242.12
8426,3366,10,3,934.04,2802.12
8427,3366,20,3,227.89,683.67
8428,3366,11,2,1055.28,2110.56
8429,3366,20,3,208.28,624.84
8430,3367,5,3,159.61,478.83
8431,3367,4,6,469.09,2814.54
8432,3367,14,2,123.4,246.8
8433,3368,16,1,1056.33,1056.33
8434,3368,20,3,199.66,598.98
8435,3368,3,2,1005.6,2011.2
8436,3369,14,1,160.11,160.11
8437,3369,16,4,1248.24,4992.96
8438,3370,1,3,1948.79,5846.37
8439,3370,20,2,213.07,426.14
8440,3370,7,2,631.25,1262.5
8441,3371,16,3,1238.23,3714.69
8442,3372,1,2,2181.59,4363.18
8443,3372,5,2,174.74,349.48
8444,3372,18,2,1654.57,3309.14
8445,3373,8,2,452.81,905.62
8446,3373,17,6,1917.58,11505.48
8447,3374,20,2,212.25,424.5
8448,3374,20,4,254.3,1017.2
8449,3374,15,4,962.66,3850.64
8450,3374,12,2,237.13,474.26
8451,3375,1,1,2127.47,2127.47
8452,3375,3,4,925.6,3702.4
8453,3375,16,3,1185.28,3555.84
8454,3376,11,4,798.8,3195.2
8455,3377,1,2,1814.01,3628.02
8456,3378,4,1,435.26,435.26
8457,3378,11,3,1000.93,3002.79
8458,3378,13,6,422.76,2536.56
8459,3378,7,3,530.3,1590.9
8460,3379,8,3,591.65,1774.95
8461,3379,19,3,1204.75,3614.25
8462,3379,9,1,2108.26,2108.26
8463,3380,14,5,128.74,643.7
8464,3380,11,5,862.85,4314.25
8465,3380,14,3,120.48,361.44
8466,3380,8,4,578.88,2315.52
8467,3381,6,3,129.03,387.09
8468,3381,20,1,191.77,191.77
8469,3382,16,2,1306.06,2612.12
8470,3382,7,3,676.99,2030.97
8471,3382,10,1,817.6,817.6
8472,3383,2,4,847.25,3389.0
8473,3383,20,3,218.31,654.93
8474,3383,18,5,1675.27,8376.35
8475,3383,9,3,2308.71,6926.13
8476,3384,5,1,157.45,157.45
8477,3384,20,2,237.46,474.92
8478,3385,9,1,2090.62,2090.62
8479,3385,18,1,1487.94,1487.94
8480,3385,1,5,2128.73,10643.65
8481,3386,6,1,129.75,129.75
8482,3386,8,3,511.25,1533.75
8483,3386,17,2,2042.04,4084.08
8484,3387,11,4,901.23,3604.92
8485,3388,19,4,1057.0,4228.0
8486,3388,14,1,151.84,151.84
8487,3388,17,5,1754.56,8772.8
8488,3389,11,2,972.48,1944.96
8489,3389,4,2,467.78,935.56
8490,3390,19,3,1061.41,3184.23
8491,3391,15,3,771.56,2314.68
8492,3391,14,1,150.3,150.3
8493,3391,9,1,2140.77,2140.77
8494,3392,7,3,684.65,2053.95
8495,3393,1,4,1920.09,7680.36
8496,3394,5,3,172.6,517.8
8497,3394,13,1,476.64,476.64
8498,3395,8,4,530.94,2123.76
8499,3395,7,3,576.32,1728.96
8500,3396,8,2,598.37,1196.74
8501,3396,15,4,998.61,3994.44
8502,3397,2,3,683.67,2051.01
8503,3398,1,2,2218.68,4437.36
8504,3398,6,2,126.51,253.02
8505,3399,19,3,1229.82,3689.46
8506,3399,6,5,116.19,580.95
8507,3400,5,2,158.52,317.04
8508,3401,7,4,657.66,2630.64
8509,3401,10,4,931.38,3725.52
8510,3401,7,3,705.88,2117.64
8511,3401,3,3,909.67,2729.01
8512,3402,20,3,256.05,768.15
8513,3402,6,4,100.41,401.64
8514,3402,14,1,142.71,142.71
8515,3403,17,1,1909.35,1909.35
8516,3403,19,4,1159.23,4636.92
8517,3403,9,3,1989.56,5968.68
8518,3404,1,2,2167.44,4334.88
8519,3404,17,2,1947.42,3894.84
8520,3404,7,3,639.36,1918.08
8521,3404,7,3,567.36,1702.08
8522,3405,19,2,1174.14,2348.28
8523,3405,17,4,1925.71,7702.84
8524,3405,19,3,1281.76,3845.28
8525,3406,14,3,151.69,455.07
8526,3406,10,3,945.25,2835.75
8527,3407,18,2,1938.83,3877.66
8528,3408,4,3,439.05,1317.15
8529,3408,8,1,550.42,550.42
8530,3408,6,4,136.77,547.08
8531,3408,11,4,996.32,3985.28
8532,3409,5,1,163.59,163.59
8533,3410,11,3,1052.32,3156.96
8534,3410,12,3,276.28,828.84
8535,3411,10,6,856.51,5139.06
8536,3412,6,2,120.64,241.28
8537,3412,15,2,837.22,1674.44
8538,3413,15,2,782.25,1564.5
8539,3414,11,3,886.38,2659.14
8540,3414,11,2,1025.8,2051.6
8541,3414,16,2,1083.59,2167.18
8542,3414,19,4,1305.9,5223.6
8543,3415,19,3,1120.65,3361.95
8544,3415,14,1,139.28,139.28
8545,3416,2,3,786.65,2359.95
8546,3417,16,3,1070.92,3212.76
8547,3418,9,3,1733.48,5200.44
8548,3418,14,3,142.95,428.85
8549,3418,17,2,2248.0,4496.0
8550,3419,9,4,2318.12,9272.48
8551,3419,19,1,1224.91,1224.91
8552,3419,3,1,794.35,794.35
8553,3419,11,4,943.1,3772.4
8554,3420,6,3,121.48,364.44
8555,3420,1,4,2132.98,8531.92
8556,3421,19,4,1074.66,4298.64
8557,3421,9,2,2019.72,4039.44
8558,3421,13,2,505.84,1011.68
8559,3422,13,3,482.45,1447.35
8560,3423,3,1,842.05,842.05
8561,3423,13,2,413.9,827.8
8562,3423,12,3,225.87,677.61
8563,3423,9,6,2312.6,13875.6
8564,3424,13,4,486.28,1945.12
8565,3424,20,6,245.76,1474.56
8566,3424,1,3,2181.04,6543.12
8567,3424,6,3,115.39,346.17
8568,3425,4,3,369.83,1109.49
8569,3426,20,4,199.2,796.8
8570,3427,7,4,704.86,2819.44
8571,3427,5,1,157.78,157.78
8572,3427,6,4,133.36,533.44
8573,3427,1,3,2083.93,6251.79
8574,3428,13,1,453.68,453.68
8575,3428,16,1,1100.44,1100.44
8576,3428,12,3,255.16,765.48
8577,3429,16,6,1271.93,7631.58
8578,3429,11,1,812.81,812.81
8579,3429,2,2,770.52,1541.04
8580,3429,14,2,146.1,292.2
8581,3430,11,2,918.6,1837.2
8582,3430,16,3,1274.02,3822.06
8583,3430,8,2,538.67,1077.34
8584,3430,7,4,632.0,2528.0
8585,3431,13,4,436.85,1747.4
8586,3431,11,6,880.49,5282.94
8587,3432,8,2,497.62,995.24
8588,3432,15,3,811.77,2435.31
8589,3432,1,1,2083.35,2083.35
8590,3432,17,3,2034.02,6102.06
8591,3433,14,2,125.14,250.28
8592,3434,17,3,2224.78,6674.34
8593,3435,4,5,410.74,2053.7
8594,3435,9,3,2204.06,6612.18
8595,3435,11,1,1083.67,1083.67
8596,3435,14,4,151.59,606.36
8597,3436,4,6,341.55,2049.3
8598,3437,16,1,1255.48,1255.48
8599,3437,12,2,235.69,471.38
8600,3437,14,1,130.11,130.11
8601,3438,6,2,112.45,224.9
8602,3438,7,1,715.06,715.06
8603,3438,11,2,808.47,1616.94
8604,3438,17,2,2291.48,4582.96
8605,3439,17,5,1784.07,8920.35
8606,3440,3,2,831.75,1663.5
8607,3440,5,4,174.12,696.48
8608,3440,17,5,1919.8,9599.0
8609,3441,15,4,829.37,3317.48
8610,3441,16,4,1044.23,4176.92
8611,3441,10,3,773.88,2321.64
8612,3441,3,2,789.83,1579.66
8613,3442,5,2,178.7,357.4
8614,3442,2,2,744.77,1489.54
8615,3442,19,5,1335.68,6678.4
8616,3442,10,2,855.47,1710.94
8617,3443,19,1,1222.55,1222.55
8618,3443,17,1,2330.62,2330.62
8619,3444,12,4,281.18,1124.72
8620,3444,10,3,865.43,2596.29
8621,3445,4,4,424.59,1698.36
8622,3445,12,3,263.23,789.69
8623,3445,3,1,1024.59,1024.59
8624,3446,1,2,1923.03,3846.06
8625,3446,18,5,1816.98,9084.9
8626,3446,15,4,798.61,3194.44
8627,3446,8,5,592.46,2962.3
8628,3447,5,1,153.61,153.61
8629,3448,8,2,535.25,1070.5
8630,3449,11,2,1088.13,2176.26
8631,3449,19,5,1360.23,6801.15
8632,3450,9,3,1916.75,5750.25
8633,3450,19,3,1034.84,3104.52
8634,3451,16,1,988.59,988.59
8635,3451,12,3,259.41,778.23
8636,3451,14,4,126.41,505.64
8637,3452,5,2,156.8,313.6
8638,3453,6,3,134.75,404.25
8639,3453,3,1,1008.16,1008.16
8640,3454,18,6,1668.29,10009.74
8641,3454,1,5,1904.66,9523.3
8642,3455,19,5,1214.41,6072.05
8643,3456,11,1,838.94,838.94
8644,3456,4,2,437.17,874.34
8645,3457,4,4,370.98,1483.92
8646,3457,8,5,597.4,2987.0
8647,3458,17,5,2057.59,10287.95
8648,3458,4,3,428.95,1286.85
8649,3458,16,4,1211.77,4847.08
8650,3458,14,1,161.45,161.45
8651,3459,4,4,346.14,1384.56
8652,3459,20,4,253.03,1012.12
8653,3460,15,2,935.46,1870.92
8654,3461,6,6,112.24,673.44
8655,3461,10,2,737.85,1475.7
8656,3462,17,4,2022.31,8089.24
8657,3463,14,1,146.91,146.91
8658,3464,12,3,279.99,839.97
8659,3464,8,4,507.93,2031.72
8660,3464,9,2,1917.34,3834.68
8661,3465,12,3,235.25,705.75
8662,3466,13,2,450.98,901.96
8663,3466,8,3,612.95,1838.85
8664,3467,18,2,1659.99,3319.98
8665,3467,5,1,190.34,190.34
8666,3467,14,1,143.33,143.33
8667,3467,18,1,1472.59,1472.59
8668,3468,17,2,1914.26,3828.52
8669,3468,5,1,174.32,174.32
8670,3468,4,2,415.57,831.14
8671,3468,14,2,142.75,285.5
8672,3469,3,4,968.4,3873.6
8673,3469,8,2,612.8,1225.6
8674,3470,17,3,1720.43,5161.29
8675,3470,5,1,207.62,207.62
8676,3471,6,4,101.28,405.12
8677,3471,4,4,380.64,1522.56
8678,3471,18,4,1778.89,7115.56
8679,3472,16,4,1055.3,4221.2
8680,3472,10,3,778.41,2335.23
8681,3472,2,6,911.09,5466.54
8682,3472,15,1,788.6,788.6
8683,3473,11,3,1077.09,3231.27
8684,3474,7,2,635.02,1270.04
8685,3474,19,1,1322.79,1322.79
8686,3475,18,4,1917.06,7668.24
8687,3475,20,4,225.88,903.52
8688,3475,11,3,1036.38,3109.14
8689,3476,13,2,453.71,907.42
8690,3477,1,4,1689.29,6757.16
8691,3477,11,2,869.73,1739.46
8692,3477,11,2,948.54,1897.08
8693,3477,18,4,1441.34,5765.36
8694,3478,6,2,110.1,220.2
8695,3478,9,3,1996.83,5990.49
8696,3479,12,3,238.0,714.0
8697,3479,8,1,452.51,452.51
8698,3479,3,2,934.48,1868.96
8699,3480,2,2,765.36,1530.72
8700,3480,10,3,803.16,2409.48
8701,3481,4,3,400.17,1200.51
8702,3482,15,3,1013.33,3039.99
8703,3482,1,2,1778.56,3557.12
8704,3482,8,4,532.52,2130.08
8705,3482,7,2,705.47,1410.94
8706,3483,2,4,775.15,3100.6
8707,3483,6,4,135.18,540.72
8708,3483,17,6,1902.56,11415.36
8709,3484,12,1,248.13,248.13
8710,3484,3,4,817.85,3271.4
8711,3484,4,2,372.29,744.58
8712,3485,12,4,256.48,1025.92
8713,3485,1,4,2120.9,8483.6
8714,3485,11,2,1049.63,2099.26
8715,3485,3,5,979.14,4895.7
8716,3486,4,1,455.31,455.31
8717,3486,3,2,883.51,1767.02
8718,3486,10,1,945.25,945.25
8719,3487,19,2,1205.78,2411.56
8720,3488,1,4,1742.07,6968.28
8721,3488,18,4,1786.31,7145.24
8722,3489,5,1,197.38,197.38
8723,3489,20,3,222.51,667.53
8724,3489,3,3,995.3,2985.9
8725,3489,5,3,153.62,460.86
8726,3490,12,1,274.33,274.33
8727,3490,15,2,906.56,1813.12
8728,3491,19,1,1257.08,1257.08
8729,3492,1,2,2218.59,4437.18
8730,3492,9,2,2028.23,4056.46
8731,3493,11,3,982.09,2946.27
8732,3493,15,2,981.23,1962.46
8733,3493,2,3,912.35,2737.05
8734,3494,6,4,136.65,546.6
8735,3494,11,1,976.0,976.0
8736,3495,2,3,741.97,2225.91
8737,3495,7,2,701.42,1402.84
8738,3496,1,2,1734.14,3468.28
8739,3497,18,4,1466.55,5866.2
8740,3497,3,3,804.19,2412.57
8741,3498,15,3,877.19,2631.57
8742,3498,15,2,987.37,1974.74
8743,3498,13,2,481.48,962.96
8744,3499,6,3,123.92,371.76
8745,3499,8,2,550.5,1101.0
8746,3500,10,2,896.34,1792.68
8747,3500,19,4,1248.37,4993.48
8748,3501,8,2,575.23,1150.46
8749,3501,6,3,136.78,410.34
8750,3501,12,2,251.1,502.2
8751,3501,11,2,964.12,1928.24
8752,3502,16,6,1100.24,6601.44
8753,3502,9,2,1966.6,3933.2
8754,3502,14,2,154.21,308.42
8755,3502,9,4,2088.11,8352.44
8756,3503,3,3,984.08,2952.24
8757,3503,9,2,2253.41,4506.82
8758,3504,19,2,1336.2,2672.4
8759,3504,12,2,255.32,510.64
8760,3505,14,4,120.21,480.84
8761,3505,16,2,1246.91,2493.82
8762,3505,10,1,944.85,944.85
8763,3505,11,2,826.32,1652.64
8764,3506,18,2,1490.26,2980.52
8765,3506,4,2,393.97,787.94
8766,3507,15,5,986.74,4933.7
8767,3508,13,2,477.24,954.48
8768,3508,12,1,217.85,217.85
8769,3509,19,1,1348.5,1348.5
8770,3510,20,1,235.22,235.22
8771,3510,9,1,1880.91,1880.91
8772,3510,13,1,440.49,440.49
8773,3511,10,2,767.27,1534.54
8774,3512,16,4,1322.38,5289.52
8775,3512,15,1,756.39,756.39
8776,3512,13,3,476.69,1430.07
8777,3512,20,3,245.78,737.34
8778,3513,10,2,973.55,1947.1
8779,3513,2,5,894.38,4471.9
8780,3514,6,2,105.56,211.12
8781,3514,6,4,112.01,448.04
8782,3514,3,3,748.88,2246.64
8783,3514,16,4,1080.84,4323.36
8784,3515,6,2,110.97,221.94
8785,3515,7,3,678.75,2036.25
8786,3515,16,5,1284.06,6420.3
8787,3516,17,1,2230.32,2230.32
8788,3516,15,5,931.12,4655.6
8789,3516,15,2,811.59,1623.18
8790,3516,16,1,1333.0,1333.0
8791,3517,11,5,1018.21,5091.05
8792,3517,7,4,675.27,2701.08
8793,3517,6,2,131.5,263.0
8794,3517,10,3,965.6,2896.8
8795,3518,14,3,159.02,477.06
8796,3518,20,2,200.23,400.46
8797,3518,16,4,983.26,3933.04
8798,3519,19,3,1197.31,3591.93
8799,3519,5,4,161.33,645.32
8800,3519,13,2,431.96,863.92
8801,3520,11,3,838.99,2516.97
8802,3521,8,3,612.44,1837.32
8803,3521,11,4,961.5,3846.0
8804,3522,12,2,222.71,445.42
8805,3522,4,3,436.99,1310.97
8806,3523,16,4,1004.8,4019.2
8807,3523,18,1,1920.14,1920.14
8808,3523,9,5,2274.89,11374.45
8809,3524,12,4,244.99,979.96
8810,3525,16,3,1098.62,3295.86
8811,3525,13,3,440.46,1321.38
8812,3526,14,5,155.32,776.6
8813,3527,4,3,430.17,1290.51
8814,3527,19,5,1245.12,6225.6
8815,3527,12,2,234.21,468.42
8816,3527,4,2,395.29,790.58
8817,3528,8,2,453.79,907.58
8818,3528,15,1,955.79,955.79
8819,3529,19,2,1040.91,2081.82
8820,3529,10,2,905.4,1810.8
8821,3529,19,2,1355.12,2710.24
8822,3530,18,2,1924.31,3848.62
8823,3531,12,2,249.95,499.9
8824,3531,10,3,896.87,2690.61
8825,3531,1,5,2044.39,10221.95
8826,3531,5,1,161.88,161.88
8827,3532,2,2,799.55,1599.1
8828,3532,13,2,513.89,1027.78
8829,3532,11,2,996.09,1992.18
8830,3532,20,2,251.28,502.56
8831,3533,7,1,593.91,593.91
8832,3533,7,4,628.68,2514.72
8833,3534,8,2,621.17,1242.34
8834,3534,8,3,615.46,1846.38
8835,3534,3,3,828.04,2484.12
8836,3535,13,1,537.53,537.53
8837,3535,5,2,152.97,305.94
8838,3535,11,4,805.9,3223.6
8839,3536,18,1,1498.67,1498.67
8840,3536,9,3,2334.88,7004.64
8841,3537,1,2,1756.36,3512.72
8842,3538,17,3,2305.0,6915.0
8843,3538,1,1,1676.43,1676.43
8844,3538,4,4,428.16,1712.64
8845,3539,2,5,845.03,4225.15
8846,3539,4,2,394.15,788.3
8847,3540,12,3,226.02,678.06
8848,3540,4,3,432.87,1298.61
8849,3540,1,2,2022.86,4045.72
8850,3541,13,1,507.99,507.99
8851,3541,18,1,1672.1,1672.1
8852,3542,10,3,778.68,2336.04
8853,3542,3,2,780.61,1561.22
8854,3543,11,3,815.99,2447.97
8855,3543,8,2,543.62,1087.24
8856,3543,12,2,253.09,506.18
8857,3543,11,6,917.67,5506.02
8858,3544,8,1,554.92,554.92
8859,3544,3,4,924.28,3697.12
8860,3544,1,2,1746.41,3492.82
8861,3544,11,2,793.32,1586.64
8862,3545,13,2,437.27,874.54
8863,3545,8,2,539.48,1078.96
8864,3545,11,2,1017.01,2034.02
8865,3545,13,5,536.33,2681.65
8866,3546,5,3,165.13,495.39
8867,3546,13,3,518.13,1554.39
8868,3546,20,4,225.28,901.12
8869,3547,20,4,222.99,891.96
8870,3548,8,2,480.18,960.36
8871,3548,18,1,1883.24,1883.24
8872,3548,16,2,1117.34,2234.68
8873,3548,11,2,895.26,1790.52
8874,3549,20,1,218.03,218.03
8875,3550,7,2,672.96,1345.92
8876,3550,17,4,1873.5,7494.0
8877,3550,18,1,1555.03,1555.03
8878,3551,10,3,778.77,2336.31
8879,3551,8,2,616.01,1232.02
8880,3551,1,3,2113.94,6341.82
8881,3552,6,3,137.16,411.48
8882,3553,15,3,907.23,2721.69
8883,3553,4,2,461.16,922.32
8884,3553,16,3,1266.8,3800.4
8885,3554,16,1,1069.39,1069.39
8886,3555,1,2,1731.97,3463.94
8887,3555,18,1,1874.93,1874.93
8888,3556,3,2,788.66,1577.32
8889,3556,12,4,235.18,940.72
8890,3556,14,3,122.21,366.63
8891,3557,14,5,131.17,655.85
8892,3557,8,1,597.43,597.43
8893,3558,18,4,1577.53,6310.12
8894,3558,14,2,131.46,262.92
8895,3558,4,4,427.29,1709.16
8896,3559,15,5,734.71,3673.55
8897,3560,18,4,1427.1,5708.4
8898,3560,6,1,124.05,124.05
8899,3560,16,3,1212.12,3636.36
8900,3561,10,1,955.85,955.85
8901,3561,6,3,119.08,357.24
8902,3562,6,3,121.41,364.23
8903,3562,17,2,1857.27,3714.54
8904,3563,20,4,207.18,828.72
8905,3563,6,2,100.46,200.92
8906,3564,14,4,148.91,595.64
8907,3564,8,2,627.18,1254.36
8908,3565,4,5,453.81,2269.05
8909,3566,3,1,814.74,814.74
8910,3566,13,3,496.58,1489.74
8911,3567,6,2,101.14,202.28
8912,3567,10,3,870.09,2610.27
8913,3568,3,4,873.0,3492.0
8914,3568,14,1,154.43,154.43
8915,3568,11,1,884.99,884.99
8916,3569,13,2,546.97,1093.94
8917,3569,2,3,741.1,2223.3
8918,3569,3,4,977.63,3910.52
8919,3569,18,2,1515.55,3031.1
8920,3570,4,4,340.73,1362.92
8921,3570,6,4,106.34,425.36
8922,3570,13,4,475.35,1901.4
8923,3570,5,1,187.81,187.81
8924,3571,2,3,838.82,2516.46
8925,3571,6,5,131.47,657.35
8926,3571,12,1,214.16,214.16
8927,3571,6,2,132.46,264.92
8928,3572,20,1,219.65,219.65
8929,3572,11,1,1058.4,1058.4
8930,3572,13,2,496.34,992.68
8931,3573,12,3,275.04,825.12
8932,3573,17,2,2097.4,4194.8
8933,3573,13,1,500.1,500.1
8934,3574,11,4,1078.88,4315.52
8935,3575,10,3,843.95,2531.85
8936,3575,1,2,1757.56,3515.12
8937,3576,2,2,727.44,1454.88
8938,3576,19,3,1313.25,3939.75
8939,3577,7,3,634.84,1904.52
8940,3577,7,2,585.86,1171.72
8941,3577,8,1,536.96,536.96
8942,3578,9,2,2029.74,4059.48
8943,3578,6,2,133.1,266.2
8944,3579,6,3,124.37,373.11
8945,3579,3,3,962.68,2888.04
8946,3579,15,6,882.27,5293.62
8947,3579,8,4,490.78,1963.12
8948,3580,14,4,163.13,652.52
8949,3580,18,2,1784.56,3569.12
8950,3581,19,3,1181.73,3545.19
8951,3581,4,2,467.7,935.4
8952,3582,12,3,219.71,659.13
8953,3582,4,4,414.38,1657.52
8954,3582,5,4,165.79,663.16
8955,3583,1,1,1984.03,1984.03
8956,3584,9,3,2314.99,6944.97
8957,3584,13,4,459.32,1837.28
8958,3585,1,3,1832.22,5496.66
8959,3585,8,3,510.74,1532.22
8960,3585,14,5,162.76,813.8
8961,3586,9,3,1772.41,5317.23
8962,3586,3,2,978.43,1956.86
8963,3586,12,4,272.41,1089.64
8964,3586,6,3,120.83,362.49
8965,3587,1,1,1917.31,1917.31
8966,3588,17,2,1869.18,3738.36
8967,3588,6,2,114.94,229.88
8968,3588,12,3,225.68,677.04
8969,3589,20,6,240.33,1441.98
8970,3590,8,2,503.31,1006.62
8971,3590,1,6,2145.64,12873.84
8972,3590,4,3,428.33,1284.99
8973,3590,10,1,985.76,985.76
8974,3591,5,3,199.29,597.87
8975,3591,6,3,115.84,347.52
8976,3591,4,1,468.21,468.21
8977,3591,12,5,242.81,1214.05
8978,3592,10,3,904.54,2713.62
8979,3592,12,6,256.7,1540.2
8980,3592,6,2,122.9,245.8
8981,3592,10,2,737.71,1475.42
8982,3593,1,5,2206.71,11033.55
8983,3593,11,1,1022.41,1022.41
8984,3594,3,4,866.02,3464.08
8985,3594,17,2,2063.51,4127.02
8986,3594,14,3,124.9,374.7
8987,3595,10,2,728.22,1456.44
8988,3595,16,1,1291.08,1291.08
8989,3595,9,1,2238.99,2238.99
8990,3595,16,2,1235.86,2471.72
8991,3596,16,1,1254.54,1254.54
8992,3596,3,6,759.58,4557.48
8993,3596,17,3,1827.43,5482.29
8994,3597,8,2,452.76,905.52
8995,3597,1,2,1889.73,3779.46
8996,3597,8,4,495.47,1981.88
8997,3597,16,3,1011.98,3035.94
8998,3598,2,2,723.73,1447.46
8999,3599,15,3,775.09,2325.27
9000,3600,6,4,100.76,403.04
9001,3600,7,3,535.07,1605.21
9002,3601,10,5,721.81,3609.05
9003,3601,7,3,694.63,2083.89
9004,3602,13,5,455.33,2276.65
9005,3602,18,2,1592.57,3185.14
9006,3602,13,4,515.94,2063.76
9007,3602,14,4,155.74,622.96
9008,3603,15,4,825.59,3302.36
9009,3603,14,2,154.9,309.8
9010,3603,14,3,153.79,461.37
9011,3604,7,1,685.34,685.34
9012,3604,14,6,146.42,878.52
9013,3604,11,2,960.84,1921.68
9014,3604,8,1,511.09,511.09
9015,3605,4,1,374.46,374.46
9016,3606,18,1,1493.96,1493.96
9017,3606,10,2,928.44,1856.88
9018,3606,1,5,1732.72,8663.6
9019,3606,3,3,846.68,2540.04
9020,3607,18,4,1476.73,5906.92
9021,3607,6,1,105.07,105.07
9022,3607,16,2,1134.77,2269.54
9023,3608,17,2,2322.4,4644.8
9024,3608,6,1,115.58,115.58
9025,3608,15,2,872.01,1744.02
9026,3609,6,3,129.89,389.67
9027,3610,8,3,573.9,1721.7
9028,3611,19,2,1325.06,2650.12
9029,3611,11,3,810.5,2431.5
9030,3611,18,2,1458.48,2916.96
9031,3612,9,2,2320.22,4640.44
9032,3612,9,2,1811.33,3622.66
9033,3612,6,2,110.44,220.88
9034,3613,14,2,152.44,304.88
9035,3613,18,5,1882.55,9412.75
9036,3613,12,2,266.67,533.34
9037,3614,12,4,281.43,1125.72
9038,3614,14,2,123.06,246.12
9039,3615,2,3,916.98,2750.94
9040,3615,7,1,561.66,561.66
9041,3615,2,1,930.05,930.05
9042,3615,10,2,903.53,1807.06
9043,3616,13,1,501.34,501.34
9044,3616,15,2,738.0,1476.0
9045,3616,14,2,154.92,309.84
9046,3616,15,1,985.74,985.74
9047,3617,9,2,2255.35,4510.7
9048,3618,12,4,259.19,1036.76
9049,3618,10,4,915.8,3663.2
9050,3618,9,6,1729.26,10375.56
9051,3619,11,2,942.98,1885.96
9052,3620,1,4,1967.54,7870.16
9053,3621,16,2,1182.19,2364.38
9054,3621,8,4,530.97,2123.88
9055,3622,3,2,804.58,1609.16
9056,3623,5,2,153.93,307.86
9057,3624,17,4,1842.29,7369.16
9058,3624,11,3,972.66,2917.98
9059,3624,13,3,473.72,1421.16
9060,3625,19,1,1269.69,1269.69
9061,3625,2,3,808.15,2424.45
9062,3625,2,2,736.06,1472.12
9063,3626,1,2,1940.97,3881.94
9064,3627,6,2,107.02,214.04
9065,3627,17,2,2119.63,4239.26
9066,3627,8,4,481.51,1926.04
9067,3628,7,4,602.87,2411.48
9068,3629,14,3,128.61,385.83
9069,3629,20,1,255.16,255.16
9070,3629,1,1,2032.5,2032.5
9071,3629,5,1,193.71,193.71
9072,3630,3,2,977.48,1954.96
9073,3630,11,5,981.86,4909.3
9074,3631,15,3,830.67,2492.01
9075,3631,19,3,1108.96,3326.88
9076,3632,9,2,2059.37,4118.74
9077,3632,4,3,351.0,1053.0
9078,3632,5,4,205.7,822.8
9079,3633,17,4,2058.19,8232.76
9080,3633,5,3,181.74,545.22
9081,3633,4,3,417.81,1253.43
9082,3634,13,2,417.71,835.42
9083,3634,15,1,937.11,937.11
9084,3635,4,2,445.68,891.36
9085,3635,12,2,281.94,563.88
9086,3635,1,3,1734.75,5204.25
9087,3635,11,1,867.03,867.03
9088,3636,16,2,1269.59,2539.18
9089,3637,16,5,1076.41,5382.05
9090,3638,9,3,2024.26,6072.78
9091,3639,14,3,151.72,455.16
9092,3639,2,2,904.7,1809.4
9093,3639,19,5,1191.21,5956.05
9094,3640,17,4,1748.64,6994.56
9095,3640,1,4,2163.02,8652.08
9096,3640,12,1,212.97,212.97
9097,3641,12,5,283.28,1416.4
9098,3641,17,3,1859.1,5577.3
9099,3642,12,1,282.33,282.33
9100,3642,19,2,1045.65,2091.3
9101,3642,18,3,1744.04,5232.12
9102,3643,2,1,756.89,756.89
9103,3643,5,2,180.08,360.16
9104,3644,17,6,1726.48,10358.88
9105,3645,6,3,128.91,386.73
9106,3645,4,3,441.29,1323.87
9107,3645,12,3,253.46,760.38
9108,3646,6,3,118.61,355.83
9109,3646,6,2,129.59,259.18
9110,3647,4,2,417.71,835.42
9111,3647,4,3,425.04,1275.12
9112,3648,9,1,1967.43,1967.43
9113,3648,18,3,1818.81,5456.43
9114,3649,20,4,247.66,990.64
9115,3649,15,4,936.87,3747.48
9116,3649,2,4,843.56,3374.24
9117,3649,19,4,1393.1,5572.4
9118,3650,17,1,1915.12,1915.12
9119,3650,2,2,783.24,1566.48
9120,3650,8,2,510.51,1021.02
9121,3651,19,3,1349.05,4047.15
9122,3652,8,3,625.35,1876.05
9123,3652,15,3,991.58,2974.74
9124,3652,18,4,1675.09,6700.36
9125,3653,6,3,128.78,386.34
9126,3653,10,3,849.33,2547.99
9127,3654,19,2,1300.02,2600.04
9128,3655,11,2,986.03,1972.06
9129,3656,1,6,1792.07,10752.42
9130,3656,11,2,957.16,1914.32
9131,3656,14,2,150.25,300.5
9132,3656,15,2,813.23,1626.46
9133,3657,19,4,1081.19,4324.76
9134,3658,6,1,115.11,115.11
9135,3658,12,1,221.94,221.94
9136,3658,12,5,263.63,1318.15
9137,3659,3,5,811.14,4055.7
9138,3659,9,6,2061.59,12369.54
9139,3660,6,1,109.94,109.94
9140,3660,13,2,464.69,929.38
9141,3660,4,3,413.77,1241.31
9142,3661,13,5,480.19,2400.95
9143,3661,3,1,797.37,797.37
9144,3661,12,3,249.45,748.35
9145,3662,16,2,1188.31,2376.62
9146,3662,5,4,186.39,745.56
9147,3663,10,2,964.82,1929.64
9148,3663,13,3,468.56,1405.68
9149,3663,3,2,816.51,1633.02
9150,3664,20,3,223.57,670.71
9151,3664,8,6,617.88,3707.28
9152,3664,20,2,248.01,496.02
9153,3665,17,4,1810.33,7241.32
9154,3665,9,4,2153.32,8613.28
9155,3666,5,2,157.13,314.26
9156,3666,15,3,880.97,2642.91
9157,3667,1,3,2005.25,6015.75
9158,3667,13,2,542.3,1084.6
9159,3667,2,2,771.48,1542.96
9160,3668,6,2,103.96,207.92
9161,3669,2,4,817.85,3271.4
9162,3669,20,3,187.82,563.46
9163,3670,2,2,722.8,1445.6
9164,3670,15,3,792.0,2376.0
9165,3670,2,3,901.6,2704.8
9166,3670,11,2,1090.34,2180.68
9167,3671,12,5,269.83,1349.15
9168,3672,19,2,1316.44,2632.88
9169,3673,11,2,847.32,1694.64
9170,3674,12,1,274.67,274.67
9171,3675,7,6,590.79,3544.74
9172,3675,19,4,1257.04,5028.16
9173,3675,19,3,1272.67,3818.01
9174,3675,13,3,537.89,1613.67
9175,3676,16,4,1276.79,5107.16
9176,3676,17,3,1991.49,5974.47
9177,3676,8,1,624.63,624.63
9178,3676,12,2,277.86,555.72
9179,3677,6,3,106.58,319.74
9180,3677,6,2,103.5,207.0
9181,3677,7,2,625.4,1250.8
9182,3678,8,2,616.88,1233.76
9183,3678,19,5,1369.83,6849.15
9184,3679,11,2,799.52,1599.04
9185,3679,7,6,601.29,3607.74
9186,3679,6,2,104.83,209.66
9187,3679,14,1,120.71,120.71
9188,3680,1,2,1940.27,3880.54
9189,3680,18,4,1515.64,6062.56
9190,3681,6,4,115.24,460.96
9191,3682,13,2,504.74,1009.48
9192,3682,20,5,187.42,937.1
9193,3683,15,1,731.41,731.41
9194,3683,4,4,396.92,1587.68
9195,3683,2,5,931.25,4656.25
9196,3683,17,4,2122.53,8490.12
9197,3684,3,1,787.01,787.01
9198,3684,9,2,1804.84,3609.68
9199,3684,13,2,459.06,918.12
9200,3684,10,1,911.2,911.2
9201,3685,11,1,883.85,883.85
9202,3686,13,6,506.74,3040.44
9203,3687,14,2,122.44,244.88
9204,3687,4,3,357.89,1073.67
9205,3687,20,5,213.9,1069.5
9206,3687,2,3,867.69,2603.07
9207,3688,20,2,200.75,401.5
9208,3688,14,2,143.4,286.8
9209,3689,20,3,257.12,771.36
9210,3689,13,1,492.73,492.73
9211,3689,15,3,845.4,2536.2
9212,3689,19,3,1201.7,3605.1
9213,3690,6,5,114.78,573.9
9214,3691,20,1,252.02,252.02
9215,3691,11,4,883.1,3532.4
9216,3691,20,2,234.68,469.36
9217,3691,10,2,955.72,1911.44
9218,3692,15,1,966.18,966.18
9219,3693,14,1,158.67,158.67
9220,3693,14,2,126.91,253.82
9221,3693,3,2,784.01,1568.02
9222,3694,11,3,1070.7,3212.1
9223,3694,18,3,1579.2,4737.6
9224,3694,1,2,1655.39,3310.78
9225,3694,13,5,471.21,2356.05
9226,3695,4,2,353.59,707.18
9227,3696,19,3,1261.45,3784.35
9228,3696,18,3,1466.39,4399.17
9229,3697,8,3,619.78,1859.34
9230,3697,2,4,903.18,3612.72
9231,3697,8,3,460.71,1382.13
9232,3697,19,4,1267.65,5070.6
9233,3698,18,1,1507.25,1507.25
9234,3699,11,3,841.47,2524.41
9235,3699,10,1,778.9,778.9
9236,3699,9,1,2173.65,2173.65
9237,3699,6,2,130.26,260.52
9238,3700,8,3,576.88,1730.64
9239,3700,12,4,247.25,989.0
9240,3701,11,1,837.06,837.06
9241,3702,13,6,537.05,3222.3
9242,3702,2,4,851.76,3407.04
9243,3702,5,3,202.37,607.11
9244,3703,6,3,137.01,411.03
9245,3703,9,6,2101.92,12611.52
9246,3703,4,2,466.82,933.64
9247,3704,8,6,478.06,2868.36
9248,3704,6,5,109.7,548.5
9249,3705,7,2,526.69,1053.38
9250,3705,2,3,721.29,2163.87
9251,3705,20,2,251.74,503.48
9252,3706,18,6,1656.28,9937.68
9253,3706,3,4,1007.8,4031.2
9254,3706,10,3,922.94,2768.82
9255,3706,12,4,222.74,890.96
9256,3707,12,3,217.5,652.5
9257,3707,4,1,364.05,364.05
9258,3707,17,1,2098.46,2098.46
9259,3707,10,2,829.29,1658.58
9260,3708,19,3,1129.88,3389.64
9261,3709,20,3,233.37,700.11
9262,3709,16,6,1322.3,7933.8
9263,3709,7,2,556.58,1113.16
9264,3709,5,3,184.81,554.43
9265,3710,1,2,2171.51,4343.02
9266,3710,2,2,686.45,1372.9
9267,3710,20,2,201.42,402.84
9268,3710,19,6,1201.34,7208.04
9269,3711,2,1,730.18,730.18
9270,3711,13,1,419.47,419.47
9271,3711,16,2,1285.1,2570.2
9272,3712,18,3,1745.05,5235.15
9273,3712,20,5,210.07,1050.35
9274,3712,8,5,574.25,2871.25
9275,3712,1,4,2107.75,8431.0
9276,3713,18,3,1431.73,4295.19
9277,3713,11,4,808.89,3235.56
9278,3713,16,1,1307.34,1307.34
9279,3713,13,3,541.65,1624.95
9280,3714,10,3,820.36,2461.08
9281,3714,11,2,909.12,1818.24
9282,3714,3,1,859.27,859.27
9283,3714,9,1,1977.74,1977.74
9284,3715,17,3,2269.41,6808.23
9285,3715,18,1,1445.53,1445.53
9286,3716,20,1,248.62,248.62
9287,3717,18,5,1606.98,8034.9
9288,3718,3,3,931.91,2795.73
9289,3718,11,3,1079.63,3238.89
9290,3719,5,3,188.95,566.85
9291,3720,8,3,483.21,1449.63
9292,3720,10,1,973.47,973.47
9293,3721,9,4,2038.08,8152.32
9294,3721,6,4,136.63,546.52
9295,3721,19,2,1128.74,2257.48
9296,3721,11,4,837.26,3349.04
9297,3722,10,5,880.3,4401.5
9298,3722,16,3,1226.2,3678.6
9299,3723,9,5,1858.81,9294.05
9300,3723,16,2,1098.07,2196.14
9301,3724,17,2,1686.93,3373.86
9302,3724,14,2,125.58,251.16
9303,3724,17,1,2199.44,2199.44
9304,3725,8,1,478.1,478.1
9305,3725,20,3,226.42,679.26
9306,3726,15,4,800.35,3201.4
9307,3726,11,3,790.28,2370.84
9308,3727,3,1,778.01,778.01
9309,3728,19,4,1424.74,5698.96
9310,3728,16,3,994.08,2982.24
9311,3729,8,4,591.41,2365.64
9312,3729,7,3,601.67,1805.01
9313,3730,10,4,721.54,2886.16
9314,3730,3,3,893.27,2679.81
9315,3730,10,3,935.6,2806.8
9316,3731,16,2,1315.03,2630.06
9317,3731,15,3,753.05,2259.15
9318,3731,5,6,174.68,1048.08
9319,3731,17,2,1721.11,3442.22
9320,3732,11,1,1017.59,1017.59
9321,3732,12,2,260.86,521.72
9322,3733,12,4,248.54,994.16
9323,3733,12,2,266.37,532.74
9324,3734,3,1,850.03,850.03
9325,3734,17,3,1990.74,5972.22
9326,3734,3,3,1011.38,3034.14
9327,3735,18,3,1537.73,4613.19
9328,3735,9,2,2269.1,4538.2
9329,3736,5,4,195.49,781.96
9330,3736,1,1,1801.86,1801.86
9331,3736,19,2,1207.22,2414.44
9332,3736,11,4,996.61,3986.44
9333,3737,18,4,1415.05,5660.2
9334,3737,6,3,109.57,328.71
9335,3738,7,4,692.09,2768.36
9336,3738,12,2,235.02,470.04
9337,3738,9,4,1932.07,7728.28
9338,3739,18,2,1525.75,3051.5
9339,3739,2,4,737.28,2949.12
9340,3739,19,1,1361.06,1361.06
9341,3740,5,2,164.29,328.58
9342,3740,5,6,195.61,1173.66
9343,3740,4,2,427.62,855.24
9344,3740,1,3,1932.14,5796.42
9345,3741,2,1,916.24,916.24
9346,3741,1,3,1747.34,5242.02
9347,3741,15,2,931.8,1863.6
9348,3742,15,3,913.66,2740.98
9349,3742,9,3,2163.36,6490.08
9350,3742,4,2,428.5,857.0
9351,3742,3,3,749.45,2248.35
9352,3743,9,2,1794.76,3589.52
9353,3743,17,2,2264.56,4529.12
9354,3744,16,3,1026.84,3080.52
9355,3744,15,3,897.91,2693.73
9356,3744,8,3,551.64,1654.92
9357,3744,6,2,122.24,244.48
9358,3745,17,1,1982.7,1982.7
9359,3746,10,4,795.27,3181.08
9360,3746,2,2,903.98,1807.96
9361,3747,14,4,141.18,564.72
9362,3747,15,3,892.93,2678.79
9363,3748,12,5,223.58,1117.9
9364,3749,14,3,153.61,460.83
9365,3749,10,1,854.56,854.56
9366,3749,10,4,721.06,2884.24
9367,3749,15,3,937.55,2812.65
9368,3750,9,2,1727.25,3454.5
9369,3750,4,3,365.31,1095.93
9370,3750,15,3,809.9,2429.7
9371,3750,4,5,370.93,1854.65
9372,3751,2,2,689.12,1378.24
9373,3751,16,3,1244.66,3733.98
9374,3751,8,5,481.82,2409.1
9375,3751,10,1,918.29,918.29
9376,3752,7,2,699.14,1398.28
9377,3752,5,2,172.61,345.22
9378,3752,17,2,2297.95,4595.9
9379,3752,10,1,761.75,761.75
9380,3753,14,2,162.86,325.72
9381,3753,13,3,520.18,1560.54
9382,3753,5,2,158.17,316.34
9383,3753,8,1,566.25,566.25
9384,3754,11,3,940.46,2821.38
9385,3754,19,1,1381.81,1381.81
9386,3754,2,4,678.58,2714.32
9387,3754,10,4,960.56,3842.24
9388,3755,8,5,592.08,2960.4
9389,3755,8,2,570.77,1141.54
9390,3755,11,2,797.42,1594.84
9391,3756,10,1,810.03,810.03
9392,3756,13,3,529.62,1588.86
9393,3756,5,1,205.75,205.75
9394,3757,7,3,617.55,1852.65
9395,3757,6,2,120.01,240.02
9396,3757,5,1,202.85,202.85
9397,3758,19,2,1378.35,2756.7
9398,3758,20,1,254.71,254.71
9399,3758,11,2,1065.05,2130.1
9400,3759,3,3,774.01,2322.03
9401,3759,18,1,1407.18,1407.18
9402,3760,20,2,204.64,409.28
9403,3760,20,1,192.69,192.69
9404,3761,7,4,720.64,2882.56
9405,3761,20,4,245.96,983.84
9406,3762,19,2,1201.91,2403.82
9407,3762,14,4,153.96,615.84
9408,3763,6,2,115.32,230.64
9409,3763,9,4,1965.44,7861.76
9410,3764,17,2,1726.02,3452.04
9411,3764,12,3,224.5,673.5
9412,3764,8,4,507.9,2031.6
9413,3764,15,5,810.43,4052.15
9414,3765,14,2,146.9,293.8
9415,3765,18,2,1923.98,3847.96
9416,3766,13,2,463.43,926.86
9417,3767,20,2,202.57,405.14
9418,3768,10,4,781.6,3126.4
9419,3768,11,4,1078.95,4315.8
9420,3768,5,4,197.51,790.04
9421,3768,19,2,1154.38,2308.76
9422,3769,5,5,185.29,926.45
9423,3770,10,2,830.32,1660.64
9424,3770,6,4,134.63,538.52
9425,3770,8,2,626.44,1252.88
9426,3770,2,4,753.28,3013.12
9427,3771,3,1,1016.43,1016.43
9428,3771,9,3,2139.35,6418.05
9429,3771,12,3,229.55,688.65
9430,3771,20,6,197.84,1187.04
9431,3772,9,4,2203.32,8813.28
9432,3772,10,2,821.95,1643.9
9433,3772,10,2,866.66,1733.32
9434,3772,20,2,224.63,449.26
9435,3773,3,3,749.24,2247.72
9436,3774,18,2,1568.53,3137.06
9437,3774,18,1,1510.11,1510.11
9438,3775,16,3,1170.61,3511.83
9439,3775,12,3,267.31,801.93
9440,3775,12,3,278.37,835.11
9441,3776,2,1,920.58,920.58
9442,3776,14,2,160.49,320.98
9443,3776,14,1,137.6,137.6
9444,3777,3,1,898.37,898.37
9445,3777,19,2,1143.42,2286.84
9446,3778,17,5,1787.22,8936.1
9447,3778,4,3,406.1,1218.3
9448,3779,7,4,724.68,2898.72
9449,3780,17,2,2334.41,4668.82
9450,3780,17,2,1787.74,3575.48
9451,3781,2,4,886.47,3545.88
9452,3781,20,3,249.8,749.4
9453,3781,9,2,2111.26,4222.52
9454,3782,19,3,1058.99,3176.97
9455,3782,17,3,2162.31,6486.93
9456,3783,20,2,219.05,438.1
9457,3783,3,5,803.42,4017.1
9458,3784,18,4,1532.2,6128.8
9459,3784,16,1,1213.1,1213.1
9460,3784,18,3,1586.89,4760.67
9461,3784,12,4,240.67,962.68
9462,3785,15,1,876.95,876.95
9463,3785,3,2,1023.25,2046.5
9464,3785,14,2,133.25,266.5
9465,3785,6,3,132.99,398.97
9466,3786,12,2,214.69,429.38
9467,3786,19,1,1116.94,1116.94
9468,3786,19,1,1131.13,1131.13
9469,3787,2,1,762.58,762.58
9470,3787,12,2,219.22,438.44
9471,3787,9,2,1820.02,3640.04
9472,3788,3,1,790.08,790.08
9473,3789,20,6,219.65,1317.9
9474,3789,2,4,869.53,3478.12
9475,3790,18,5,1937.43,9687.15
9476,3790,5,4,183.53,734.12
9477,3790,10,4,787.89,3151.56
9478,3790,16,2,987.4,1974.8
9479,3791,5,2,188.67,377.34
9480,3792,9,3,2044.03,6132.09
9481,3792,19,5,1403.87,7019.35
9482,3792,19,2,1161.05,2322.1
9483,3793,20,2,233.22,466.44
9484,3793,5,3,161.94,485.82
9485,3793,13,2,436.74,873.48
9486,3793,17,4,1953.65,7814.6
9487,3794,18,6,1940.28,11641.68
9488,3794,14,2,124.62,249.24
9489,3795,8,2,548.99,1097.98
9490,3795,16,5,1314.94,6574.7
9491,3795,17,2,2133.68,4267.36
9492,3795,2,2,931.76,1863.52
9493,3796,3,3,923.5,2770.5
9494,3796,5,5,162.71,813.55
9495,3796,15,3,995.6,2986.8
9496,3797,6,5,125.68,628.4
9497,3797,18,1,1832.27,1832.27
9498,3797,19,3,1058.09,3174.27
9499,3798,19,6,1139.69,6838.14
9500,3798,15,3,872.61,2617.83
9501,3798,14,1,147.71,147.71
9502,3798,1,1,1766.88,1766.88
9503,3799,18,2,1625.34,3250.68
9504,3799,4,3,341.3,1023.9
9505,3799,1,4,2106.91,8427.64
9506,3800,18,4,1697.85,6791.4
9507,3801,18,3,1556.68,4670.04
9508,3802,18,3,1688.04,5064.12
9509,3802,1,2,1694.23,3388.46
9510,3802,19,4,1154.01,4616.04
9511,3803,16,1,1153.81,1153.81
9512,3803,10,4,969.32,3877.28
9513,3803,18,4,1737.36,6949.44
9514,3804,17,3,1929.42,5788.26
9515,3805,20,4,234.72,938.88
9516,3805,9,6,1987.81,11926.86
9517,3806,10,2,934.48,1868.96
9518,3806,15,4,791.27,3165.08
9519,3806,20,1,208.61,208.61
9520,3806,14,3,155.42,466.26
9521,3807,15,3,914.96,2744.88
9522,3807,7,1,693.71,693.71
9523,3808,4,3,420.4,1261.2
9524,3808,15,3,848.51,2545.53
9525,3809,11,5,893.02,4465.1
9526,3809,20,3,235.48,706.44
9527,3809,11,5,863.16,4315.8
9528,3810,11,6,811.22,4867.32
9529,3810,3,3,987.46,2962.38
9530,3811,19,2,1100.73,2201.46
9531,3811,2,3,725.0,2175.0
9532,3812,11,3,981.12,2943.36
9533,3812,19,1,1424.44,1424.44
9534,3812,14,2,147.72,295.44
9535,3813,9,3,2292.01,6876.03
9536,3813,1,5,2071.76,10358.8
9537,3813,15,6,788.08,4728.48
9538,3813,13,2,490.77,981.54
9539,3814,1,5,2071.01,10355.05
9540,3814,10,2,769.75,1539.5
9541,3815,19,6,1276.06,7656.36
9542,3815,18,1,1814.6,1814.6
9543,3816,2,3,699.28,2097.84
9544,3817,18,2,1475.69,2951.38
9545,3817,5,3,165.15,495.45
9546,3818,5,3,176.13,528.39
9547,3818,20,4,195.1,780.4
9548,3818,16,3,1048.02,3144.06
9549,3818,8,1,531.99,531.99
9550,3819,14,2,122.55,245.1
9551,3819,17,3,1752.76,5258.28
9552,3820,5,2,208.71,417.42
9553,3820,2,2,907.16,1814.32
9554,3820,6,6,102.17,613.02
9555,3821,17,4,1783.95,7135.8
9556,3821,15,4,942.84,3771.36
9557,3821,5,6,197.67,1186.02
9558,3822,17,1,1878.12,1878.12
9559,3822,3,4,817.63,3270.52
9560,3822,18,2,1657.66,3315.32
9561,3822,8,4,479.47,1917.88
9562,3823,20,3,256.12,768.36
9563,3824,4,3,461.17,1383.51
9564,3824,2,4,873.69,3494.76
9565,3825,6,3,124.2,372.6
9566,3825,17,2,1825.32,3650.64
9567,3825,15,2,909.36,1818.72
9568,3825,9,2,1975.81,3951.62
9569,3826,16,3,1033.07,3099.21
9570,3826,10,5,917.41,4587.05
9571,3827,8,2,472.94,945.88
9572,3827,9,6,1960.62,11763.72
9573,3827,6,1,138.59,138.59
9574,3828,20,2,251.68,503.36
9575,3828,6,3,120.82,362.46
9576,3828,9,2,2058.21,4116.42
9577,3828,7,2,697.55,1395.1
9578,3829,15,3,751.29,2253.87
9579,3829,18,5,1526.13,7630.65
9580,3829,20,2,234.11,468.22
9581,3830,6,4,105.54,422.16
9582,3830,20,4,229.14,916.56
9583,3830,2,6,905.57,5433.42
9584,3831,19,4,1186.67,4746.68
9585,3831,6,3,137.56,412.68
9586,3831,4,5,428.2,2141.0
9587,3832,20,1,256.09,256.09
9588,3832,19,2,1077.66,2155.32
9589,3833,10,2,723.76,1447.52
9590,3833,9,3,2082.95,6248.85
9591,3834,3,2,966.76,1933.52
9592,3834,8,1,552.28,552.28
9593,3834,3,4,854.03,3416.12
9594,3834,8,1,460.78,460.78
9595,3835,2,3,789.14,2367.42
9596,3835,12,2,211.12,422.24
9597,3835,18,1,1876.79,1876.79
9598,3835,1,3,2078.97,6236.91
9599,3836,8,4,574.45,2297.8
9600,3837,2,4,895.98,3583.92
9601,3838,13,2,400.99,801.98
9602,3838,18,2,1471.04,2942.08
9603,3839,15,2,766.45,1532.9
9604,3839,16,4,1019.76,4079.04
9605,3840,14,2,122.94,245.88
9606,3840,11,1,809.22,809.22
9607,3840,9,5,2333.95,11669.75
9608,3840,13,3,544.39,1633.17
9609,3841,13,1,417.52,417.52
9610,3841,8,6,599.3,3595.8
9611,3841,11,2,1036.84,2073.68
9612,3842,3,1,950.15,950.15
9613,3842,18,2,1501.49,3002.98
9614,3842,1,4,2208.55,8834.2
9615,3842,11,1,840.74,840.74
9616,3843,14,2,147.92,295.84
9617,3843,3,5,990.12,4950.6
9618,3843,6,5,132.43,662.15
9619,3843,6,1,118.21,118.21
9620,3844,1,1,2057.98,2057.98
9621,3844,18,4,1458.5,5834.0
9622,3845,1,5,2154.83,10774.15
9623,3845,11,3,1000.86,3002.58
9624,3846,18,6,1907.46,11444.76
9625,3846,16,4,1146.46,4585.84
9626,3846,6,2,115.77,231.54
9627,3847,12,1,218.69,218.69
9628,3847,3,1,965.11,965.11
9629,3847,13,4,487.76,1951.04
9630,3847,19,5,1087.76,5438.8
9631,3848,8,3,480.42,1441.26
9632,3848,2,2,780.08,1560.16
9633,3848,7,5,536.17,2680.85
9634,3849,7,3,650.55,1951.65
9635,3850,6,4,129.77,519.08
9636,3850,10,4,801.92,3207.68
9637,3850,18,1,1466.33,1466.33
9638,3851,5,3,199.71,599.13
9639,3851,4,3,354.94,1064.82
9640,3851,9,4,1795.23,7180.92
9641,3852,10,2,819.22,1638.44
9642,3852,12,2,217.26,434.52
9643,3852,18,3,1910.15,5730.45
9644,3853,16,2,1108.38,2216.76
9645,3853,13,4,488.95,1955.8
9646,3853,9,3,1896.76,5690.28
9647,3854,20,6,199.65,1197.9
9648,3854,16,2,969.36,1938.72
9649,3855,9,3,2157.57,6472.71
9650,3855,5,1,171.94,171.94
9651,3855,3,2,991.26,1982.52
9652,3855,11,4,946.56,3786.24
9653,3856,15,4,876.71,3506.84
9654,3856,13,3,479.74,1439.22
9655,3856,16,3,1222.38,3667.14
9656,3856,13,3,431.7,1295.1
9657,3857,19,2,1090.87,2181.74
9658,3857,18,3,1557.27,4671.81
9659,3857,13,3,405.25,1215.75
9660,3857,13,4,500.0,2000.0
9661,3858,5,3,166.24,498.72
9662,3858,8,3,614.5,1843.5
9663,3858,11,1,826.95,826.95
9664,3858,14,3,145.95,437.85
9665,3859,17,2,2011.56,4023.12
9666,3860,8,4,571.32,2285.28
9667,3860,9,2,2059.34,4118.68
9668,3860,12,4,236.38,945.52
9669,3861,3,2,790.13,1580.26
9670,3862,15,4,859.54,3438.16
9671,3862,6,3,124.44,373.32
9672,3863,13,3,468.58,1405.74
9673,3863,6,3,104.22,312.66
9674,3863,10,4,739.16,2956.64
9675,3863,16,1,1091.28,1091.28
9676,3864,17,1,1953.84,1953.84
9677,3864,3,3,951.71,2855.13
9678,3864,7,4,543.44,2173.76
9679,3864,7,5,653.91,3269.55
9680,3865,15,1,777.45,777.45
9681,3865,17,3,1693.71,5081.13
9682,3865,3,5,950.76,4753.8
9683,3866,20,3,201.97,605.91
9684,3867,7,3,695.49,2086.47
9685,3867,18,3,1602.8,4808.4
9686,3867,20,2,231.18,462.36
9687,3868,8,2,509.11,1018.22
9688,3868,13,2,430.82,861.64
9689,3868,12,4,258.58,1034.32
9690,3869,16,3,1082.16,3246.48
9691,3870,5,5,183.16,915.8
9692,3870,5,5,171.84,859.2
9693,3871,16,4,1268.06,5072.24
9694,3872,2,3,893.17,2679.51
9695,3872,6,3,135.43,406.29
9696,3872,3,2,878.29,1756.58
9697,3873,4,2,440.42,880.84
9698,3873,5,3,198.11,594.33
9699,3873,17,1,2075.25,2075.25
9700,3874,9,5,2045.29,10226.45
9701,3875,12,5,228.27,1141.35
9702,3875,17,6,2039.16,12234.96
9703,3875,2,5,845.32,4226.6
9704,3876,7,2,557.8,1115.6
9705,3876,2,3,870.4,2611.2
9706,3877,4,1,464.23,464.23
9707,3877,7,3,546.61,1639.83
9708,3877,13,4,533.82,2135.28
9709,3878,11,1,928.87,928.87
9710,3878,16,1,1268.47,1268.47
9711,3878,16,1,978.12,978.12
9712,3879,9,6,2268.61,13611.66
9713,3879,6,2,114.63,229.26
9714,3879,8,1,583.52,583.52
9715,3879,18,1,1945.68,1945.68
9716,3880,18,4,1545.13,6180.52
9717,3881,13,2,492.69,985.38
9718,3882,14,4,135.44,541.76
9719,3882,20,3,192.24,576.72
9720,3882,1,1,1848.01,1848.01
9721,3882,8,4,519.22,2076.88
9722,3883,19,5,1388.67,6943.35
9723,3883,3,2,1010.19,2020.38
9724,3883,1,2,1648.3,3296.6
9725,3883,6,3,105.66,316.98
9726,3884,2,2,693.5,1387.0
9727,3884,1,2,1660.35,3320.7
9728,3885,1,2,1960.62,3921.24
9729,3886,12,4,267.57,1070.28
9730,3886,19,1,1050.74,1050.74
9731,3886,18,3,1746.23,5238.69
9732,3886,1,4,1629.51,6518.04
9733,3887,17,1,2067.44,2067.44
9734,3887,17,3,2015.01,6045.03
9735,3887,10,2,832.69,1665.38
9736,3887,19,3,1085.88,3257.64
9737,3888,4,5,457.81,2289.05
9738,3889,10,4,875.07,3500.28
9739,3889,5,1,198.62,198.62
9740,3889,3,3,875.32,2625.96
9741,3890,4,2,427.74,855.48
9742,3890,4,1,445.3,445.3
9743,3890,14,3,160.05,480.15
9744,3890,20,5,192.25,961.25
9745,3891,14,3,150.18,450.54
9746,3891,6,1,135.16,135.16
9747,3891,18,3,1447.89,4343.67
9748,3891,12,2,263.69,527.38
9749,3892,18,1,1747.54,1747.54
9750,3892,1,2,2230.84,4461.68
9751,3892,9,4,2113.57,8454.28
9752,3893,11,4,1049.05,4196.2
9753,3893,6,2,128.92,257.84
9754,3893,9,3,1910.65,5731.95
9755,3893,9,3,2181.99,6545.97
9756,3894,18,4,1837.46,7349.84
9757,3894,2,3,803.94,2411.82
9758,3894,5,1,180.95,180.95
9759,3894,3,1,880.66,880.66
9760,3895,15,3,787.95,2363.85
9761,3895,17,5,2034.63,10173.15
9762,3895,8,3,511.31,1533.93
9763,3896,13,5,474.0,2370.0
9764,3896,4,4,354.25,1417.0
9765,3897,1,3,2046.03,6138.09
9766,3897,3,3,859.92,2579.76
9767,3897,6,5,126.67,633.35
9768,3897,14,1,134.51,134.51
9769,3898,9,2,1971.04,3942.08
9770,3898,3,1,821.24,821.24
9771,3898,16,2,1187.75,2375.5
9772,3898,8,3,587.07,1761.21
9773,3899,3,2,876.04,1752.08
9774,3899,15,2,948.95,1897.9
9775,3900,3,2,752.19,1504.38
9776,3900,2,4,847.21,3388.84
9777,3900,14,2,136.53,273.06
9778,3900,11,4,1001.19,4004.76
9779,3901,18,3,1656.78,4970.34
9780,3901,9,3,2206.99,6620.97
9781,3901,16,2,1291.64,2583.28
9782,3902,3,1,993.5,993.5
9783,3902,7,2,613.53,1227.06
9784,3903,20,1,199.52,199.52
9785,3903,12,2,270.13,540.26
9786,3903,2,3,824.21,2472.63
9787,3903,20,4,216.55,866.2
9788,3904,12,1,264.62,264.62
9789,3904,10,2,951.86,1903.72
9790,3904,18,3,1688.71,5066.13
9791,3904,18,2,1824.46,3648.92
9792,3905,1,3,1907.44,5722.32
9793,3905,1,4,2210.36,8841.44
9794,3906,10,2,814.57,1629.14
9795,3907,9,3,1929.04,5787.12
9796,3907,17,2,1997.17,3994.34
9797,3907,20,3,233.68,701.04
9798,3908,14,3,119.48,358.44
9799,3908,3,3,777.41,2332.23
9800,3909,18,1,1528.78,1528.78
9801,3910,19,3,1210.49,3631.47
9802,3910,19,5,1133.62,5668.1
9803,3910,7,2,699.96,1399.92
9804,3911,14,2,120.71,241.42
9805,3911,10,2,902.8,1805.6
9806,3911,10,2,824.31,1648.62
9807,3912,16,4,1161.75,4647.0
9808,3912,18,4,1939.25,7757.0
9809,3912,1,6,1759.18,10555.08
9810,3913,15,3,807.28,2421.84
9811,3914,15,3,939.68,2819.04
9812,3914,10,1,983.09,983.09
9813,3915,19,3,1138.82,3416.46
9814,3916,9,4,2248.83,8995.32
9815,3917,7,4,616.29,2465.16
9816,3917,5,2,174.03,348.06
9817,3918,6,2,107.52,215.04
9818,3918,8,3,494.78,1484.34
9819,3918,14,6,127.16,762.96
9820,3919,8,4,461.33,1845.32
9821,3919,20,2,220.4,440.8
9822,3920,15,2,868.16,1736.32
9823,3920,8,3,501.56,1504.68
9824,3920,13,5,532.52,2662.6
9825,3921,10,2,752.65,1505.3
9826,3921,9,1,1750.41,1750.41
9827,3921,4,3,355.06,1065.18
9828,3922,14,3,149.41,448.23
9829,3923,19,5,1342.79,6713.95
9830,3923,8,3,474.28,1422.84
9831,3923,10,2,786.28,1572.56
9832,3924,10,4,840.76,3363.04
9833,3924,11,4,1005.23,4020.92
9834,3924,6,3,102.06,306.18
9835,3925,6,4,135.61,542.44
9836,3925,14,3,137.76,413.28
9837,3925,19,2,1129.17,2258.34
9838,3925,10,3,960.77,2882.31
9839,3926,18,4,1931.33,7725.32
9840,3927,17,3,1973.15,5919.45
9841,3928,20,4,231.06,924.24
9842,3929,11,3,876.13,2628.39
9843,3929,11,2,1087.09,2174.18
9844,3930,8,4,462.62,1850.48
9845,3930,5,1,171.45,171.45
9846,3930,13,3,404.75,1214.25
9847,3930,8,2,529.14,1058.28
9848,3931,17,4,1685.76,6743.04
9849,3931,3,2,769.25,1538.5
9850,3931,15,2,899.15,1798.3
9851,3931,10,3,897.31,2691.93
9852,3932,14,3,148.01,444.03
9853,3932,18,1,1853.33,1853.33
9854,3932,12,4,222.78,891.12
9855,3933,4,2,387.26,774.52
9856,3934,7,2,724.34,1448.68
9857,3934,19,2,1326.65,2653.3
9858,3935,14,4,144.05,576.2
9859,3935,9,6,2216.32,13297.92
9860,3935,19,5,1185.0,5925.0
9861,3936,14,4,145.0,580.0
9862,3936,4,3,353.82,1061.46
9863,3936,9,4,2301.48,9205.92
9864,3936,19,4,1215.92,4863.68
9865,3937,1,2,1915.76,3831.52
9866,3937,1,4,1986.63,7946.52
9867,3937,4,4,357.04,1428.16
9868,3938,19,4,1268.42,5073.68
9869,3939,15,1,833.67,833.67
9870,3940,1,5,2087.17,10435.85
9871,3940,6,5,106.45,532.25
9872,3940,4,3,432.8,1298.4
9873,3940,13,4,410.07,1640.28
9874,3941,12,2,222.43,444.86
9875,3941,3,3,825.75,2477.25
9876,3941,4,4,358.61,1434.44
9877,3941,12,1,230.94,230.94
9878,3942,3,4,937.19,3748.76
9879,3942,3,4,747.12,2988.48
9880,3942,12,1,275.53,275.53
9881,3943,13,1,436.43,436.43
9882,3944,1,3,1928.32,5784.96
9883,3944,1,1,1967.88,1967.88
9884,3945,1,3,1955.91,5867.73
9885,3946,17,1,2077.55,2077.55
9886,3947,9,3,1758.76,5276.28
9887,3947,12,4,264.41,1057.64
9888,3947,7,4,665.67,2662.68
9889,3947,14,4,136.75,547.0
9890,3948,3,5,757.08,3785.4
9891,3948,2,1,893.82,893.82
9892,3948,19,1,1049.27,1049.27
9893,3949,13,2,469.15,938.3
9894,3949,11,3,817.99,2453.97
9895,3949,17,1,2225.79,2225.79
9896,3949,3,6,859.61,5157.66
9897,3950,5,1,162.24,162.24
9898,3950,17,2,1730.93,3461.86
9899,3951,5,1,189.19,189.19
9900,3951,19,1,1110.01,1110.01
9901,3951,10,5,733.46,3667.3
9902,3951,2,1,725.5,725.5
9903,3952,16,3,1084.05,3252.15
9904,3952,7,3,526.35,1579.05
9905,3953,12,4,258.52,1034.08
9906,3953,10,4,755.54,3022.16
9907,3953,11,4,1045.76,4183.04
9908,3953,18,2,1768.76,3537.52
9909,3954,18,3,1701.93,5105.79
9910,3954,14,1,158.06,158.06
9911,3955,8,3,594.89,1784.67
9912,3956,18,1,1586.31,1586.31
9913,3956,12,1,282.94,282.94
9914,3956,9,3,2295.47,6886.41
9915,3957,14,4,127.6,510.4
9916,3958,13,2,525.06,1050.12
9917,3959,20,1,207.96,207.96
9918,3959,5,4,176.68,706.72
9919,3959,5,4,172.04,688.16
9920,3960,13,1,445.87,445.87
9921,3960,12,2,229.34,458.68
9922,3960,12,2,251.63,503.26
9923,3961,15,4,878.32,3513.28
9924,3962,9,3,2209.5,6628.5
9925,3962,18,3,1848.26,5544.78
9926,3962,12,5,210.23,1051.15
9927,3963,14,2,142.43,284.86
9928,3963,19,1,1213.35,1213.35
9929,3963,4,1,406.04,406.04
9930,3963,9,3,2339.92,7019.76
9931,3964,1,1,1793.7,1793.7
9932,3964,20,4,226.71,906.84
9933,3964,9,4,1824.16,7296.64
9934,3965,4,3,399.25,1197.75
9935,3965,2,4,839.32,3357.28
9936,3966,18,6,1612.23,9673.38
9937,3966,17,2,1801.01,3602.02
9938,3967,12,2,254.16,508.32
9939,3967,3,6,744.58,4467.48
9940,3967,15,3,1005.82,3017.46
9941,3968,20,3,198.26,594.78
9942,3968,12,4,261.21,1044.84
9943,3969,15,2,980.65,1961.3
9944,3969,15,3,985.39,2956.17
9945,3969,6,3,113.55,340.65
9946,3969,2,2,860.28,1720.56
9947,3970,8,5,550.52,2752.6
9948,3971,8,2,509.75,1019.5
9949,3971,13,3,480.94,1442.82
9950,3972,10,2,912.05,1824.1
9951,3972,16,3,1286.4,3859.2
9952,3973,16,3,1145.53,3436.59
9953,3973,6,2,117.25,234.5
9954,3973,8,1,472.47,472.47
9955,3973,17,2,1910.12,3820.24
9956,3974,7,2,639.76,1279.52
9957,3974,12,4,260.12,1040.48
9958,3975,8,2,462.53,925.06
9959,3975,20,5,193.0,965.0
9960,3975,1,1,1676.88,1676.88
9961,3975,9,2,1844.78,3689.56
9962,3976,1,1,1631.23,1631.23
9963,3976,2,4,790.24,3160.96
9964,3976,10,4,939.49,3757.96
9965,3977,4,3,397.97,1193.91
9966,3977,1,3,1796.88,5390.64
9967,3977,8,4,473.06,1892.24
9968,3978,12,4,238.31,953.24
9969,3979,15,2,890.79,1781.58
9970,3979,1,2,1739.43,3478.86
9971,3979,13,5,474.92,2374.6
9972,3980,12,1,208.32,208.32
9973,3981,15,2,1011.64,2023.28
9974,3981,12,2,262.33,524.66
9975,3981,7,4,563.71,2254.84
9976,3982,6,2,124.47,248.94
9977,3983,3,5,767.81,3839.05
9978,3984,20,1,228.39,228.39
9979,3985,14,5,130.9,654.5
9980,3985,11,3,797.92,2393.76
9981,3986,1,3,1617.25,4851.75
9982,3986,5,3,188.58,565.74
9983,3986,18,3,1798.14,5394.42
9984,3987,4,2,402.62,805.24
9985,3987,14,4,120.7,482.8
9986,3988,1,5,1620.48,8102.4
9987,3988,16,3,1181.13,3543.39
9988,3988,3,1,894.59,894.59
9989,3988,13,3,461.25,1383.75
9990,3989,18,1,1837.4,1837.4
9991,3989,20,1,241.03,241.03
9992,3990,18,4,1895.64,7582.56
9993,3990,2,2,910.08,1820.16
9994,3991,7,2,599.35,1198.7
9995,3991,4,3,352.84,1058.52
9996,3991,19,3,1043.76,3131.28
9997,3991,16,4,1001.23,4004.92
9998,3992,9,2,1738.13,3476.26
9999,3992,13,1,477.67,477.67
10000,3993,12,1,242.06,242.06
10001,3994,15,2,815.47,1630.94
10002,3994,6,2,122.3,244.6
10003,3995,13,2,531.74,1063.48
10004,3995,6,3,119.23,357.69
10005,3995,1,2,1989.05,3978.1
10006,3995,3,2,908.07,1816.14
10007,3996,13,5,415.86,2079.3
10008,3996,20,3,203.55,610.65
10009,3997,14,4,152.5,610.0
10010,3997,6,1,126.6,126.6
10011,3997,6,4,127.17,508.68
10012,3997,9,3,1725.17,5175.51
10013,3998,9,3,2165.8,6497.4
10014,3998,12,2,214.2,428.4
10015,3998,14,2,135.13,270.26
10016,3998,2,5,835.09,4175.45
10017,3999,9,3,2245.06,6735.18
10018,3999,7,1,672.62,672.62
10019,3999,3,2,886.01,1772.02
10020,4000,3,3,1014.17,3042.51
10021,4000,7,2,579.89,1159.78
10022,4000,10,4,747.2,2988.8
10023,4001,11,2,912.74,1825.48
10024,4001,15,3,840.19,2520.57
10025,4001,18,3,1475.09,4425.27
10026,4001,13,2,496.08,992.16
10027,4002,14,2,122.03,244.06
10028,4002,6,4,112.7,450.8
10029,4003,19,5,1229.09,6145.45
10030,4003,15,3,929.5,2788.5
10031,4004,7,2,701.4,1402.8
10032,4004,2,4,721.5,2886.0
10033,4004,2,4,928.0,3712.0
10034,4005,14,2,140.51,281.02
10035,4005,3,5,969.63,4848.15
10036,4005,17,1,2123.35,2123.35
10037,4006,18,2,1535.62,3071.24
10038,4006,3,3,844.83,2534.49
10039,4006,1,5,2127.36,10636.8
10040,4006,13,3,489.74,1469.22
10041,4007,16,4,1103.95,4415.8
10042,4007,15,1,1002.42,1002.42
10043,4007,4,2,358.91,717.82
10044,4007,4,2,376.93,753.86
10045,4008,5,4,161.52,646.08
10046,4008,7,3,677.24,2031.72
10047,4008,7,2,542.75,1085.5
10048,4008,19,3,1274.04,3822.12
10049,4009,12,1,254.61,254.61
10050,4009,19,1,1380.29,1380.29
10051,4009,6,4,110.0,440.0
10052,4009,20,1,216.08,216.08
10053,4010,5,2,157.29,314.58
10054,4010,9,5,2324.8,11624.0
10055,4010,11,3,980.55,2941.65
10056,4011,17,3,1938.25,5814.75
10057,4011,9,3,2351.85,7055.55
10058,4011,11,3,997.95,2993.85
10059,4011,10,2,815.68,1631.36
10060,4012,19,2,1158.01,2316.02
10061,4012,16,2,1037.29,2074.58
10062,4012,8,4,569.06,2276.24
10063,4013,2,3,695.35,2086.05
10064,4013,8,3,627.73,1883.19
10065,4013,8,2,600.81,1201.62
10066,4013,1,4,2129.06,8516.24
10067,4014,13,5,443.52,2217.6
10068,4014,14,2,141.94,283.88
10069,4014,14,1,120.48,120.48
10070,4014,11,2,896.3,1792.6
10071,4015,10,1,928.61,928.61
10072,4016,19,2,1030.05,2060.1
10073,4017,3,1,990.02,990.02
10074,4018,19,4,1380.6,5522.4
10075,4018,11,1,943.75,943.75
10076,4018,19,5,1347.53,6737.65
10077,4018,19,2,1131.03,2262.06
10078,4019,5,3,182.03,546.09
10079,4019,17,5,2182.92,10914.6
10080,4020,10,2,834.22,1668.44
10081,4020,12,2,243.22,486.44
10082,4021,8,3,588.9,1766.7
10083,4022,9,4,2384.29,9537.16
10084,4023,20,3,232.9,698.7
10085,4023,1,2,1685.67,3371.34
10086,4024,4,2,421.66,843.32
10087,4025,15,2,752.73,1505.46
10088,4025,20,3,230.44,691.32
10089,4025,2,4,910.93,3643.72
10090,4026,7,1,568.06,568.06
10091,4026,4,5,409.73,2048.65
10092,4026,1,1,1828.9,1828.9
10093,4027,13,3,513.74,1541.22
10094,4028,20,2,195.61,391.22
10095,4028,17,3,1883.34,5650.02
10096,4028,19,1,1058.3,1058.3
10097,4029,10,4,864.85,3459.4
10098,4029,8,1,535.43,535.43
10099,4029,6,2,132.31,264.62
10100,4029,20,4,240.31,961.24
10101,4030,18,4,1469.72,5878.88
10102,4030,4,1,345.94,345.94
10103,4030,12,4,273.42,1093.68
10104,4031,14,4,153.27,613.08
10105,4031,18,2,1517.32,3034.64
10106,4031,8,2,484.23,968.46
10107,4032,3,2,786.73,1573.46
10108,4032,16,4,998.07,3992.28
10109,4033,8,1,466.26,466.26
10110,4033,3,3,750.71,2252.13
10111,4033,8,1,550.14,550.14
10112,4033,8,2,560.35,1120.7
10113,4034,3,3,843.25,2529.75
10114,4034,7,2,524.5,1049.0
10115,4034,3,4,904.94,3619.76
10116,4034,3,1,980.68,980.68
10117,4035,1,1,1939.98,1939.98
10118,4035,10,4,793.65,3174.6
10119,4036,7,2,623.42,1246.84
10120,4036,1,2,1614.8,3229.6
10121,4037,14,6,149.5,897.0
10122,4037,8,3,592.54,1777.62
10123,4038,12,1,285.26,285.26
10124,4038,15,4,1005.4,4021.6
10125,4039,7,2,585.55,1171.1
10126,4040,14,2,138.54,277.08
10127,4040,6,1,122.88,122.88
10128,4040,7,2,576.54,1153.08
10129,4041,17,6,2086.83,12520.98
10130,4041,18,1,1877.01,1877.01
10131,4041,9,4,1919.68,7678.72
10132,4042,5,6,188.27,1129.62
10133,4042,12,2,283.11,566.22
10134,4043,4,2,352.2,704.4
10135,4043,6,6,137.07,822.42
10136,4043,13,3,510.34,1531.02
10137,4044,16,2,969.23,1938.46
10138,4045,8,4,477.96,1911.84
10139,4045,10,4,750.15,3000.6
10140,4046,10,5,767.28,3836.4
10141,4047,2,2,773.68,1547.36
10142,4047,13,4,458.15,1832.6
10143,4047,17,5,1959.04,9795.2
10144,4048,12,1,269.32,269.32
10145,4048,15,2,987.23,1974.46
10146,4049,17,3,2324.33,6972.99
10147,4049,20,6,233.21,1399.26
10148,4049,4,2,390.87,781.74
10149,4050,12,6,211.75,1270.5
10150,4050,4,2,367.3,734.6
10151,4051,6,1,118.67,118.67
10152,4051,14,4,153.8,615.2
10153,4051,19,2,1176.88,2353.76
10154,4052,17,2,2260.3,4520.6
10155,4052,16,2,1235.68,2471.36
10156,4053,10,3,950.88,2852.64
10157,4053,6,2,109.23,218.46
10158,4053,3,2,747.67,1495.34
10159,4053,8,3,551.64,1654.92
10160,4054,15,3,871.1,2613.3
10161,4055,12,6,272.15,1632.9
10162,4055,1,2,1936.8,3873.6
10163,4056,18,2,1470.59,2941.18
10164,4056,17,2,1903.16,3806.32
10165,4056,9,3,1873.15,5619.45
10166,4056,11,4,970.99,3883.96
10167,4057,10,3,740.24,2220.72
10168,4058,9,3,2202.52,6607.56
10169,4059,15,4,998.3,3993.2
10170,4059,18,3,1539.09,4617.27
10171,4059,19,5,1165.76,5828.8
10172,4059,10,3,886.02,2658.06
10173,4060,8,2,476.49,952.98
10174,4060,17,2,1947.17,3894.34
10175,4060,11,1,1039.29,1039.29
10176,4061,16,2,1131.19,2262.38
10177,4061,15,2,943.38,1886.76
10178,4061,11,2,1018.36,2036.72
10179,4062,10,2,757.21,1514.42
10180,4062,9,3,2301.74,6905.22
10181,4062,14,1,153.78,153.78
10182,4062,14,4,142.33,569.32
10183,4063,4,5,397.57,1987.85
10184,4063,20,3,245.75,737.25
10185,4063,5,4,177.02,708.08
10186,4064,17,4,2281.82,9127.28
10187,4064,12,4,263.4,1053.6
10188,4064,12,4,245.39,981.56
10189,4065,1,3,1924.55,5773.65
10190,4066,9,1,2227.93,2227.93
10191,4067,8,3,476.46,1429.38
10192,4067,19,3,1179.22,3537.66
10193,4068,15,4,971.57,3886.28
10194,4068,3,2,809.4,1618.8
10195,4068,9,2,1955.8,3911.6
10196,4068,8,2,491.25,982.5
10197,4069,12,3,257.43,772.29
10198,4070,5,4,210.13,840.52
10199,4070,19,1,1216.2,1216.2
10200,4071,19,3,1186.84,3560.52
10201,4071,10,2,969.58,1939.16
10202,4072,20,2,205.98,411.96
10203,4072,13,3,483.22,1449.66
10204,4072,15,2,802.26,1604.52
10205,4072,12,3,277.29,831.87
10206,4073,14,2,159.68,319.36
10207,4074,17,1,2111.47,2111.47
10208,4075,12,2,233.86,467.72
10209,4075,2,3,826.81,2480.43
10210,4075,12,2,217.13,434.26
10211,4076,14,2,127.41,254.82
10212,4077,19,2,1304.44,2608.88
10213,4078,16,4,994.54,3978.16
10214,4079,3,6,826.71,4960.26
10215,4079,10,3,845.3,2535.9
10216,4080,18,2,1454.09,2908.18
10217,4080,3,3,786.09,2358.27
10218,4080,9,2,1784.09,3568.18
10219,4080,3,5,902.74,4513.7
10220,4081,20,1,246.62,246.62
10221,4082,10,3,905.91,2717.73
10222,4082,15,3,819.76,2459.28
10223,4083,1,4,2164.18,8656.72
10224,4083,11,5,842.88,4214.4
10225,4084,11,5,830.15,4150.75
10226,4084,11,1,1022.13,1022.13
10227,4084,9,1,2325.72,2325.72
10228,4085,20,3,249.32,747.96
10229,4085,8,4,495.45,1981.8
10230,4086,2,1,741.23,741.23
10231,4086,14,1,135.53,135.53
10232,4086,13,2,449.98,899.96
10233,4086,5,1,173.37,173.37
10234,4087,7,2,719.89,1439.78
10235,4087,14,1,141.32,141.32
10236,4087,9,2,1827.63,3655.26
10237,4087,4,3,463.23,1389.69
10238,4088,4,2,378.75,757.5
10239,4088,1,2,1812.68,3625.36
10240,4088,20,2,186.55,373.1
10241,4088,6,4,127.7,510.8
10242,4089,7,2,674.1,1348.2
10243,4089,11,1,873.7,873.7
10244,4089,11,3,1001.16,3003.48
10245,4090,18,4,1879.47,7517.88
10246,4090,19,5,1413.66,7068.3
10247,4091,15,1,746.56,746.56
10248,4092,14,2,157.16,314.32
10249,4092,2,2,916.63,1833.26
10250,4093,8,3,587.56,1762.68
10251,4093,17,1,1858.88,1858.88
10252,4093,13,2,483.95,967.9
10253,4093,15,2,966.41,1932.82
10254,4094,13,4,408.66,1634.64
10255,4094,13,2,492.67,985.34
10256,4095,11,2,864.57,1729.14
10257,4095,7,3,594.18,1782.54
10258,4095,19,3,1235.05,3705.15
10259,4096,1,3,1988.32,5964.96
10260,4096,18,2,1660.05,3320.1
10261,4096,18,5,1727.24,8636.2
10262,4096,13,1,534.67,534.67
10263,4097,6,2,118.23,236.46
10264,4097,4,2,392.09,784.18
10265,4098,11,2,883.49,1766.98
10266,4098,18,5,1552.7,7763.5
10267,4099,15,2,839.87,1679.74
10268,4099,12,2,270.5,541.0
10269,4099,19,5,1206.48,6032.4
10270,4100,5,5,194.17,970.85
10271,4100,16,2,1058.11,2116.22
10272,4100,13,3,459.27,1377.81
10273,4101,15,3,741.79,2225.37
10274,4101,6,4,102.46,409.84
10275,4101,3,1,810.07,810.07
10276,4102,1,2,1983.54,3967.08
10277,4102,20,2,236.47,472.94
10278,4103,14,1,133.14,133.14
10279,4103,17,5,1843.28,9216.4
10280,4103,19,2,1411.0,2822.0
10281,4103,4,4,387.31,1549.24
10282,4104,17,2,1994.91,3989.82
10283,4104,3,3,953.62,2860.86
10284,4105,3,1,801.05,801.05
10285,4105,1,3,2159.78,6479.34
10286,4106,12,4,217.83,871.32
10287,4106,1,2,1667.1,3334.2
10288,4106,13,2,532.8,1065.6
10289,4106,11,1,1086.62,1086.62
10290,4107,8,1,556.74,556.74
10291,4108,5,2,174.31,348.62
10292,4108,13,4,472.87,1891.48
10293,4108,15,1,927.49,927.49
10294,4109,18,3,1943.84,5831.52
10295,4109,15,5,926.7,4633.5
10296,4110,1,2,1951.49,3902.98
10297,4110,18,4,1821.88,7287.52
10298,4111,9,1,2206.84,2206.84
10299,4111,6,2,100.25,200.5
10300,4111,6,2,102.15,204.3
10301,4111,17,3,1917.71,5753.13
10302,4112,12,5,252.66,1263.3
10303,4112,8,2,540.99,1081.98
10304,4113,9,2,2382.48,4764.96
10305,4113,1,4,1726.02,6904.08
10306,4113,17,1,1849.14,1849.14
10307,4113,20,2,200.6,401.2
10308,4114,6,2,134.35,268.7
10309,4114,20,3,196.82,590.46
10310,4114,9,4,2121.42,8485.68
10311,4114,16,2,1182.56,2365.12
10312,4115,19,4,1194.09,4776.36
10313,4116,1,3,2138.29,6414.87
10314,4117,9,3,1814.89,5444.67
10315,4117,1,2,2079.66,4159.32
10316,4117,10,3,726.0,2178.0
10317,4117,3,3,784.9,2354.7
10318,4118,9,1,2179.2,2179.2
10319,4118,9,2,2379.04,4758.08
10320,4118,18,1,1856.6,1856.6
10321,4119,9,2,1845.92,3691.84
10322,4119,4,2,431.88,863.76
10323,4120,9,6,2033.42,12200.52
10324,4121,6,3,106.6,319.8
10325,4121,5,2,193.02,386.04
10326,4121,13,3,450.57,1351.71
10327,4121,3,1,752.76,752.76
10328,4122,19,3,1339.93,4019.79
10329,4122,16,1,964.13,964.13
10330,4122,2,2,830.5,1661.0
10331,4122,16,2,1115.1,2230.2
10332,4123,3,2,892.93,1785.86
10333,4123,4,2,366.7,733.4
10334,4124,13,3,464.98,1394.94
10335,4124,6,6,136.88,821.28
10336,4124,18,5,1874.11,9370.55
10337,4125,5,4,206.59,826.36
10338,4125,11,2,787.71,1575.42
10339,4125,12,2,217.43,434.86
10340,4126,1,3,1948.94,5846.82
10341,4126,12,2,223.74,447.48
10342,4126,18,3,1581.92,4745.76
10343,4127,9,2,2043.93,4087.86
10344,4128,20,4,256.2,1024.8
10345,4128,16,4,1309.41,5237.64
10346,4128,18,4,1588.98,6355.92
10347,4129,3,3,945.08,2835.24
10348,4129,10,2,957.27,1914.54
10349,4130,17,3,2043.31,6129.93
10350,4130,10,5,832.92,4164.6
10351,4130,15,3,804.41,2413.23
10352,4130,5,3,176.62,529.86
10353,4131,18,4,1823.26,7293.04
10354,4132,13,3,417.72,1253.16
10355,4132,18,1,1797.9,1797.9
10356,4132,4,5,361.82,1809.1
10357,4132,7,3,696.18,2088.54
10358,4133,16,4,1183.44,4733.76
10359,4134,1,1,1990.33,1990.33
10360,4134,5,3,204.72,614.16
10361,4135,10,2,891.03,1782.06
10362,4135,8,4,506.54,2026.16
10363,4135,6,4,132.28,529.12
10364,4135,9,4,2300.37,9201.48
10365,4136,14,4,132.39,529.56
10366,4136,12,3,270.92,812.76
10367,4136,17,4,1926.57,7706.28
10368,4137,9,4,2101.77,8407.08
10369,4137,20,6,214.27,1285.62
10370,4138,3,1,906.64,906.64
10371,4138,19,3,1060.63,3181.89
10372,4139,1,2,2129.71,4259.42
10373,4139,2,4,862.74,3450.96
10374,4139,18,5,1867.8,9339.0
10375,4139,8,3,606.7,1820.1
10376,4140,10,4,832.8,3331.2
10377,4140,11,3,881.46,2644.38
10378,4141,12,4,216.33,865.32
10379,4141,8,2,513.22,1026.44
10380,4141,11,3,883.23,2649.69
10381,4141,19,1,1309.26,1309.26
10382,4142,16,2,1292.76,2585.52
10383,4142,14,5,160.62,803.1
10384,4142,12,2,213.89,427.78
10385,4143,9,3,1722.64,5167.92
10386,4143,11,1,976.96,976.96
10387,4143,3,3,935.63,2806.89
10388,4144,17,1,1970.61,1970.61
10389,4145,20,2,211.36,422.72
10390,4146,9,3,2002.47,6007.41
10391,4146,6,2,124.74,249.48
10392,4146,19,4,1103.44,4413.76
10393,4146,16,3,971.98,2915.94
10394,4147,6,3,105.86,317.58
10395,4147,15,2,906.36,1812.72
10396,4148,12,2,265.93,531.86
10397,4148,9,5,1758.53,8792.65
10398,4148,8,2,592.27,1184.54
10399,4149,18,5,1662.56,8312.8
10400,4149,14,2,118.25,236.5
10401,4150,12,6,242.51,1455.06
10402,4150,12,1,262.78,262.78
10403,4150,4,3,397.89,1193.67
10404,4151,17,2,2229.68,4459.36
10405,4151,20,4,243.38,973.52
10406,4151,2,3,802.74,2408.22
10407,4151,13,3,477.53,1432.59
10408,4152,7,2,610.5,1221.0
10409,4152,9,2,1965.55,3931.1
10410,4152,18,3,1848.92,5546.76
10411,4153,19,3,1032.88,3098.64
10412,4153,8,2,587.84,1175.68
10413,4153,15,3,983.65,2950.95
10414,4153,6,4,110.3,441.2
10415,4154,20,2,255.85,511.7
10416,4155,18,4,1530.94,6123.76
10417,4155,2,3,893.53,2680.59
10418,4155,9,2,1923.68,3847.36
10419,4156,6,2,110.0,220.0
10420,4157,2,2,819.69,1639.38
10421,4158,20,3,211.96,635.88
10422,4158,17,4,2012.14,8048.56
10423,4159,13,2,405.13,810.26
10424,4160,5,5,174.56,872.8
10425,4160,12,1,263.73,263.73
10426,4161,3,1,867.48,867.48
10427,4161,9,4,1752.53,7010.12
10428,4162,2,2,931.39,1862.78
10429,4163,2,3,688.73,2066.19
10430,4163,15,4,787.5,3150.0
10431,4163,11,3,932.45,2797.35
10432,4163,10,2,904.6,1809.2
10433,4164,14,3,119.61,358.83
10434,4164,15,6,875.61,5253.66
10435,4164,20,5,201.21,1006.05
10436,4165,8,2,580.88,1161.76
10437,4166,4,3,378.47,1135.41
10438,4167,20,4,241.04,964.16
10439,4168,4,5,346.1,1730.5
10440,4169,3,2,804.03,1608.06
10441,4169,7,2,571.95,1143.9
10442,4170,1,3,2111.69,6335.07
10443,4171,1,3,2134.11,6402.33
10444,4171,10,4,729.86,2919.44
10445,4171,4,2,392.23,784.46
10446,4172,15,4,958.38,3833.52
10447,4172,15,1,733.78,733.78
10448,4172,5,1,186.84,186.84
10449,4172,4,3,440.63,1321.89
10450,4173,8,3,478.67,1436.01
10451,4173,11,3,898.36,2695.08
10452,4173,1,4,2127.39,8509.56
10453,4174,19,3,1395.51,4186.53
10454,4174,13,3,475.97,1427.91
10455,4174,11,1,1009.34,1009.34
10456,4175,7,2,580.06,1160.12
10457,4176,9,3,2176.36,6529.08
10458,4177,10,4,736.1,2944.4
10459,4177,15,2,859.44,1718.88
10460,4177,18,2,1703.56,3407.12
10461,4178,13,2,401.85,803.7
10462,4179,14,3,120.43,361.29
10463,4179,7,4,687.64,2750.56
10464,4179,19,3,1159.92,3479.76
10465,4179,9,3,1960.06,5880.18
10466,4180,11,2,925.56,1851.12
10467,4181,11,2,976.07,1952.14
10468,4182,8,3,512.86,1538.58
10469,4183,4,1,427.28,427.28
10470,4183,14,3,137.07,411.21
10471,4184,18,4,1580.34,6321.36
10472,4185,12,4,230.93,923.72
10473,4185,3,3,751.02,2253.06
10474,4186,14,3,162.8,488.4
10475,4186,8,1,592.26,592.26
10476,4187,6,1,105.8,105.8
10477,4187,17,2,2227.48,4454.96
10478,4187,5,2,167.57,335.14
10479,4188,12,4,283.98,1135.92
10480,4188,7,4,662.36,2649.44
10481,4188,9,4,2028.23,8112.92
10482,4189,9,5,2260.68,11303.4
10483,4190,18,5,1903.87,9519.35
10484,4190,6,3,124.5,373.5
10485,4191,16,3,1332.9,3998.7
10486,4192,19,6,1135.72,6814.32
10487,4192,18,1,1832.25,1832.25
10488,4192,7,4,710.6,2842.4
10489,4192,6,2,101.81,203.62
10490,4193,1,3,1754.8,5264.4
10491,4193,17,3,2287.92,6863.76
10492,4193,19,2,1347.11,2694.22
10493,4193,16,1,1141.48,1141.48
10494,4194,9,2,2267.62,4535.24
10495,4194,13,2,522.09,1044.18
10496,4194,20,1,197.66,197.66
10497,4194,20,2,190.32,380.64
10498,4195,2,3,839.1,2517.3
10499,4195,17,2,1779.78,3559.56
10500,4195,8,4,477.62,1910.48
10501,4196,2,1,791.62,791.62
10502,4196,12,2,231.76,463.52
10503,4196,7,3,640.2,1920.6
10504,4197,17,1,1772.42,1772.42
10505,4197,2,2,846.75,1693.5
10506,4198,6,3,108.26,324.78
10507,4199,19,4,1248.23,4992.92
10508,4199,10,5,857.24,4286.2
10509,4200,15,2,1008.56,2017.12
10510,4200,14,2,131.25,262.5
10511,4201,19,2,1385.78,2771.56
10512,4201,13,3,469.52,1408.56
10513,4201,2,2,875.9,1751.8
10514,4202,15,3,833.96,2501.88
10515,4202,10,2,807.03,1614.06
10516,4202,9,2,2252.03,4504.06
10517,4203,19,1,1138.2,1138.2
10518,4204,17,2,2204.97,4409.94
10519,4205,9,2,2316.45,4632.9
10520,4205,3,2,957.84,1915.68
10521,4205,8,4,491.31,1965.24
10522,4205,20,4,205.68,822.72
10523,4206,16,1,1018.0,1018.0
10524,4207,10,2,799.77,1599.54
10525,4207,13,2,470.72,941.44
10526,4208,9,3,1824.12,5472.36
10527,4208,6,4,122.97,491.88
10528,4208,2,2,895.11,1790.22
10529,4208,13,4,548.62,2194.48
10530,4209,10,2,905.39,1810.78
10531,4209,1,3,1711.8,5135.4
10532,4209,7,2,551.34,1102.68
10533,4209,11,3,1060.16,3180.48
10534,4210,10,3,917.34,2752.02
10535,4211,7,1,632.0,632.0
10536,4211,3,1,901.87,901.87
10537,4212,14,3,136.09,408.27
10538,4212,13,3,425.71,1277.13
10539,4212,13,2,524.25,1048.5
10540,4212,8,1,465.7,465.7
10541,4213,3,3,1013.9,3041.7
10542,4214,12,2,232.33,464.66
10543,4214,14,5,136.2,681.0
10544,4215,1,4,1882.47,7529.88
10545,4215,11,4,785.38,3141.52
10546,4216,3,5,947.17,4735.85
10547,4217,14,1,138.85,138.85
10548,4217,19,2,1192.81,2385.62
10549,4217,9,4,1786.96,7147.84
10550,4217,6,2,102.77,205.54
10551,4218,3,3,899.0,2697.0
10552,4218,12,2,239.21,478.42
10553,4218,10,2,954.09,1908.18
10554,4218,13,6,497.68,2986.08
10555,4219,16,4,1328.86,5315.44
10556,4219,11,1,870.71,870.71
10557,4220,9,6,2234.98,13409.88
10558,4220,1,3,2059.89,6179.67
10559,4220,20,1,202.97,202.97
10560,4221,14,2,156.14,312.28
10561,4222,15,3,873.72,2621.16
10562,4223,18,2,1552.36,3104.72
10563,4224,2,3,852.55,2557.65
10564,4225,10,3,915.95,2747.85
10565,4225,15,2,749.95,1499.9
10566,4226,8,3,609.32,1827.96
10567,4226,20,1,248.93,248.93
10568,4226,10,6,783.85,4703.1
10569,4226,11,2,988.36,1976.72
10570,4227,6,3,110.45,331.35
10571,4227,7,3,579.18,1737.54
10572,4228,15,5,998.3,4991.5
10573,4229,5,1,175.7,175.7
10574,4230,12,1,209.7,209.7
10575,4231,15,2,1002.17,2004.34
10576,4231,15,1,879.48,879.48
10577,4231,14,2,138.9,277.8
10578,4232,18,3,1626.5,4879.5
10579,4232,2,3,788.52,2365.56
10580,4232,19,3,1144.24,3432.72
10581,4233,18,3,1751.75,5255.25
10582,4233,19,4,1336.84,5347.36
10583,4233,9,6,2340.7,14044.2
10584,4233,10,5,959.54,4797.7
10585,4234,6,4,106.76,427.04
10586,4234,16,2,1139.47,2278.94
10587,4235,6,4,132.36,529.44
10588,4236,16,2,1163.48,2326.96
10589,4236,11,1,840.7,840.7
10590,4237,9,2,2336.07,4672.14
10591,4237,1,2,2073.06,4146.12
10592,4237,4,4,413.85,1655.4
10593,4237,12,1,233.48,233.48
10594,4238,3,6,782.1,4692.6
10595,4238,17,3,2062.1,6186.3
10596,4239,4,1,410.08,410.08
10597,4239,18,2,1735.35,3470.7
10598,4239,15,3,854.88,2564.64
10599,4239,11,2,972.93,1945.86
10600,4240,11,1,827.38,827.38
10601,4240,11,1,1034.54,1034.54
10602,4240,10,2,803.16,1606.32
10603,4241,3,5,876.03,4380.15
10604,4241,7,3,652.55,1957.65
10605,4242,4,2,443.06,886.12
10606,4242,15,4,743.06,2972.24
10607,4243,10,4,762.02,3048.08
10608,4244,15,3,841.97,2525.91
10609,4244,13,4,473.0,1892.0
10610,4244,8,1,533.33,533.33
10611,4245,14,2,122.27,244.54
10612,4245,13,2,408.75,817.5
10613,4246,12,2,238.21,476.42
10614,4246,16,5,1248.1,6240.5
10615,4247,2,6,728.99,4373.94
10616,4247,11,3,830.89,2492.67
10617,4247,1,5,1638.68,8193.4
10618,4248,20,1,251.07,251.07
10619,4248,16,1,1317.91,1317.91
10620,4249,5,4,195.92,783.68
10621,4250,10,2,791.84,1583.68
10622,4250,17,4,2124.53,8498.12
10623,4250,3,3,824.0,2472.0
10624,4250,6,6,106.3,637.8
10625,4251,14,1,143.67,143.67
10626,4251,10,3,834.85,2504.55
10627,4251,15,2,832.67,1665.34
10628,4252,14,1,158.49,158.49
10629,4252,18,6,1910.62,11463.72
10630,4253,17,2,1795.15,3590.3
10631,4253,19,2,1247.53,2495.06
10632,4254,20,4,197.95,791.8
10633,4255,19,1,1060.49,1060.49
10634,4256,17,1,1940.54,1940.54
10635,4256,7,4,524.99,2099.96
10636,4256,8,2,598.12,1196.24
10637,4256,20,4,218.98,875.92
10638,4257,10,4,907.68,3630.72
10639,4257,2,1,866.38,866.38
10640,4258,12,4,262.75,1051.0
10641,4258,16,4,1137.84,4551.36
10642,4258,10,4,766.49,3065.96
10643,4258,7,4,675.91,2703.64
10644,4259,18,2,1720.6,3441.2
10645,4259,18,3,1600.42,4801.26
10646,4259,1,2,1708.29,3416.58
10647,4259,13,1,420.22,420.22
10648,4260,7,1,666.32,666.32
10649,4260,15,3,997.78,2993.34
10650,4261,6,2,116.2,232.4
10651,4261,17,1,1877.98,1877.98
10652,4261,1,3,2107.12,6321.36
10653,4262,20,3,251.85,755.55
10654,4262,4,1,383.89,383.89
10655,4262,12,2,280.65,561.3
10656,4263,8,5,619.99,3099.95
10657,4263,16,3,1001.67,3005.01
10658,4263,13,4,409.19,1636.76
10659,4264,1,3,1931.61,5794.83
10660,4264,6,3,131.36,394.08
10661,4265,6,3,133.21,399.63
10662,4265,16,2,1249.6,2499.2
10663,4265,12,2,267.32,534.64
10664,4266,16,1,1224.63,1224.63
10665,4266,13,1,495.09,495.09
10666,4267,7,3,588.59,1765.77
10667,4268,9,2,1980.13,3960.26
10668,4269,19,6,1081.09,6486.54
10669,4269,16,1,1078.13,1078.13
10670,4269,14,1,144.81,144.81
10671,4269,19,3,1409.46,4228.38
10672,4270,13,4,474.85,1899.4
10673,4270,10,5,769.13,3845.65
10674,4271,14,4,121.06,484.24
10675,4271,20,3,227.29,681.87
10676,4271,12,1,247.77,247.77
10677,4271,3,4,824.47,3297.88
10678,4272,6,4,112.19,448.76
10679,4273,9,2,2072.41,4144.82
10680,4273,2,3,781.64,2344.92
10681,4273,17,2,1846.69,3693.38
10682,4274,14,3,142.2,426.6
10683,4274,18,4,1673.9,6695.6
10684,4275,15,3,926.86,2780.58
10685,4275,11,4,828.87,3315.48
10686,4275,8,3,610.59,1831.77
10687,4276,19,3,1092.61,3277.83
10688,4276,8,2,601.08,1202.16
10689,4276,18,2,1412.01,2824.02
10690,4276,5,2,152.93,305.86
10691,4277,18,4,1417.1,5668.4
10692,4277,18,2,1846.83,3693.66
10693,4277,18,3,1724.82,5174.46
10694,4278,13,2,465.72,931.44
10695,4278,12,2,273.37,546.74
10696,4278,10,3,906.29,2718.87
10697,4279,15,4,890.42,3561.68
10698,4279,9,1,1956.3,1956.3
10699,4279,2,5,884.08,4420.4
10700,4279,5,3,172.99,518.97
10701,4280,4,3,450.94,1352.82
10702,4280,17,2,2058.53,4117.06
10703,4280,7,2,590.44,1180.88
10704,4281,1,2,2188.37,4376.74
10705,4281,10,2,731.15,1462.3
10706,4281,15,5,780.4,3902.0
10707,4281,5,2,157.69,315.38
10708,4282,9,2,2340.54,4681.08
10709,4282,1,2,1750.2,3500.4
10710,4282,11,1,853.49,853.49
10711,4282,2,1,702.47,702.47
10712,4283,7,4,645.97,2583.88
10713,4283,4,3,433.35,1300.05
10714,4283,11,2,826.67,1653.34
10715,4283,10,1,865.0,865.0
10716,4284,2,3,795.39,2386.17
10717,4285,13,4,447.26,1789.04
10718,4285,20,1,195.86,195.86
10719,4286,9,2,2304.69,4609.38
10720,4286,13,2,519.83,1039.66
10721,4286,11,5,1089.65,5448.25
10722,4286,13,2,424.55,849.1
10723,4287,14,2,156.72,313.44
10724,4287,9,2,2255.42,4510.84
10725,4287,12,4,220.94,883.76
10726,4288,15,1,956.24,956.24
10727,4288,1,3,2011.49,6034.47
10728,4288,14,3,161.74,485.22
10729,4288,8,2,624.52,1249.04
10730,4289,4,2,387.31,774.62
10731,4289,19,4,1339.21,5356.84
10732,4289,8,3,465.53,1396.59
10733,4289,18,2,1411.37,2822.74
10734,4290,10,4,722.89,2891.56
10735,4290,19,4,1184.29,4737.16
10736,4290,14,3,150.16,450.48
10737,4291,18,1,1721.25,1721.25
10738,4291,6,6,114.47,686.82
10739,4291,17,4,2267.97,9071.88
10740,4292,6,3,132.8,398.4
10741,4292,16,2,1196.08,2392.16
10742,4293,4,2,448.47,896.94
10743,4293,13,2,418.7,837.4
10744,4293,12,1,209.33,209.33
10745,4294,8,2,624.34,1248.68
10746,4295,17,2,2182.4,4364.8
10747,4296,15,4,888.34,3553.36
10748,4296,7,2,626.96,1253.92
10749,4296,16,2,1309.22,2618.44
10750,4296,4,2,374.48,748.96
10751,4297,10,4,763.58,3054.32
10752,4297,18,3,1877.56,5632.68
10753,4297,2,1,710.74,710.74
10754,4297,10,2,954.13,1908.26
10755,4298,1,5,2206.97,11034.85
10756,4298,9,3,2352.26,7056.78
10757,4298,3,6,841.63,5049.78
10758,4299,1,6,1940.64,11643.84
10759,4300,9,3,2300.33,6900.99
10760,4300,10,3,756.67,2270.01
10761,4301,9,2,2297.35,4594.7
10762,4302,4,2,361.16,722.32
10763,4302,13,3,470.62,1411.86
10764,4302,15,2,951.69,1903.38
10765,4303,10,4,951.53,3806.12
10766,4303,6,1,113.21,113.21
10767,4303,11,3,924.82,2774.46
10768,4303,15,3,857.32,2571.96
10769,4304,14,2,127.22,254.44
10770,4305,20,3,193.62,580.86
10771,4305,4,3,378.87,1136.61
10772,4305,19,3,1296.26,3888.78
10773,4305,8,1,625.65,625.65
10774,4306,9,4,2212.25,8849.0
10775,4307,15,5,949.58,4747.9
10776,4308,20,2,193.59,387.18
10777,4308,3,3,891.86,2675.58
10778,4309,18,2,1793.2,3586.4
10779,4309,16,2,1136.88,2273.76
10780,4309,7,2,649.18,1298.36
10781,4310,7,2,654.01,1308.02
10782,4310,2,3,716.01,2148.03
10783,4310,13,2,510.75,1021.5
10784,4310,19,5,1268.03,6340.15
10785,4311,19,2,1331.19,2662.38
10786,4311,20,2,255.43,510.86
10787,4311,10,6,903.72,5422.32
10788,4312,14,4,155.22,620.88
10789,4312,8,4,468.89,1875.56
10790,4312,2,5,768.82,3844.1
10791,4313,4,3,368.07,1104.21
10792,4314,17,3,1944.2,5832.6
10793,4314,14,2,122.37,244.74
10794,4314,20,5,206.28,1031.4
10795,4315,2,3,731.05,2193.15
10796,4315,10,5,837.7,4188.5
10797,4315,8,3,510.68,1532.04
10798,4315,18,1,1883.79,1883.79
10799,4316,9,2,1940.33,3880.66
10800,4317,19,3,1239.63,3718.89
10801,4317,1,1,2014.61,2014.61
10802,4317,6,1,109.25,109.25
10803,4318,7,4,703.95,2815.8
10804,4318,8,4,626.23,2504.92
10805,4318,12,2,263.02,526.04
10806,4319,1,2,1772.49,3544.98
10807,4319,16,3,1052.59,3157.77
10808,4320,1,4,1735.39,6941.56
10809,4320,10,2,797.9,1595.8
10810,4320,7,5,702.56,3512.8
10811,4321,7,3,584.8,1754.4
10812,4321,11,5,908.82,4544.1
10813,4322,9,3,2261.97,6785.91
10814,4323,4,1,344.42,344.42
10815,4323,11,4,1005.84,4023.36
10816,4323,8,3,618.97,1856.91
10817,4324,15,4,768.25,3073.0
10818,4324,20,1,223.35,223.35
10819,4324,8,4,560.08,2240.32
10820,4325,11,1,1007.67,1007.67
10821,4325,19,3,1138.17,3414.51
10822,4325,8,5,504.26,2521.3
10823,4325,1,3,1948.92,5846.76
10824,4326,5,1,171.59,171.59
10825,4326,5,2,172.66,345.32
10826,4326,7,2,625.32,1250.64
10827,4327,3,4,797.5,3190.0
10828,4327,8,2,461.31,922.62
10829,4328,8,2,502.32,1004.64
10830,4328,1,4,2023.56,8094.24
10831,4329,7,2,649.02,1298.04
10832,4329,3,2,917.02,1834.04
10833,4330,1,2,1810.46,3620.92
10834,4330,5,3,208.85,626.55
10835,4330,6,2,124.75,249.5
10836,4330,2,4,688.69,2754.76
10837,4331,20,5,249.84,1249.2
10838,4332,18,3,1651.02,4953.06
10839,4332,20,3,250.46,751.38
10840,4333,8,2,507.63,1015.26
10841,4333,18,5,1862.67,9313.35
10842,4334,16,2,1133.03,2266.06
10843,4334,7,3,604.6,1813.8
10844,4334,19,3,1182.32,3546.96
10845,4335,16,2,1028.02,2056.04
10846,4335,7,4,549.26,2197.04
10847,4335,5,5,211.39,1056.95
10848,4336,12,4,234.25,937.0
10849,4336,2,1,711.38,711.38
10850,4336,10,2,715.24,1430.48
10851,4337,15,3,836.89,2510.67
10852,4337,14,3,121.06,363.18
10853,4337,6,3,136.32,408.96
10854,4338,13,1,426.84,426.84
10855,4338,19,1,1033.63,1033.63
10856,4339,13,3,508.33,1524.99
10857,4340,10,2,938.46,1876.92
10858,4340,14,2,145.9,291.8
10859,4340,15,2,735.68,1471.36
10860,4340,6,2,112.3,224.6
10861,4341,5,4,210.36,841.44
10862,4341,17,3,2292.06,6876.18
10863,4341,12,2,222.26,444.52
10864,4342,13,3,451.67,1355.01
10865,4343,4,2,364.36,728.72
10866,4343,6,2,130.58,261.16
10867,4343,11,2,992.68,1985.36
10868,4344,6,2,139.06,278.12
10869,4344,9,4,2117.11,8468.44
10870,4344,14,2,162.3,324.6
10871,4345,9,1,2182.22,2182.22
10872,4345,6,3,121.05,363.15
10873,4345,15,3,830.64,2491.92
10874,4346,2,3,748.36,2245.08
10875,4347,5,3,182.11,546.33
10876,4347,4,5,424.81,2124.05
10877,4347,9,3,1845.89,5537.67
10878,4348,7,5,613.62,3068.1
10879,4349,11,3,947.17,2841.51
10880,4349,10,4,878.64,3514.56
10881,4349,15,2,1003.41,2006.82
10882,4349,10,2,935.21,1870.42
10883,4350,3,3,923.8,2771.4
10884,4350,1,3,2198.1,6594.3
10885,4350,10,2,783.31,1566.62
10886,4351,17,1,2143.52,2143.52
10887,4351,11,1,807.55,807.55
10888,4351,1,2,1682.62,3365.24
10889,4352,1,6,2102.3,12613.8
10890,4352,16,2,1183.15,2366.3
10891,4353,8,6,475.37,2852.22
10892,4353,13,2,412.52,825.04
10893,4353,2,2,679.36,1358.72
10894,4353,4,2,463.18,926.36
10895,4354,18,5,1603.37,8016.85
10896,4355,20,2,191.35,382.7
10897,4355,8,2,532.31,1064.62
10898,4355,3,2,755.67,1511.34
10899,4356,2,4,928.93,3715.72
10900,4357,3,3,831.34,2494.02
10901,4357,19,2,1136.62,2273.24
10902,4357,7,6,560.29,3361.74
10903,4358,19,1,1342.6,1342.6
10904,4358,5,2,178.46,356.92
10905,4358,19,2,1189.13,2378.26
10906,4358,7,3,617.11,1851.33
10907,4359,7,4,716.98,2867.92
10908,4359,6,3,131.53,394.59
10909,4359,19,5,1238.4,6192.0
10910,4360,14,3,142.98,428.94
10911,4360,18,4,1425.54,5702.16
10912,4360,2,3,685.65,2056.95
10913,4360,4,4,468.74,1874.96
10914,4361,18,2,1639.35,3278.7
10915,4361,2,3,789.79,2369.37
10916,4362,11,2,959.13,1918.26
10917,4362,17,2,2103.95,4207.9
10918,4363,7,3,650.43,1951.29
10919,4364,14,6,126.34,758.04
10920,4365,1,2,1874.35,3748.7
10921,4365,15,6,954.2,5725.2
10922,4366,1,1,1839.37,1839.37
10923,4367,1,2,2008.33,4016.66
10924,4367,19,3,1312.27,3936.81
10925,4368,20,3,247.21,741.63
10926,4368,12,1,253.08,253.08
10927,4368,1,2,2089.67,4179.34
10928,4369,18,4,1848.79,7395.16
10929,4370,8,2,499.23,998.46
10930,4370,15,2,878.57,1757.14
10931,4370,12,6,216.17,1297.02
10932,4370,19,1,1307.68,1307.68
10933,4371,8,5,597.78,2988.9
10934,4371,5,3,183.57,550.71
10935,4371,2,1,731.19,731.19
10936,4372,16,1,1146.47,1146.47
10937,4372,3,2,964.64,1929.28
10938,4373,9,4,1938.81,7755.24
10939,4373,12,5,279.6,1398.0
10940,4373,7,1,672.49,672.49
10941,4374,8,3,567.27,1701.81
10942,4374,6,1,123.67,123.67
10943,4374,5,1,210.28,210.28
10944,4375,16,3,1191.35,3574.05
10945,4375,8,6,622.71,3736.26
10946,4375,20,1,218.62,218.62
10947,4376,18,3,1591.05,4773.15
10948,4376,13,2,415.96,831.92
10949,4377,13,3,412.96,1238.88
10950,4377,8,2,627.7,1255.4
10951,4377,17,2,1782.5,3565.0
10952,4377,20,3,205.61,616.83
10953,4378,14,4,163.44,653.76
10954,4378,11,3,1005.95,3017.85
10955,4378,4,4,352.82,1411.28
10956,4378,14,4,128.4,513.6
10957,4379,19,4,1337.02,5348.08
10958,4380,7,4,527.01,2108.04
10959,4380,3,3,957.98,2873.94
10960,4380,5,3,156.42,469.26
10961,4380,10,3,735.27,2205.81
10962,4381,3,2,990.81,1981.62
10963,4381,20,3,188.83,566.49
10964,4381,8,3,546.68,1640.04
10965,4382,14,3,136.71,410.13
10966,4382,4,3,453.43,1360.29
10967,4382,7,6,615.53,3693.18
10968,4383,2,4,715.26,2861.04
10969,4383,13,2,399.81,799.62
10970,4383,10,2,865.79,1731.58
10971,4384,11,3,788.84,2366.52
10972,4384,10,3,904.5,2713.5
10973,4385,1,4,1912.71,7650.84
10974,4386,13,4,516.76,2067.04
10975,4386,7,1,666.81,666.81
10976,4387,12,1,255.3,255.3
10977,4387,11,4,1028.53,4114.12
10978,4387,10,3,773.64,2320.92
10979,4387,4,4,403.9,1615.6
10980,4388,17,4,2010.26,8041.04
10981,4389,19,5,1030.73,5153.65
10982,4389,11,1,1084.36,1084.36
10983,4389,18,3,1552.76,4658.28
10984,4390,14,4,123.08,492.32
10985,4390,14,4,141.73,566.92
10986,4390,11,2,998.81,1997.62
10987,4391,18,2,1742.97,3485.94
10988,4391,9,5,2223.85,11119.25
10989,4391,2,3,712.31,2136.93
10990,4391,19,1,1243.81,1243.81
10991,4392,14,3,161.71,485.13
10992,4392,7,3,701.98,2105.94
10993,4393,20,3,236.63,709.89
10994,4393,11,5,1050.94,5254.7
10995,4393,4,1,360.36,360.36
10996,4393,8,2,481.43,962.86
10997,4394,18,2,1710.52,3421.04
10998,4394,12,4,259.68,1038.72
10999,4395,10,4,776.39,3105.56
11000,4395,19,2,1046.99,2093.98
11001,4395,2,3,806.39,2419.17
11002,4396,13,6,517.45,3104.7
11003,4396,18,4,1794.39,7177.56
11004,4396,19,3,1305.41,3916.23
11005,4397,9,3,1914.16,5742.48
11006,4397,9,4,1957.57,7830.28
11007,4397,17,3,1986.73,5960.19
11008,4397,11,2,1052.07,2104.14
11009,4398,19,4,1190.99,4763.96
11010,4399,9,5,2386.83,11934.15
11011,4399,14,3,130.13,390.39
11012,4399,16,6,1032.42,6194.52
11013,4399,9,2,2263.1,4526.2
11014,4400,18,4,1951.64,7806.56
11015,4401,18,2,1504.75,3009.5
11016,4401,14,1,131.48,131.48
11017,4402,4,1,364.94,364.94
11018,4402,2,3,796.03,2388.09
11019,4402,16,1,1259.54,1259.54
11020,4402,1,1,1684.24,1684.24
11021,4403,9,3,2358.8,7076.4
11022,4403,12,4,208.5,834.0
11023,4403,20,4,203.89,815.56
11024,4403,15,3,981.53,2944.59
11025,4404,12,3,280.73,842.19
11026,4404,13,3,458.03,1374.09
11027,4404,18,4,1539.8,6159.2
11028,4405,20,2,207.72,415.44
11029,4405,5,2,195.14,390.28
11030,4405,18,3,1663.53,4990.59
11031,4406,9,4,2030.8,8123.2
11032,4406,16,5,1193.22,5966.1
11033,4406,16,2,1064.71,2129.42
11034,4406,18,1,1649.86,1649.86
11035,4407,17,2,2022.89,4045.78
11036,4407,9,6,1823.28,10939.68
11037,4408,3,2,747.65,1495.3
11038,4408,16,2,1208.81,2417.62
11039,4409,3,3,781.23,2343.69
11040,4409,8,5,618.73,3093.65
11041,4409,20,4,218.83,875.32
11042,4409,12,4,210.43,841.72
11043,4410,11,2,890.28,1780.56
11044,4410,12,3,214.32,642.96
11045,4411,18,3,1422.09,4266.27
11046,4411,17,2,2250.19,4500.38
11047,4412,16,2,1256.45,2512.9
11048,4412,13,3,416.87,1250.61
11049,4413,14,6,157.21,943.26
11050,4414,14,3,153.44,460.32
11051,4414,2,4,908.71,3634.84
11052,4414,17,3,1899.76,5699.28
11053,4414,15,3,873.83,2621.49
11054,4415,14,4,119.79,479.16
11055,4415,8,4,615.63,2462.52
11056,4416,4,3,409.93,1229.79
11057,4416,8,1,592.07,592.07
11058,4416,13,2,513.55,1027.1
11059,4417,17,2,1747.09,3494.18
11060,4417,14,2,127.76,255.52
11061,4417,9,1,2312.2,2312.2
11062,4417,1,3,2220.92,6662.76
11063,4418,10,1,898.05,898.05
11064,4418,1,3,2012.31,6036.93
11065,4419,16,5,1008.25,5041.25
11066,4419,9,3,2106.9,6320.7
11067,4419,20,3,205.23,615.69
11068,4419,16,2,1115.43,2230.86
11069,4420,15,4,885.19,3540.76
11070,4420,20,1,186.65,186.65
11071,4420,3,3,866.51,2599.53
11072,4421,20,3,206.49,619.47
11073,4421,6,1,106.22,106.22
11074,4421,9,6,2118.38,12710.28
11075,4422,11,1,1019.64,1019.64
11076,4422,6,4,122.23,488.92
11077,4422,12,2,267.13,534.26
11078,4423,8,4,604.81,2419.24
11079,4423,8,1,588.63,588.63
11080,4423,13,1,420.95,420.95
11081,4423,1,2,1871.26,3742.52
11082,4424,9,2,2046.45,4092.9
11083,4424,8,2,619.78,1239.56
11084,4425,13,3,504.12,1512.36
11085,4426,9,2,1971.82,3943.64
11086,4426,4,3,401.8,1205.4
11087,4426,4,6,383.42,2300.52
11088,4426,13,2,485.6,971.2
11089,4427,12,3,231.66,694.98
11090,4427,4,2,395.11,790.22
11091,4427,15,2,823.64,1647.28
11092,4427,12,1,208.23,208.23
11093,4428,5,1,186.46,186.46
11094,4428,14,6,119.27,715.62
11095,4428,13,4,483.56,1934.24
11096,4428,2,2,879.23,1758.46
11097,4429,7,4,707.98,2831.92
11098,4429,9,1,2006.86,2006.86
11099,4429,19,2,1378.01,2756.02
11100,4430,1,5,1977.5,9887.5
11101,4430,13,5,410.42,2052.1
11102,4430,6,1,127.71,127.71
11103,4430,5,4,198.54,794.16
11104,4431,19,6,1329.87,7979.22
11105,4431,5,2,203.93,407.86
11106,4431,16,4,1175.0,4700.0
11107,4432,8,3,494.43,1483.29
11108,4432,7,1,618.89,618.89
11109,4433,12,3,246.44,739.32
11110,4434,4,4,341.76,1367.04
11111,4435,1,4,1744.02,6976.08
11112,4435,17,1,2283.84,2283.84
11113,4436,19,3,1050.34,3151.02
11114,4436,1,3,1907.62,5722.86
11115,4436,4,2,465.51,931.02
11116,4436,5,1,190.09,190.09
11117,4437,4,6,431.95,2591.7
11118,4437,5,1,169.0,169.0
11119,4438,7,1,682.49,682.49
11120,4438,13,3,498.71,1496.13
11121,4438,6,2,104.96,209.92
11122,4438,6,3,114.41,343.23
11123,4439,4,2,341.1,682.2
11124,4439,6,2,132.51,265.02
11125,4439,10,4,822.99,3291.96
11126,4439,9,1,2009.92,2009.92
11127,4440,14,6,123.48,740.88
11128,4440,6,1,127.78,127.78
11129,4441,14,2,128.73,257.46
11130,4441,9,3,2078.75,6236.25
11131,4441,12,6,241.36,1448.16
11132,4441,8,1,535.93,535.93
11133,4442,9,1,2207.13,2207.13
11134,4443,18,2,1581.96,3163.92
11135,4443,10,5,848.92,4244.6
11136,4444,9,2,2183.54,4367.08
11137,4444,3,3,900.59,2701.77
11138,4444,6,1,115.3,115.3
11139,4444,20,1,248.8,248.8
11140,4445,10,4,962.87,3851.48
11141,4445,17,4,2292.65,9170.6
11142,4445,19,3,1421.33,4263.99
11143,4445,10,4,712.7,2850.8
11144,4446,8,1,496.26,496.26
11145,4446,6,1,108.44,108.44
11146,4446,3,6,825.01,4950.06
11147,4447,19,4,1078.88,4315.52
11148,4447,6,1,122.27,122.27
11149,4447,6,3,131.91,395.73
11150,4447,19,5,1267.28,6336.4
11151,4448,5,3,169.86,509.58
11152,4448,3,4,954.62,3818.48
11153,4449,3,1,841.47,841.47
11154,4449,19,3,1216.8,3650.4
11155,4449,12,5,246.55,1232.75
11156,4449,19,1,1224.34,1224.34
11157,4450,2,2,766.4,1532.8
11158,4450,5,3,184.39,553.17
11159,4450,2,4,787.35,3149.4
11160,4450,13,3,521.92,1565.76
11161,4451,15,1,850.99,850.99
11162,4451,20,5,201.43,1007.15
11163,4451,18,3,1659.36,4978.08
11164,4451,11,3,802.93,2408.79
11165,4452,2,5,809.52,4047.6
11166,4452,8,3,497.72,1493.16
11167,4453,12,3,251.25,753.75
11168,4453,20,5,247.71,1238.55
11169,4453,17,2,2194.08,4388.16
11170,4454,18,6,1687.53,10125.18
11171,4454,5,3,157.82,473.46
11172,4455,5,4,195.95,783.8
11173,4455,15,3,885.35,2656.05
11174,4456,3,2,871.26,1742.52
11175,4456,2,5,788.88,3944.4
11176,4457,18,5,1499.53,7497.65
11177,4458,7,4,693.73,2774.92
11178,4458,5,1,195.29,195.29
11179,4458,19,4,1174.55,4698.2
11180,4458,14,2,158.85,317.7
11181,4459,13,1,548.02,548.02
11182,4459,7,4,577.35,2309.4
11183,4459,7,4,554.14,2216.56
11184,4460,12,4,243.01,972.04
11185,4460,15,5,953.79,4768.95
11186,4460,19,2,1276.33,2552.66
11187,4461,14,5,139.18,695.9
11188,4462,20,3,238.74,716.22
11189,4463,2,2,776.68,1553.36
11190,4463,13,4,527.67,2110.68
11191,4463,2,1,898.73,898.73
11192,4464,11,1,921.07,921.07
11193,4464,12,4,219.51,878.04
11194,4464,8,1,546.86,546.86
11195,4464,4,5,463.32,2316.6
11196,4465,13,2,471.66,943.32
11197,4465,3,5,882.58,4412.9
11198,4465,11,5,1029.86,5149.3
11199,4465,19,1,1261.25,1261.25
11200,4466,4,3,396.93,1190.79
11201,4467,9,2,2131.96,4263.92
11202,4467,1,2,1791.91,3583.82
11203,4468,19,3,1380.11,4140.33
11204,4468,13,1,498.66,498.66
11205,4468,14,2,163.23,326.46
11206,4469,4,5,344.17,1720.85
11207,4469,20,2,193.78,387.56
11208,4470,20,4,200.69,802.76
11209,4470,11,1,882.64,882.64
11210,4470,10,6,851.16,5106.96
11211,4470,11,2,905.83,1811.66
11212,4471,7,2,539.73,1079.46
11213,4471,1,5,1681.64,8408.2
11214,4471,9,2,2328.16,4656.32
11215,4472,16,1,1135.48,1135.48
11216,4473,3,3,995.84,2987.52
11217,4473,9,3,1779.61,5338.83
11218,4474,5,4,166.31,665.24
11219,4474,12,2,228.71,457.42
11220,4474,15,3,886.43,2659.29
11221,4474,10,3,896.76,2690.28
11222,4475,7,2,613.3,1226.6
11223,4475,17,2,1849.75,3699.5
11224,4475,15,1,801.71,801.71
11225,4476,5,1,157.57,157.57
11226,4476,20,3,191.71,575.13
11227,4476,14,2,131.83,263.66
11228,4476,20,3,213.79,641.37
11229,4477,1,2,1689.96,3379.92
11230,4477,7,4,647.75,2591.0
11231,4478,20,3,240.41,721.23
11232,4478,14,2,127.69,255.38
11233,4478,10,5,913.67,4568.35
11234,4479,19,1,1242.19,1242.19
11235,4480,6,4,111.7,446.8
11236,4481,19,2,1283.99,2567.98
11237,4481,17,6,2070.5,12423.0
11238,4481,15,2,738.85,1477.7
11239,4482,18,1,1741.62,1741.62
11240,4483,10,2,745.92,1491.84
11241,4484,14,1,141.72,141.72
11242,4484,9,2,2272.23,4544.46
11243,4484,16,4,1220.95,4883.8
11244,4484,5,2,212.07,424.14
11245,4485,4,3,394.67,1184.01
11246,4485,11,3,798.68,2396.04
11247,4485,18,3,1826.32,5478.96
11248,4486,14,3,145.18,435.54
11249,4486,1,2,1859.87,3719.74
11250,4487,6,6,106.9,641.4
11251,4487,7,4,572.21,2288.84
11252,4488,19,3,1236.73,3710.19
11253,4489,9,2,1911.17,3822.34
11254,4489,12,2,269.2,538.4
11255,4489,19,1,1285.52,1285.52
11256,4489,18,3,1491.64,4474.92
11257,4490,7,1,566.79,566.79
11258,4490,5,2,170.71,341.42
11259,4490,12,3,236.08,708.24
11260,4491,4,3,440.06,1320.18
11261,4491,16,3,1203.32,3609.96
11262,4492,10,3,888.1,2664.3
11263,4493,2,4,768.85,3075.4
11264,4493,12,3,275.17,825.51
11265,4493,14,2,140.34,280.68
11266,4493,18,6,1760.93,10565.58
11267,4494,1,3,2194.94,6584.82
11268,4494,3,2,781.63,1563.26
11269,4495,11,3,1063.52,3190.56
11270,4495,12,2,248.47,496.94
11271,4496,19,1,1271.92,1271.92
11272,4496,14,1,137.78,137.78
11273,4496,4,4,445.46,1781.84
11274,4497,8,2,607.1,1214.2
11275,4498,9,4,1887.3,7549.2
11276,4499,17,2,2094.11,4188.22
11277,4499,1,3,1664.93,4994.79
11278,4500,13,4,483.05,1932.2
11279,4500,15,4,878.71,3514.84
11280,4500,11,2,851.26,1702.52
11281,4500,13,2,504.36,1008.72
11282,4501,4,3,379.3,1137.9
11283,4501,5,4,155.72,622.88
11284,4501,1,2,1876.15,3752.3
11285,4502,17,6,2257.77,13546.62
11286,4502,10,4,855.5,3422.0
11287,4503,11,2,917.59,1835.18
11288,4503,4,3,432.67,1298.01
11289,4504,18,2,1745.26,3490.52
11290,4504,2,1,872.66,872.66
11291,4504,7,2,578.09,1156.18
11292,4505,14,6,155.36,932.16
11293,4505,8,3,590.9,1772.7
11294,4506,13,3,448.67,1346.01
11295,4506,15,3,933.22,2799.66
11296,4507,2,2,735.88,1471.76
11297,4507,19,2,1344.26,2688.52
11298,4508,19,2,1386.27,2772.54
11299,4508,6,3,113.1,339.3
11300,4509,20,3,219.66,658.98
11301,4509,8,3,454.66,1363.98
11302,4509,15,1,932.2,932.2
11303,4509,12,3,268.23,804.69
11304,4510,12,2,216.83,433.66
11305,4510,6,1,110.64,110.64
11306,4510,4,3,431.17,1293.51
11307,4510,4,3,438.53,1315.59
11308,4511,5,2,178.33,356.66
11309,4511,19,4,1262.68,5050.72
11310,4511,5,4,177.89,711.56
11311,4512,5,4,159.93,639.72
11312,4512,10,3,912.94,2738.82
11313,4512,17,4,2195.56,8782.24
11314,4512,5,4,187.74,750.96
11315,4513,6,2,107.53,215.06
11316,4513,17,4,2249.51,8998.04
11317,4513,5,2,155.76,311.52
11318,4514,7,3,634.91,1904.73
11319,4514,12,2,214.22,428.44
11320,4515,2,3,807.13,2421.39
11321,4515,8,2,601.87,1203.74
11322,4515,11,3,1055.48,3166.44
11323,4515,1,2,1759.17,3518.34
11324,4516,5,2,191.97,383.94
11325,4516,1,3,1906.52,5719.56
11326,4516,20,6,207.36,1244.16
11327,4517,12,2,249.32,498.64
11328,4518,5,3,183.45,550.35
11329,4518,4,2,347.5,695.0
11330,4519,12,2,215.19,430.38
11331,4519,19,2,1044.35,2088.7
11332,4520,19,2,1421.06,2842.12
11333,4520,14,3,139.65,418.95
11334,4521,1,3,1957.7,5873.1
11335,4522,5,3,194.47,583.41
11336,4522,17,3,2233.85,6701.55
11337,4523,1,2,2146.91,4293.82
11338,4523,1,1,1735.4,1735.4
11339,4523,8,3,577.73,1733.19
11340,4523,10,2,725.13,1450.26
11341,4524,3,3,961.52,2884.56
11342,4524,17,1,2202.2,2202.2
11343,4524,4,1,354.59,354.59
11344,4524,15,1,954.65,954.65
11345,4525,12,4,262.28,1049.12
11346,4525,5,3,170.75,512.25
11347,4525,1,3,1931.12,5793.36
11348,4525,13,3,528.34,1585.02
11349,4526,20,3,200.44,601.32
11350,4526,10,3,734.84,2204.52
11351,4527,17,3,2023.33,6069.99
11352,4527,9,3,1741.3,5223.9
11353,4527,2,1,917.66,917.66
11354,4528,8,3,604.22,1812.66
11355,4529,18,4,1916.66,7666.64
11356,4529,2,1,706.72,706.72
11357,4529,18,3,1781.38,5344.14
11358,4530,6,3,113.07,339.21
11359,4530,12,1,233.79,233.79
11360,4530,18,1,1882.23,1882.23
11361,4530,3,2,860.03,1720.06
11362,4531,20,2,231.42,462.84
11363,4531,6,4,105.16,420.64
11364,4531,2,2,925.41,1850.82
11365,4532,11,5,832.84,4164.2
11366,4532,3,3,975.79,2927.37
11367,4533,1,5,2206.54,11032.7
11368,4533,11,4,824.6,3298.4
11369,4533,6,3,138.59,415.77
11370,4534,9,1,2201.34,2201.34
11371,4534,1,4,2065.6,8262.4
11372,4534,14,2,158.61,317.22
11373,4535,15,1,856.38,856.38
11374,4536,8,3,462.42,1387.26
11375,4536,15,4,907.54,3630.16
11376,4536,17,2,1759.67,3519.34
11377,4537,17,1,1864.49,1864.49
11378,4537,11,5,1005.29,5026.45
11379,4537,2,3,866.34,2599.02
11380,4538,18,4,1573.57,6294.28
11381,4538,7,4,688.38,2753.52
11382,4539,4,6,353.46,2120.76
11383,4540,15,2,1015.76,2031.52
11384,4540,15,3,758.98,2276.94
11385,4540,6,4,119.98,479.92
11386,4541,4,5,361.06,1805.3
11387,4541,17,6,1745.76,10474.56
11388,4541,16,1,1323.69,1323.69
11389,4541,17,2,1724.75,3449.5
11390,4542,9,3,1847.81,5543.43
11391,4542,20,4,251.99,1007.96
11392,4543,5,2,176.37,352.74
11393,4543,5,3,163.16,489.48
11394,4544,12,3,263.13,789.39
11395,4545,17,2,1987.46,3974.92
11396,4545,9,4,2195.0,8780.0
11397,4545,1,3,1750.69,5252.07
11398,4546,2,2,764.48,1528.96
11399,4546,7,2,669.86,1339.72
11400,4546,5,3,180.5,541.5
11401,4547,14,5,135.48,677.4
11402,4547,19,3,1279.32,3837.96
11403,4547,17,3,1869.64,5608.92
11404,4548,5,3,188.41,565.23
11405,4548,7,3,590.83,1772.49
11406,4548,14,6,161.42,968.52
11407,4548,4,1,341.83,341.83
11408,4549,9,3,1755.71,5267.13
11409,4549,10,2,715.46,1430.92
11410,4550,19,4,1392.11,5568.44
11411,4550,1,1,1726.6,1726.6
11412,4550,3,2,762.02,1524.04
11413,4551,16,2,990.66,1981.32
11414,4551,2,5,894.92,4474.6
11415,4552,1,6,2007.68,12046.08
11416,4553,6,2,108.03,216.06
11417,4553,20,1,242.27,242.27
11418,4554,15,3,1006.88,3020.64
11419,4554,19,1,1323.84,1323.84
11420,4555,16,2,1031.0,2062.0
11421,4556,20,1,250.59,250.59
11422,4557,14,6,140.26,841.56
11423,4557,3,3,929.27,2787.81
11424,4557,14,3,156.03,468.09
11425,4557,18,3,1414.72,4244.16
11426,4558,4,3,437.56,1312.68
11427,4558,17,6,2129.84,12779.04
11428,4558,1,2,1802.98,3605.96
11429,4558,14,2,123.97,247.94
11430,4559,3,5,818.81,4094.05
11431,4559,3,6,789.63,4737.78
11432,4559,3,3,852.1,2556.3
11433,4560,2,2,784.43,1568.86
11434,4560,16,2,1117.32,2234.64
11435,4560,11,2,1076.24,2152.48
11436,4561,5,6,174.38,1046.28
11437,4561,4,2,391.07,782.14
11438,4561,4,6,348.6,2091.6
11439,4562,17,6,1963.95,11783.7
11440,4562,4,3,416.98,1250.94
11441,4563,9,3,1953.5,5860.5
11442,4563,17,3,2268.9,6806.7
11443,4563,5,2,175.61,351.22
11444,4563,4,3,391.96,1175.88
11445,4564,8,4,621.65,2486.6
11446,4564,11,2,851.84,1703.68
11447,4564,1,2,1676.76,3353.52
11448,4564,12,3,235.73,707.19
11449,4565,11,5,1082.28,5411.4
11450,4565,4,4,430.44,1721.76
11451,4565,18,3,1498.42,4495.26
11452,4565,19,3,1149.29,3447.87
11453,4566,15,2,891.77,1783.54
11454,4567,13,3,404.92,1214.76
11455,4568,3,1,863.63,863.63
11456,4569,2,6,876.68,5260.08
11457,4569,14,2,136.43,272.86
11458,4569,13,1,405.98,405.98
11459,4569,18,3,1930.0,5790.0
11460,4570,5,2,201.03,402.06
11461,4570,5,4,156.8,627.2
11462,4571,8,1,496.17,496.17
11463,4571,2,6,913.78,5482.68
11464,4571,20,4,213.48,853.92
11465,4571,8,5,615.69,3078.45
11466,4572,1,2,1610.48,3220.96
11467,4573,10,3,872.08,2616.24
11468,4574,7,4,541.28,2165.12
11469,4574,5,5,182.23,911.15
11470,4574,3,6,757.55,4545.3
11471,4575,15,2,953.18,1906.36
11472,4575,14,1,146.35,146.35
11473,4575,7,3,654.77,1964.31
11474,4576,7,3,706.88,2120.64
11475,4576,6,3,125.52,376.56
11476,4576,19,6,1191.85,7151.1
11477,4577,17,1,2075.53,2075.53
11478,4577,15,1,868.72,868.72
11479,4578,7,3,600.99,1802.97
11480,4578,3,3,912.13,2736.39
11481,4578,19,4,1385.68,5542.72
11482,4579,16,3,1294.53,3883.59
11483,4580,2,6,811.88,4871.28
11484,4581,17,4,1970.88,7883.52
11485,4582,2,5,899.2,4496.0
11486,4583,7,5,600.8,3004.0
11487,4583,14,1,124.66,124.66
11488,4583,3,3,972.83,2918.49
11489,4583,10,3,910.08,2730.24
11490,4584,12,4,226.42,905.68
11491,4584,10,4,886.23,3544.92
11492,4584,12,3,275.0,825.0
11493,4585,9,5,1809.81,9049.05
11494,4585,14,4,118.77,475.08
11495,4585,3,2,973.03,1946.06
11496,4585,6,1,111.47,111.47
11497,4586,9,2,2359.44,4718.88
11498,4587,12,1,220.6,220.6
11499,4587,8,1,512.98,512.98
11500,4587,12,4,253.48,1013.92
11501,4587,15,2,871.21,1742.42
11502,4588,17,4,1691.11,6764.44
11503,4588,16,3,1162.8,3488.4
11504,4588,14,2,124.64,249.28
11505,4589,11,5,900.27,4501.35
11506,4589,10,2,733.08,1466.16
11507,4589,13,3,421.58,1264.74
11508,4589,1,2,2169.48,4338.96
11509,4590,20,3,212.51,637.53
11510,4591,19,5,1097.18,5485.9
11511,4592,10,2,965.7,1931.4
11512,4592,8,4,566.73,2266.92
11513,4592,10,1,758.69,758.69
11514,4592,20,2,229.1,458.2
11515,4593,13,1,453.12,453.12
11516,4593,7,1,651.2,651.2
11517,4593,17,2,1730.34,3460.68
11518,4593,6,2,109.05,218.1
11519,4594,10,6,750.79,4504.74
11520,4594,8,3,556.62,1669.86
11521,4594,14,4,149.05,596.2
11522,4595,12,6,213.41,1280.46
11523,4595,17,4,2303.14,9212.56
11524,4595,14,2,135.42,270.84
11525,4596,10,5,791.36,3956.8
11526,4596,3,3,897.91,2693.73
11527,4596,19,6,1229.23,7375.38
11528,4596,6,3,126.84,380.52
11529,4597,8,2,537.57,1075.14
11530,4597,4,4,403.14,1612.56
11531,4597,3,4,1006.74,4026.96
11532,4598,17,3,2258.33,6774.99
11533,4599,20,2,207.0,414.0
11534,4599,3,3,939.62,2818.86
11535,4600,8,2,515.26,1030.52
11536,4601,2,2,908.0,1816.0
11537,4601,9,4,1894.11,7576.44
11538,4601,6,1,101.18,101.18
11539,4601,17,4,2123.38,8493.52
11540,4602,6,4,131.39,525.56
11541,4602,8,5,504.35,2521.75
11542,4602,16,3,1310.18,3930.54
11543,4602,4,5,463.33,2316.65
11544,4603,17,3,1699.04,5097.12
11545,4603,3,5,781.83,3909.15
11546,4603,1,4,1681.84,6727.36
11547,4603,20,1,219.39,219.39
11548,4604,13,4,517.54,2070.16
11549,4604,15,3,874.52,2623.56
11550,4605,19,3,1027.44,3082.32
11551,4605,20,2,197.58,395.16
11552,4606,19,3,1405.73,4217.19
11553,4606,1,1,2022.83,2022.83
11554,4606,20,3,209.16,627.48
11555,4606,5,3,178.32,534.96
11556,4607,9,4,2032.96,8131.84
11557,4608,19,3,1328.45,3985.35
11558,4608,11,2,1031.74,2063.48
11559,4608,3,2,889.89,1779.78
11560,4608,16,2,1036.88,2073.76
11561,4609,2,1,908.3,908.3
11562,4609,6,2,104.65,209.3
11563,4609,11,4,832.46,3329.84
11564,4610,14,3,161.45,484.35
11565,4610,20,3,236.33,708.99
11566,4610,9,3,2022.57,6067.71
11567,4611,10,2,838.88,1677.76
11568,4612,14,3,139.94,419.82
11569,4612,1,3,2086.09,6258.27
11570,4613,19,2,1210.6,2421.2
11571,4613,12,2,223.4,446.8
11572,4613,18,4,1508.36,6033.44
11573,4613,13,2,485.89,971.78
11574,4614,11,6,920.8,5524.8
11575,4614,16,1,985.0,985.0
11576,4614,15,4,1006.06,4024.24
11577,4615,6,5,127.64,638.2
11578,4615,16,2,1177.31,2354.62
11579,4616,12,1,282.29,282.29
11580,4616,20,2,209.75,419.5
11581,4616,5,3,202.26,606.78
11582,4617,6,2,104.12,208.24
11583,4617,3,4,905.96,3623.84
11584,4617,12,5,267.35,1336.75
11585,4617,14,3,118.56,355.68
11586,4618,14,2,130.81,261.62
11587,4618,16,2,1158.51,2317.02
11588,4618,3,5,869.05,4345.25
11589,4619,10,2,746.21,1492.42
11590,4619,19,3,1261.45,3784.35
11591,4619,9,2,2071.03,4142.06
11592,4620,18,4,1732.27,6929.08
11593,4620,3,2,951.4,1902.8
11594,4620,14,2,142.99,285.98
11595,4620,3,3,985.1,2955.3
11596,4621,9,6,1922.04,11532.24
11597,4621,9,2,1885.56,3771.12
11598,4621,1,2,1902.87,3805.74
11599,4621,19,2,1260.31,2520.62
11600,4622,5,5,180.04,900.2
11601,4622,6,2,118.48,236.96
11602,4622,14,5,155.23,776.15
11603,4622,13,3,465.97,1397.91
11604,4623,1,1,1845.25,1845.25
11605,4623,14,4,142.75,571.0
11606,4623,2,3,809.19,2427.57
11607,4624,16,2,1063.69,2127.38
11608,4624,20,4,204.4,817.6
11609,4624,8,3,457.35,1372.05
11610,4625,10,4,777.27,3109.08
11611,4625,19,1,1041.04,1041.04
11612,4625,12,2,218.75,437.5
11613,4625,17,3,2072.56,6217.68
11614,4626,14,1,138.65,138.65
11615,4627,16,2,1262.94,2525.88
11616,4628,18,2,1904.34,3808.68
11617,4628,11,4,948.0,3792.0
11618,4628,15,3,783.39,2350.17
11619,4628,8,2,514.28,1028.56
11620,4629,1,2,1652.01,3304.02
11621,4630,12,1,273.32,273.32
11622,4630,10,3,820.31,2460.93
11623,4630,3,6,1022.72,6136.32
11624,4631,15,2,1010.27,2020.54
11625,4631,9,1,2268.18,2268.18
11626,4631,6,2,106.51,213.02
11627,4632,19,1,1164.75,1164.75
11628,4632,5,4,204.89,819.56
11629,4633,15,3,1003.01,3009.03
11630,4633,11,3,999.05,2997.15
11631,4633,16,3,1149.07,3447.21
11632,4634,13,2,411.96,823.92
11633,4634,9,2,2388.07,4776.14
11634,4635,13,2,441.53,883.06
11635,4636,6,3,108.35,325.05
11636,4636,5,2,170.29,340.58
11637,4637,12,3,286.11,858.33
11638,4637,5,4,211.73,846.92
11639,4637,7,5,724.66,3623.3
11640,4638,17,3,2299.32,6897.96
11641,4639,14,4,138.67,554.68
11642,4639,11,1,992.36,992.36
11643,4640,5,2,178.84,357.68
11644,4641,11,1,1057.17,1057.17
11645,4641,20,2,255.5,511.0
11646,4641,1,4,2047.5,8190.0
11647,4641,7,3,621.49,1864.47
11648,4642,1,2,1954.52,3909.04
11649,4642,5,2,162.04,324.08
11650,4642,8,1,490.61,490.61
11651,4643,12,4,272.24,1088.96
11652,4643,9,1,2325.12,2325.12
11653,4643,10,3,805.78,2417.34
11654,4644,19,4,1191.41,4765.64
11655,4645,11,2,851.0,1702.0
11656,4645,1,4,1959.55,7838.2
11657,4645,6,5,118.31,591.55
11658,4645,8,3,500.84,1502.52
11659,4646,10,1,765.18,765.18
11660,4646,14,3,132.37,397.11
11661,4646,2,6,680.45,4082.7
11662,4646,4,1,419.37,419.37
11663,4647,9,6,1847.29,11083.74
11664,4647,10,1,728.27,728.27
11665,4647,17,2,1957.78,3915.56
11666,4647,12,1,227.49,227.49
11667,4648,12,2,239.45,478.9
11668,4649,16,1,1278.51,1278.51
11669,4649,16,1,1258.71,1258.71
11670,4649,14,1,135.61,135.61
11671,4650,9,5,1958.66,9793.3
11672,4651,4,5,443.96,2219.8
11673,4651,20,2,219.55,439.1
11674,4651,20,3,222.01,666.03
11675,4652,9,2,1980.35,3960.7
11676,4652,19,3,1240.31,3720.93
11677,4653,10,6,926.18,5557.08
11678,4653,2,2,851.83,1703.66
11679,4653,15,6,869.99,5219.94
11680,4654,3,1,891.69,891.69
11681,4654,14,2,123.94,247.88
11682,4654,4,4,370.79,1483.16
11683,4654,19,4,1070.79,4283.16
11684,4655,9,4,2132.1,8528.4
11685,4655,9,3,2165.5,6496.5
11686,4656,18,4,1608.75,6435.0
11687,4656,7,5,684.76,3423.8
11688,4657,8,1,527.75,527.75
11689,4657,9,2,2226.34,4452.68
11690,4658,20,3,201.65,604.95
11691,4658,14,3,132.08,396.24
11692,4659,9,3,2037.22,6111.66
11693,4660,10,2,787.43,1574.86
11694,4660,8,2,626.61,1253.22
11695,4660,18,4,1685.05,6740.2
11696,4660,19,2,1128.01,2256.02
11697,4661,1,1,1692.28,1692.28
11698,4661,11,2,788.32,1576.64
11699,4661,8,5,540.58,2702.9
11700,4662,16,1,1173.89,1173.89
11701,4662,6,6,112.66,675.96
11702,4662,5,1,209.81,209.81
11703,4662,11,3,969.68,2909.04
11704,4663,18,5,1566.02,7830.1
11705,4663,19,5,1175.68,5878.4
11706,4664,7,2,563.6,1127.2
11707,4664,2,2,740.69,1481.38
11708,4665,5,1,201.69,201.69
11709,4666,11,3,850.63,2551.89
11710,4666,5,2,208.95,417.9
11711,4666,3,2,915.59,1831.18
11712,4667,19,2,1037.63,2075.26
11713,4667,9,1,1948.28,1948.28
11714,4667,11,3,1000.73,3002.19
11715,4668,20,2,188.72,377.44
11716,4669,15,4,788.03,3152.12
11717,4669,16,3,1119.43,3358.29
11718,4669,3,2,850.72,1701.44
11719,4670,13,6,461.49,2768.94
11720,4671,18,3,1809.97,5429.91
11721,4672,4,2,349.95,699.9
11722,4673,2,2,772.93,1545.86
11723,4673,4,1,364.22,364.22
11724,4674,6,2,126.66,253.32
11725,4674,12,3,216.24,648.72
11726,4674,7,4,692.11,2768.44
11727,4675,3,3,932.98,2798.94
11728,4675,11,2,1024.01,2048.02
11729,4675,10,3,900.04,2700.12
11730,4675,19,3,1392.46,4177.38
11731,4676,16,1,990.14,990.14
11732,4676,7,3,715.51,2146.53
11733,4677,3,1,953.96,953.96
11734,4677,4,2,448.28,896.56
11735,4677,20,2,212.23,424.46
11736,4678,11,3,907.96,2723.88
11737,4679,2,2,891.8,1783.6
11738,4679,17,2,1862.8,3725.6
11739,4679,17,4,2029.5,8118.0
11740,4680,7,4,631.99,2527.96
11741,4680,2,1,862.76,862.76
11742,4681,9,1,2307.7,2307.7
11743,4681,20,5,195.78,978.9
11744,4681,6,5,106.05,530.25
11745,4681,18,1,1655.02,1655.02
11746,4682,16,3,1017.26,3051.78
11747,4683,14,4,137.62,550.48
11748,4683,7,3,635.04,1905.12
11749,4684,2,1,790.25,790.25
11750,4684,17,3,1858.0,5574.0
11751,4684,10,4,749.58,2998.32
11752,4684,6,1,138.7,138.7
11753,4685,11,2,1006.31,2012.62
11754,4685,18,2,1564.57,3129.14
11755,4685,7,5,620.55,3102.75
11756,4685,18,2,1436.74,2873.48
11757,4686,7,1,710.24,710.24
11758,4687,2,4,717.16,2868.64
11759,4687,5,2,164.77,329.54
11760,4687,1,1,1772.46,1772.46
11761,4688,19,3,1128.26,3384.78
11762,4689,2,3,731.55,2194.65
11763,4689,15,2,773.63,1547.26
11764,4689,9,4,2141.42,8565.68
11765,4689,15,2,927.87,1855.74
11766,4690,1,4,1920.61,7682.44
11767,4690,20,2,238.67,477.34
11768,4691,14,4,126.86,507.44
11769,4691,12,3,213.36,640.08
11770,4691,16,3,1123.18,3369.54
11771,4691,15,3,1001.62,3004.86
11772,4692,18,3,1732.33,5196.99
11773,4692,15,3,917.75,2753.25
11774,4692,14,3,146.3,438.9
11775,4692,18,4,1870.19,7480.76
11776,4693,1,3,1805.61,5416.83
11777,4693,15,3,967.24,2901.72
11778,4693,8,4,605.86,2423.44
11779,4693,15,2,893.76,1787.52
11780,4694,13,6,528.37,3170.22
11781,4694,9,3,1723.19,5169.57
11782,4694,16,5,995.18,4975.9
11783,4695,2,2,804.39,1608.78
11784,4695,15,5,751.52,3757.6
11785,4696,14,3,140.66,421.98
11786,4696,1,2,1662.8,3325.6
11787,4696,7,2,653.82,1307.64
11788,4696,13,1,530.83,530.83
11789,4697,14,2,124.51,249.02
11790,4697,12,3,264.37,793.11
11791,4697,12,5,245.15,1225.75
11792,4698,19,4,1417.61,5670.44
11793,4699,18,4,1493.58,5974.32
11794,4700,14,2,145.39,290.78
11795,4700,18,2,1855.03,3710.06
11796,4700,20,4,229.38,917.52
11797,4701,15,2,782.95,1565.9
11798,4701,20,5,236.25,1181.25
11799,4701,10,3,846.89,2540.67
11800,4702,17,1,2172.48,2172.48
11801,4702,14,1,119.39,119.39
11802,4702,16,3,1142.88,3428.64
11803,4702,13,2,462.07,924.14
11804,4703,20,4,206.63,826.52
11805,4703,19,3,1385.97,4157.91
11806,4704,10,3,888.37,2665.11
11807,4704,5,2,185.27,370.54
11808,4705,11,2,1086.26,2172.52
11809,4705,17,3,1961.75,5885.25
11810,4705,11,5,1022.18,5110.9
11811,4705,10,4,984.76,3939.04
11812,4706,5,2,199.76,399.52
11813,4707,19,2,1203.89,2407.78
11814,4707,7,5,580.6,2903.0
11815,4707,2,3,870.57,2611.71
11816,4708,4,1,397.18,397.18
11817,4708,10,3,731.22,2193.66
11818,4709,7,2,718.64,1437.28
11819,4709,2,2,753.93,1507.86
11820,4709,15,4,803.66,3214.64
11821,4709,7,3,638.19,1914.57
11822,4710,10,2,906.25,1812.5
11823,4710,13,4,448.79,1795.16
11824,4711,5,1,177.61,177.61
11825,4711,12,2,228.42,456.84
11826,4711,4,4,410.97,1643.88
11827,4712,12,1,216.39,216.39
11828,4712,11,3,982.65,2947.95
11829,4713,2,1,808.78,808.78
11830,4713,11,3,1028.1,3084.3
11831,4713,18,5,1466.32,7331.6
11832,4714,1,3,2216.41,6649.23
11833,4714,13,3,486.79,1460.37
11834,4714,17,2,2186.89,4373.78
11835,4714,14,4,122.08,488.32
11836,4715,17,2,2036.13,4072.26
11837,4716,9,3,1982.76,5948.28
11838,4716,19,1,1335.3,1335.3
11839,4716,10,2,874.71,1749.42
11840,4716,14,2,136.3,272.6
11841,4717,8,2,510.46,1020.92
11842,4717,16,5,1057.9,5289.5
11843,4717,3,1,849.78,849.78
11844,4718,13,4,476.25,1905.0
11845,4718,10,2,919.89,1839.78
11846,4718,15,4,986.01,3944.04
11847,4719,7,1,565.62,565.62
11848,4719,12,4,258.11,1032.44
11849,4720,7,2,593.01,1186.02
11850,4721,15,4,840.61,3362.44
11851,4721,9,2,1855.86,3711.72
11852,4722,10,1,741.12,741.12
11853,4722,5,2,206.42,412.84
11854,4722,2,1,875.51,875.51
11855,4723,7,4,661.24,2644.96
11856,4723,11,1,894.58,894.58
11857,4723,17,3,1970.41,5911.23
11858,4724,20,3,204.26,612.78
11859,4724,2,3,774.49,2323.47
11860,4725,20,3,211.28,633.84
11861,4725,8,1,545.2,545.2
11862,4725,1,2,1677.53,3355.06
11863,4725,16,3,997.78,2993.34
11864,4726,15,3,812.46,2437.38
11865,4726,6,3,136.84,410.52
11866,4727,13,4,424.26,1697.04
11867,4727,7,1,701.51,701.51
11868,4728,16,4,1225.74,4902.96
11869,4728,19,5,1065.35,5326.75
11870,4729,8,3,580.62,1741.86
11871,4730,3,3,1025.32,3075.96
11872,4730,11,4,806.54,3226.16
11873,4730,1,3,1876.85,5630.55
11874,4730,8,2,462.69,925.38
11875,4731,8,1,508.76,508.76
11876,4731,14,1,134.34,134.34
11877,4732,9,5,2233.38,11166.9
11878,4732,6,3,105.16,315.48
11879,4733,7,2,665.41,1330.82
11880,4733,12,1,251.55,251.55
11881,4733,18,4,1510.28,6041.12
11882,4734,5,4,207.65,830.6
11883,4734,15,4,995.16,3980.64
11884,4735,9,4,2277.56,9110.24
11885,4736,8,1,494.85,494.85
11886,4736,4,1,352.95,352.95
11887,4737,9,4,1831.24,7324.96
11888,4737,1,1,1676.5,1676.5
11889,4737,7,6,638.65,3831.9
11890,4738,9,3,1865.24,5595.72
11891,4739,5,4,155.98,623.92
11892,4739,7,2,597.46,1194.92
11893,4739,19,3,1151.68,3455.04
11894,4739,18,1,1701.57,1701.57
11895,4740,10,3,961.33,2883.99
11896,4740,18,2,1482.25,2964.5
11897,4740,7,3,640.64,1921.92
11898,4740,15,3,880.34,2641.02
11899,4741,11,6,865.56,5193.36
11900,4742,9,4,1825.42,7301.68
11901,4743,10,3,793.61,2380.83
11902,4743,15,1,899.16,899.16
11903,4743,3,3,742.57,2227.71
11904,4743,9,2,2116.83,4233.66
11905,4744,2,2,801.72,1603.44
11906,4744,3,4,999.25,3997.0
11907,4744,3,2,936.44,1872.88
11908,4744,4,3,402.97,1208.91
11909,4745,6,4,124.15,496.6
11910,4746,3,3,965.7,2897.1
11911,4746,3,4,836.62,3346.48
11912,4746,7,4,618.22,2472.88
11913,4747,7,2,702.81,1405.62
11914,4747,15,5,762.16,3810.8
11915,4748,11,3,1064.03,3192.09
11916,4749,9,2,2060.26,4120.52
11917,4749,17,5,1732.32,8661.6
11918,4750,9,3,1967.39,5902.17
11919,4750,4,1,352.01,352.01
11920,4750,4,2,429.97,859.94
11921,4751,17,4,2280.77,9123.08
11922,4752,19,1,1396.82,1396.82
11923,4752,12,4,283.81,1135.24
11924,4753,7,3,551.15,1653.45
11925,4753,15,1,741.98,741.98
11926,4753,11,2,1044.73,2089.46
11927,4754,6,2,103.66,207.32
11928,4754,5,4,197.81,791.24
11929,4754,13,1,489.32,489.32
11930,4755,10,2,933.84,1867.68
11931,4755,18,2,1800.16,3600.32
11932,4755,3,3,834.98,2504.94
11933,4756,10,4,860.42,3441.68
11934,4756,5,1,201.65,201.65
11935,4756,17,3,1703.77,5111.31
11936,4757,19,1,1071.54,1071.54
11937,4757,1,3,2085.04,6255.12
11938,4758,18,4,1566.72,6266.88
11939,4758,15,3,989.13,2967.39
11940,4758,18,2,1697.97,3395.94
11941,4758,16,3,1045.63,3136.89
11942,4759,6,3,118.79,356.37
11943,4759,16,3,1319.51,3958.53
11944,4759,1,3,2098.9,6296.7
11945,4759,15,3,783.8,2351.4
11946,4760,9,6,1911.5,11469.0
11947,4760,3,3,790.57,2371.71
11948,4761,20,3,241.72,725.16
11949,4762,14,2,155.13,310.26
11950,4762,20,3,248.88,746.64
11951,4762,18,2,1694.82,3389.64
11952,4763,2,4,792.4,3169.6
11953,4764,19,2,1105.23,2210.46
11954,4764,14,3,123.39,370.17
11955,4764,1,2,1715.85,3431.7
11956,4765,9,4,2058.17,8232.68
11957,4765,2,2,765.84,1531.68
11958,4765,9,4,2050.52,8202.08
11959,4765,15,3,868.33,2604.99
11960,4766,18,2,1725.22,3450.44
11961,4766,12,1,280.46,280.46
11962,4766,14,2,146.56,293.12
11963,4767,12,4,280.86,1123.44
11964,4767,6,1,114.92,114.92
11965,4767,11,2,1026.36,2052.72
11966,4768,8,1,493.38,493.38
11967,4768,13,5,525.26,2626.3
11968,4769,14,2,163.29,326.58
11969,4770,8,3,595.73,1787.19
11970,4771,5,1,167.61,167.61
11971,4771,6,3,117.86,353.58
11972,4771,9,2,2165.18,4330.36
11973,4772,2,1,886.51,886.51
11974,4772,20,4,257.54,1030.16
11975,4773,14,3,157.02,471.06
11976,4773,13,2,481.54,963.08
11977,4774,17,1,1903.84,1903.84
11978,4775,15,2,843.92,1687.84
11979,4775,12,2,276.63,553.26
11980,4775,17,4,2088.43,8353.72
11981,4775,15,3,967.69,2903.07
11982,4776,18,1,1594.3,1594.3
11983,4776,15,2,887.35,1774.7
11984,4777,2,1,768.56,768.56
11985,4777,5,3,185.12,555.36
11986,4778,7,2,583.44,1166.88
11987,4778,13,4,408.63,1634.52
11988,4779,1,4,1870.84,7483.36
11989,4780,18,1,1604.73,1604.73
11990,4780,19,2,1287.54,2575.08
11991,4780,20,1,196.99,196.99
11992,4781,6,1,123.83,123.83
11993,4781,1,1,1651.44,1651.44
11994,4781,2,3,900.35,2701.05
11995,4782,10,4,933.38,3733.52
11996,4782,19,2,1158.87,2317.74
11997,4782,15,3,766.14,2298.42
11998,4783,3,3,792.91,2378.73
11999,4784,7,3,719.37,2158.11
12000,4784,7,1,528.4,528.4
12001,4784,17,1,1687.62,1687.62
12002,4785,15,2,834.04,1668.08
12003,4785,3,5,888.32,4441.6
12004,4785,8,4,597.47,2389.88
12005,4785,19,3,1326.04,3978.12
12006,4786,17,2,2080.96,4161.92
12007,4786,14,2,153.29,306.58
12008,4787,20,2,205.28,410.56
12009,4787,7,2,625.2,1250.4
12010,4788,7,4,606.05,2424.2
12011,4788,2,2,835.43,1670.86
12012,4789,14,2,133.39,266.78
12013,4789,14,2,155.13,310.26
12014,4790,15,2,773.55,1547.1
12015,4790,15,4,893.16,3572.64
12016,4791,18,1,1591.66,1591.66
12017,4791,10,2,814.59,1629.18
12018,4792,13,3,498.11,1494.33
12019,4792,19,2,1058.49,2116.98
12020,4792,10,3,906.84,2720.52
12021,4792,16,3,1044.88,3134.64
12022,4793,20,5,241.38,1206.9
12023,4793,1,2,2160.69,4321.38
12024,4794,16,4,1060.8,4243.2
12025,4795,17,2,2047.26,4094.52
12026,4795,9,3,1828.2,5484.6
12027,4795,3,5,883.34,4416.7
12028,4795,16,2,1285.9,2571.8
12029,4796,10,1,811.74,811.74
12030,4796,20,3,225.53,676.59
12031,4796,18,2,1808.05,3616.1
12032,4796,14,3,147.25,441.75
12033,4797,8,4,504.7,2018.8
12034,4797,10,3,862.07,2586.21
12035,4798,4,2,408.06,816.12
12036,4798,20,1,203.81,203.81
12037,4798,13,3,487.82,1463.46
12038,4798,17,3,2197.18,6591.54
12039,4799,10,1,802.19,802.19
12040,4799,6,2,110.51,221.02
12041,4800,1,3,1758.53,5275.59
12042,4800,17,2,1952.1,3904.2
12043,4800,5,4,192.06,768.24
12044,4800,8,4,561.64,2246.56
12045,4801,3,1,957.41,957.41
12046,4801,20,4,247.51,990.04
12047,4801,3,2,821.06,1642.12
12048,4802,6,2,135.3,270.6
12049,4802,6,5,123.2,616.0
12050,4802,6,5,106.04,530.2
12051,4802,3,4,792.58,3170.32
12052,4803,19,5,1337.3,6686.5
12053,4804,15,1,776.36,776.36
12054,4804,10,2,714.68,1429.36
12055,4805,9,2,2314.78,4629.56
12056,4805,17,3,1835.45,5506.35
12057,4806,18,4,1739.84,6959.36
12058,4806,13,1,532.42,532.42
12059,4806,6,2,118.14,236.28
12060,4807,8,3,612.09,1836.27
12061,4808,18,3,1863.71,5591.13
12062,4809,17,3,2280.31,6840.93
12063,4809,19,1,1355.64,1355.64
12064,4810,12,1,208.6,208.6
12065,4811,20,3,188.74,566.22
12066,4811,3,2,918.51,1837.02
12067,4811,5,3,183.72,551.16
12068,4812,9,6,2131.95,12791.7
12069,4812,1,1,2120.73,2120.73
12070,4813,12,5,217.66,1088.3
12071,4813,3,2,773.91,1547.82
12072,4813,9,6,1947.97,11687.82
12073,4814,3,2,914.52,1829.04
12074,4814,13,2,530.63,1061.26
12075,4814,18,2,1486.75,2973.5
12076,4814,20,5,193.38,966.9
12077,4815,14,4,133.28,533.12
12078,4815,2,3,736.52,2209.56
12079,4816,15,3,765.29,2295.87
12080,4817,4,4,433.98,1735.92
12081,4817,6,4,111.6,446.4
12082,4817,16,2,1081.4,2162.8
12083,4817,6,2,105.73,211.46
12084,4818,19,2,1408.06,2816.12
12085,4818,9,1,2008.87,2008.87
12086,4819,3,3,764.65,2293.95
12087,4819,14,3,134.86,404.58
12088,4820,15,1,899.26,899.26
12089,4820,19,4,1272.46,5089.84
12090,4820,12,2,213.93,427.86
12091,4821,17,3,1993.71,5981.13
12092,4822,4,4,414.01,1656.04
12093,4823,17,1,2220.94,2220.94
12094,4823,9,4,1801.49,7205.96
12095,4824,4,2,368.09,736.18
12096,4824,2,2,856.71,1713.42
12097,4825,7,4,576.29,2305.16
12098,4825,14,1,134.36,134.36
12099,4825,10,1,819.21,819.21
12100,4826,13,1,509.41,509.41
12101,4827,17,4,1831.53,7326.12
12102,4827,19,5,1162.38,5811.9
12103,4828,1,2,1973.84,3947.68
12104,4828,17,3,2114.89,6344.67
12105,4828,15,2,791.98,1583.96
12106,4828,11,3,832.86,2498.58
12107,4829,8,1,553.24,553.24
12108,4829,13,2,408.51,817.02
12109,4830,6,2,100.76,201.52
12110,4830,5,2,198.78,397.56
12111,4830,12,3,264.05,792.15
12112,4831,1,3,1848.54,5545.62
12113,4831,12,4,234.13,936.52
12114,4831,16,5,1176.17,5880.85
12115,4831,14,2,132.85,265.7
12116,4832,3,1,993.0,993.0
12117,4832,17,1,1829.97,1829.97
12118,4833,3,2,989.04,1978.08
12119,4834,6,3,133.79,401.37
12120,4835,18,5,1812.96,9064.8
12121,4835,20,3,231.01,693.03
12122,4836,6,3,111.84,335.52
12123,4836,18,4,1656.25,6625.0
12124,4837,9,2,2130.38,4260.76
12125,4837,15,3,956.66,2869.98
12126,4837,5,4,164.68,658.72
12127,4838,16,3,1029.48,3088.44
12128,4838,6,4,109.66,438.64
12129,4838,18,3,1759.36,5278.08
12130,4839,19,3,1327.84,3983.52
12131,4839,17,3,2272.23,6816.69
12132,4840,8,2,457.28,914.56
12133,4840,2,3,672.9,2018.7
12134,4841,4,1,391.1,391.1
12135,4841,18,6,1831.91,10991.46
12136,4841,14,1,153.23,153.23
12137,4842,2,3,886.53,2659.59
12138,4842,19,1,1201.96,1201.96
12139,4842,14,5,133.54,667.7
12140,4842,20,2,236.69,473.38
12141,4843,8,4,530.34,2121.36
12142,4844,14,1,128.8,128.8
12143,4844,18,2,1626.7,3253.4
12144,4844,17,2,1717.73,3435.46
12145,4845,3,6,865.09,5190.54
12146,4845,12,1,273.08,273.08
12147,4845,2,1,909.85,909.85
12148,4845,13,3,463.86,1391.58
12149,4846,5,2,166.65,333.3
12150,4847,11,1,1059.15,1059.15
12151,4848,1,3,1939.51,5818.53
12152,4848,4,3,387.13,1161.39
12153,4849,13,3,445.45,1336.35
12154,4849,8,2,524.75,1049.5
12155,4849,6,2,107.48,214.96
12156,4849,4,2,443.96,887.92
12157,4850,18,3,1599.55,4798.65
12158,4850,2,6,747.06,4482.36
12159,4850,13,1,454.3,454.3
12160,4850,9,1,2286.45,2286.45
12161,4851,20,4,204.83,819.32
12162,4851,14,2,151.89,303.78
12163,4851,19,4,1243.36,4973.44
12164,4852,4,4,457.25,1829.0
12165,4853,18,3,1728.37,5185.11
12166,4853,1,4,1977.61,7910.44
12167,4854,10,2,731.48,1462.96
12168,4854,16,4,1232.17,4928.68
12169,4854,2,1,715.55,715.55
12170,4854,9,1,2256.23,2256.23
12171,4855,16,2,1307.52,2615.04
12172,4855,14,3,162.46,487.38
12173,4856,14,3,122.46,367.38
12174,4857,1,2,1882.55,3765.1
12175,4857,11,2,879.96,1759.92
12176,4857,18,5,1553.1,7765.5
12177,4858,6,5,124.41,622.05
12178,4859,14,4,130.94,523.76
12179,4859,2,5,785.3,3926.5
12180,4859,9,2,2364.61,4729.22
12181,4859,13,6,547.04,3282.24
12182,4860,7,1,554.79,554.79
12183,4861,11,1,1016.42,1016.42
12184,4861,14,2,130.45,260.9
12185,4861,15,1,947.84,947.84
12186,4861,9,1,2220.81,2220.81
12187,4862,14,4,118.85,475.4
12188,4862,3,3,857.71,2573.13
12189,4862,20,3,199.8,599.4
12190,4863,6,6,115.13,690.78
12191,4864,8,3,477.73,1433.19
12192,4865,1,4,1617.07,6468.28
12193,4865,18,2,1829.96,3659.92
12194,4866,20,3,248.76,746.28
12195,4866,18,3,1842.62,5527.86
12196,4867,10,6,933.2,5599.2
12197,4868,15,3,978.78,2936.34
12198,4868,4,4,340.28,1361.12
12199,4869,20,5,230.76,1153.8
12200,4869,9,3,2149.4,6448.2
12201,4870,12,4,225.84,903.36
12202,4870,10,1,883.36,883.36
12203,4870,3,4,853.45,3413.8
12204,4870,20,3,203.68,611.04
12205,4871,1,6,2024.98,12149.88
12206,4871,2,3,862.06,2586.18
12207,4871,18,4,1625.99,6503.96
12208,4871,7,4,716.7,2866.8
12209,4872,9,2,2003.45,4006.9
12210,4872,2,5,762.42,3812.1
12211,4873,2,6,932.97,5597.82
12212,4873,15,2,921.6,1843.2
12213,4873,18,2,1800.29,3600.58
12214,4873,8,3,473.14,1419.42
12215,4874,2,1,776.79,776.79
12216,4874,16,2,995.86,1991.72
12217,4875,19,1,1338.21,1338.21
12218,4875,14,2,153.95,307.9
12219,4876,10,1,937.04,937.04
12220,4876,16,4,1178.78,4715.12
12221,4876,13,2,534.01,1068.02
12222,4877,16,2,1302.27,2604.54
12223,4877,6,1,136.39,136.39
12224,4877,17,4,2070.42,8281.68
12225,4878,19,2,1347.32,2694.64
12226,4878,15,2,951.64,1903.28
12227,4878,14,5,126.0,630.0
12228,4878,17,1,2155.12,2155.12
12229,4879,8,3,595.49,1786.47
12230,4879,6,2,115.58,231.16
12231,4879,8,1,590.91,590.91
12232,4879,7,2,534.81,1069.62
12233,4880,4,3,455.26,1365.78
12234,4880,13,4,528.72,2114.88
12235,4880,9,1,2225.94,2225.94
12236,4880,11,5,1074.53,5372.65
12237,4881,2,3,710.07,2130.21
12238,4881,20,1,189.71,189.71
12239,4881,16,4,1180.43,4721.72
12240,4881,3,1,991.73,991.73
12241,4882,12,1,273.47,273.47
12242,4882,4,2,361.01,722.02
12243,4882,14,4,121.65,486.6
12244,4882,2,1,931.25,931.25
12245,4883,4,3,428.55,1285.65
12246,4883,3,4,985.41,3941.64
12247,4883,6,3,106.38,319.14
12248,4884,13,2,427.42,854.84
12249,4884,15,3,808.2,2424.6
12250,4885,10,3,726.14,2178.42
12251,4885,10,2,959.61,1919.22
12252,4885,12,2,270.67,541.34
12253,4885,20,4,233.31,933.24
12254,4886,5,6,171.98,1031.88
12255,4887,16,4,1083.52,4334.08
12256,4888,13,2,480.02,960.04
12257,4888,7,4,552.34,2209.36
12258,4889,7,1,642.42,642.42
12259,4889,8,3,567.41,1702.23
12260,4890,18,2,1935.17,3870.34
12261,4890,13,2,480.45,960.9
12262,4890,18,4,1414.97,5659.88
12263,4890,9,5,2112.26,10561.3
12264,4891,4,1,445.53,445.53
12265,4892,10,4,712.77,2851.08
12266,4892,5,3,207.76,623.28
12267,4893,5,1,204.25,204.25
12268,4894,4,1,424.66,424.66
12269,4895,17,3,2049.78,6149.34
12270,4895,20,3,248.84,746.52
12271,4895,13,4,453.3,1813.2
12272,4895,12,3,247.94,743.82
12273,4896,2,2,831.76,1663.52
12274,4897,20,1,234.85,234.85
12275,4897,5,4,198.94,795.76
12276,4897,18,6,1665.43,9992.58
12277,4897,18,2,1699.54,3399.08
12278,4898,5,3,174.8,524.4
12279,4898,17,5,2272.45,11362.25
12280,4898,4,3,459.53,1378.59
12281,4898,17,3,1818.01,5454.03
12282,4899,11,1,983.39,983.39
12283,4900,12,3,217.3,651.9
12284,4900,9,2,1804.11,3608.22
12285,4900,12,2,269.01,538.02
12286,4900,16,3,1050.62,3151.86
12287,4901,2,2,715.76,1431.52
12288,4901,18,1,1805.54,1805.54
12289,4901,13,3,453.35,1360.05
12290,4901,18,4,1613.08,6452.32
12291,4902,12,3,262.99,788.97
12292,4903,9,3,2278.16,6834.48
12293,4904,18,1,1567.06,1567.06
12294,4904,7,3,669.1,2007.3
12295,4904,8,3,579.92,1739.76
12296,4905,16,2,983.46,1966.92
12297,4905,13,5,446.06,2230.3
12298,4905,14,3,155.58,466.74
12299,4905,3,2,791.82,1583.64
12300,4906,15,3,936.84,2810.52
12301,4906,19,3,1241.45,3724.35
12302,4906,17,1,2197.96,2197.96
12303,4907,9,2,1912.96,3825.92
12304,4908,10,3,718.13,2154.39
12305,4908,19,3,1085.8,3257.4
12306,4909,9,4,2125.59,8502.36
12307,4909,10,4,971.68,3886.72
12308,4910,20,3,239.15,717.45
12309,4911,20,4,226.38,905.52
12310,4911,3,3,812.7,2438.1
12311,4911,18,3,1835.5,5506.5
12312,4912,19,3,1344.97,4034.91
12313,4912,15,2,916.6,1833.2
12314,4912,12,3,207.99,623.97
12315,4913,16,3,1143.75,3431.25
12316,4913,17,2,1838.17,3676.34
12317,4913,1,3,2177.1,6531.3
12318,4914,2,2,919.49,1838.98
12319,4915,17,1,2139.58,2139.58
12320,4915,7,2,552.34,1104.68
12321,4915,4,3,465.48,1396.44
12322,4916,10,2,907.55,1815.1
12323,4917,15,1,863.38,863.38
12324,4917,1,3,1923.56,5770.68
12325,4917,9,2,2256.72,4513.44
12326,4918,6,1,108.25,108.25
12327,4918,10,4,854.72,3418.88
12328,4919,9,3,2068.25,6204.75
12329,4919,16,5,974.59,4872.95
12330,4919,12,3,224.13,672.39
12331,4919,18,2,1933.3,3866.6
12332,4920,6,2,108.56,217.12
12333,4921,16,3,1047.44,3142.32
12334,4921,19,4,1055.34,4221.36
12335,4921,4,2,338.79,677.58
12336,4921,6,2,107.2,214.4
12337,4922,12,5,208.11,1040.55
12338,4922,7,3,584.4,1753.2
12339,4923,8,2,624.93,1249.86
12340,4923,13,1,543.91,543.91
12341,4924,12,3,264.38,793.14
12342,4924,13,3,469.67,1409.01
12343,4925,8,2,542.22,1084.44
12344,4925,6,2,105.29,210.58
12345,4925,9,1,1864.21,1864.21
12346,4925,7,1,573.19,573.19
12347,4926,17,4,1888.85,7555.4
12348,4926,2,3,824.82,2474.46
12349,4927,7,3,672.14,2016.42
12350,4927,18,4,1766.62,7066.48
12351,4927,19,5,1270.38,6351.9
12352,4928,14,3,147.25,441.75
12353,4928,9,2,2091.72,4183.44
12354,4928,12,3,282.79,848.37
12355,4928,12,1,234.92,234.92
12356,4929,9,3,1915.12,5745.36
12357,4929,13,5,454.2,2271.0
12358,4930,8,6,627.42,3764.52
12359,4930,3,1,979.73,979.73
12360,4931,4,2,383.29,766.58
12361,4931,3,1,770.33,770.33
12362,4931,2,3,766.82,2300.46
12363,4931,16,2,1031.78,2063.56
12364,4932,3,4,970.74,3882.96
12365,4933,4,2,388.91,777.82
12366,4933,10,3,975.41,2926.23
12367,4933,13,5,545.07,2725.35
12368,4933,7,4,717.03,2868.12
12369,4934,5,2,186.99,373.98
12370,4935,11,6,1047.29,6283.74
12371,4935,14,3,144.67,434.01
12372,4935,4,2,423.26,846.52
12373,4936,7,3,556.09,1668.27
12374,4937,16,3,1185.27,3555.81
12375,4937,19,3,1251.55,3754.65
12376,4937,5,2,201.26,402.52
12377,4937,18,4,1423.58,5694.32
12378,4938,12,5,232.77,1163.85
12379,4939,1,1,1625.95,1625.95
12380,4940,6,3,138.35,415.05
12381,4940,16,4,1324.46,5297.84
12382,4941,15,3,946.95,2840.85
12383,4941,20,2,228.99,457.98
12384,4941,18,2,1830.32,3660.64
12385,4942,4,2,344.75,689.5
12386,4942,14,1,121.91,121.91
12387,4942,16,2,1046.53,2093.06
12388,4942,15,2,868.48,1736.96
12389,4943,9,4,1763.95,7055.8
12390,4943,1,2,2184.87,4369.74
12391,4943,17,2,1795.68,3591.36
12392,4944,15,1,913.09,913.09
12393,4944,17,4,2323.7,9294.8
12394,4944,15,3,1003.81,3011.43
12395,4944,2,2,858.83,1717.66
12396,4945,2,3,874.57,2623.71
12397,4945,16,3,1313.57,3940.71
12398,4945,13,2,518.99,1037.98
12399,4945,1,2,1728.8,3457.6
12400,4946,19,4,1247.69,4990.76
12401,4946,20,2,192.77,385.54
12402,4946,8,4,476.06,1904.24
12403,4946,10,3,795.95,2387.85
12404,4947,5,2,204.24,408.48
12405,4947,7,2,596.35,1192.7
12406,4947,3,1,917.05,917.05
12407,4948,10,2,720.63,1441.26
12408,4949,7,5,688.04,3440.2
12409,4949,16,4,1316.99,5267.96
12410,4949,20,3,229.38,688.14
12411,4950,10,4,713.53,2854.12
12412,4950,5,4,184.47,737.88
12413,4951,19,2,1193.7,2387.4
12414,4951,2,2,700.97,1401.94
12415,4952,9,2,1926.64,3853.28
12416,4952,16,5,1071.52,5357.6
12417,4953,14,6,156.73,940.38
12418,4953,11,2,1017.27,2034.54
12419,4953,7,3,582.26,1746.78
12420,4953,14,6,144.64,867.84
12421,4954,15,5,780.24,3901.2
12422,4955,12,5,279.92,1399.6
12423,4955,13,2,452.39,904.78
12424,4956,14,1,122.16,122.16
12425,4957,15,1,737.49,737.49
12426,4957,3,5,954.46,4772.3
12427,4958,13,6,517.85,3107.1
12428,4959,19,3,1426.1,4278.3
12429,4959,7,3,610.86,1832.58
12430,4960,13,4,473.52,1894.08
12431,4960,7,5,602.64,3013.2
12432,4960,12,1,227.88,227.88
12433,4961,3,5,1026.19,5130.95
12434,4961,3,6,903.34,5420.04
12435,4962,19,3,1239.91,3719.73
12436,4962,10,2,977.89,1955.78
12437,4962,11,2,1004.28,2008.56
12438,4962,1,3,1852.93,5558.79
12439,4963,18,4,1724.26,6897.04
12440,4963,6,4,138.14,552.56
12441,4964,19,2,1110.59,2221.18
12442,4965,10,3,715.22,2145.66
12443,4965,17,5,1957.35,9786.75
12444,4965,3,1,802.11,802.11
12445,4965,1,3,1834.77,5504.31
12446,4966,1,4,1781.31,7125.24
12447,4966,8,2,502.89,1005.78
12448,4966,17,4,1742.17,6968.68
12449,4967,7,2,714.62,1429.24
12450,4968,11,5,893.3,4466.5
12451,4968,19,4,1108.78,4435.12
12452,4968,3,3,933.99,2801.97
12453,4968,11,4,1008.28,4033.12
12454,4969,11,2,1065.06,2130.12
12455,4969,11,4,817.93,3271.72
12456,4969,3,2,1018.92,2037.84
12457,4970,8,3,509.41,1528.23
12458,4970,5,3,171.48,514.44
12459,4970,18,2,1831.72,3663.44
12460,4970,8,2,538.06,1076.12
12461,4971,19,3,1181.35,3544.05
12462,4971,20,3,237.79,713.37
12463,4972,5,6,183.98,1103.88
12464,4973,17,1,1689.11,1689.11
12465,4973,7,1,558.19,558.19
12466,4974,2,2,706.38,1412.76
12467,4974,3,4,943.33,3773.32
12468,4974,5,3,211.67,635.01
12469,4974,11,1,911.05,911.05
12470,4975,3,3,870.77,2612.31
12471,4975,3,1,859.33,859.33
12472,4976,5,3,196.37,589.11
12473,4976,7,4,668.52,2674.08
12474,4977,1,3,2059.95,6179.85
12475,4977,2,3,746.91,2240.73
12476,4977,9,3,1864.09,5592.27
12477,4978,12,2,243.2,486.4
12478,4978,17,3,1731.35,5194.05
12479,4978,2,4,679.53,2718.12
12480,4979,10,4,837.26,3349.04
12481,4979,16,2,1084.09,2168.18
12482,4979,8,4,529.91,2119.64
12483,4980,19,2,1075.05,2150.1
12484,4980,4,3,345.16,1035.48
12485,4980,3,3,786.66,2359.98
12486,4980,14,4,155.84,623.36
12487,4981,8,2,511.34,1022.68
12488,4981,9,1,2022.81,2022.81
12489,4981,3,2,838.04,1676.08
12490,4981,11,1,1034.43,1034.43
12491,4982,5,3,159.96,479.88
12492,4982,19,5,1322.9,6614.5
12493,4982,3,5,882.95,4414.75
12494,4982,13,5,422.86,2114.3
12495,4983,2,3,842.57,2527.71
12496,4983,19,2,1265.09,2530.18
12497,4983,13,3,506.45,1519.35
12498,4984,1,3,1757.71,5273.13
12499,4985,11,2,792.9,1585.8
12500,4985,18,3,1485.89,4457.67
12501,4985,20,4,202.61,810.44
12502,4986,1,4,2111.41,8445.64
12503,4986,4,1,420.62,420.62
12504,4987,13,2,538.32,1076.64
12505,4988,19,1,1066.74,1066.74
12506,4988,19,6,1204.57,7227.42
12507,4989,20,2,237.88,475.76
12508,4989,11,3,835.22,2505.66
12509,4990,16,4,983.4,3933.6
12510,4990,10,3,873.92,2621.76
12511,4990,2,5,882.56,4412.8
12512,4990,14,3,144.13,432.39
12513,4991,8,3,495.0,1485.0
12514,4991,20,2,220.6,441.2
12515,4992,3,3,948.78,2846.34
12516,4993,9,5,1801.53,9007.65
12517,4993,16,6,1036.65,6219.9
12518,4993,13,1,512.08,512.08
12519,4993,18,1,1626.82,1626.82
12520,4994,8,1,505.8,505.8
12521,4995,4,3,444.44,1333.32
12522,4996,7,2,696.94,1393.88
12523,4996,18,2,1608.46,3216.92
12524,4996,15,1,910.4,910.4
12525,4997,3,4,790.8,3163.2
12526,4998,6,2,102.58,205.16
12527,4998,8,1,595.72,595.72
12528,4999,12,3,251.06,753.18
12529,4999,20,4,209.09,836.36
12530,4999,7,4,567.4,2269.6
12531,5000,1,2,1733.14,3466.28
12532,5000,17,5,2328.43,11642.15
12533,5000,18,2,1700.98,3401.96
12534,5001,17,1,1870.05,1870.05
12535,5001,13,2,523.73,1047.46
12536,5001,19,4,1289.96,5159.84
12537,5002,3,2,759.95,1519.9
12538,5002,19,4,1404.24,5616.96
12539,5003,10,2,766.29,1532.58
12540,5004,15,2,880.76,1761.52
12541,5004,14,3,161.93,485.79
12542,5004,15,5,791.75,3958.75
12543,5004,12,2,249.33,498.66
12544,5005,1,2,2010.09,4020.18
12545,5005,19,3,1079.73,3239.19
12546,5005,18,1,1856.73,1856.73
12547,5005,18,4,1920.32,7681.28
12548,5006,4,1,419.51,419.51
12549,5006,6,2,124.5,249.0
12550,5006,1,5,1757.34,8786.7
12551,5007,1,2,1897.6,3795.2
12552,5007,1,4,1844.6,7378.4
12553,5007,19,3,1352.26,4056.78
12554,5007,16,3,998.63,2995.89
12555,5008,16,4,1262.86,5051.44
12556,5008,20,6,196.27,1177.62
12557,5008,15,3,806.85,2420.55
12558,5009,11,3,957.46,2872.38
12559,5009,12,2,258.9,517.8
12560,5009,18,3,1921.39,5764.17
12561,5010,16,3,1050.31,3150.93
12562,5010,12,2,283.89,567.78
12563,5010,9,4,2135.66,8542.64
12564,5011,15,3,842.5,2527.5
12565,5011,8,3,599.39,1798.17
12566,5011,9,1,2072.43,2072.43
12567,5012,1,5,1758.68,8793.4
12568,5013,4,2,340.77,681.54
12569,5013,15,2,880.7,1761.4
12570,5013,16,3,1187.26,3561.78
12571,5013,15,2,1010.38,2020.76
12572,5014,19,6,1245.79,7474.74
12573,5014,2,3,877.12,2631.36
12574,5014,17,2,1760.31,3520.62
12575,5015,7,2,570.49,1140.98
12576,5015,19,6,1192.73,7156.38
12577,5015,3,4,880.84,3523.36
12578,5015,12,3,273.53,820.59
12579,5016,16,3,1023.48,3070.44
12580,5017,9,1,2021.12,2021.12
12581,5017,20,3,186.52,559.56
12582,5017,15,3,984.48,2953.44
12583,5017,17,1,2141.74,2141.74
12584,5018,8,4,501.12,2004.48
12585,5018,12,5,218.81,1094.05
12586,5018,5,2,153.27,306.54
12587,5018,8,4,597.78,2391.12
12588,5019,13,4,427.8,1711.2
12589,5019,3,1,969.63,969.63
12590,5019,11,3,1047.94,3143.82
12591,5020,6,1,102.56,102.56
12592,5021,18,1,1827.69,1827.69
12593,5021,5,4,179.18,716.72
12594,5022,12,2,256.19,512.38
12595,5022,4,4,362.74,1450.96
12596,5022,19,3,1420.14,4260.42
12597,5023,19,2,1172.32,2344.64
12598,5023,18,2,1555.1,3110.2
12599,5024,14,2,159.7,319.4
12600,5024,11,3,897.12,2691.36
12601,5024,13,2,550.07,1100.14
12602,5024,8,2,531.37,1062.74
12603,5025,8,3,481.71,1445.13
12604,5025,1,5,2197.2,10986.0
12605,5025,2,3,674.11,2022.33
12606,5025,1,5,1959.01,9795.05
12607,5026,9,6,1969.15,11814.9
12608,5026,17,2,1762.58,3525.16
12609,5027,2,6,907.16,5442.96
12610,5027,11,4,1075.63,4302.52
12611,5028,13,3,402.73,1208.19
12612,5028,16,1,1223.31,1223.31
12613,5028,1,3,1770.37,5311.11
12614,5028,16,2,1058.12,2116.24
12615,5029,4,4,452.92,1811.68
12616,5030,8,2,498.72,997.44
12617,5030,15,4,905.57,3622.28
12618,5030,11,2,969.02,1938.04
12619,5031,3,2,951.24,1902.48
12620,5032,18,2,1816.03,3632.06
12621,5032,8,2,473.54,947.08
12622,5032,7,3,526.7,1580.1
12623,5032,12,4,222.8,891.2
12624,5033,15,6,930.23,5581.38
12625,5033,5,3,208.5,625.5
12626,5033,20,3,236.23,708.69
12627,5034,7,3,711.9,2135.7
12628,5034,7,1,667.92,667.92
12629,5034,14,4,132.0,528.0
12630,5035,7,2,572.61,1145.22
12631,5035,5,1,166.03,166.03
12632,5035,15,3,1013.53,3040.59
12633,5035,10,1,897.01,897.01
12634,5036,6,2,126.93,253.86
12635,5036,15,2,810.51,1621.02
12636,5037,3,1,856.25,856.25
12637,5037,12,1,228.54,228.54
12638,5037,9,3,2167.0,6501.0
12639,5038,16,1,1085.97,1085.97
12640,5038,16,4,1287.76,5151.04
12641,5038,10,1,871.56,871.56
12642,5038,10,4,971.22,3884.88
12643,5039,6,6,124.04,744.24
12644,5039,5,5,158.42,792.1
12645,5040,5,6,210.45,1262.7
12646,5040,14,1,121.05,121.05
12647,5040,2,4,906.88,3627.52
12648,5040,3,3,842.34,2527.02
12649,5041,18,2,1917.53,3835.06
12650,5041,11,2,914.11,1828.22
12651,5042,2,3,901.12,2703.36
12652,5042,2,3,882.3,2646.9
12653,5042,6,4,119.25,477.0
12654,5042,13,1,430.23,430.23
12655,5043,14,2,159.19,318.38
12656,5044,6,1,137.37,137.37
12657,5044,5,3,154.96,464.88
12658,5044,17,3,2095.07,6285.21
12659,5044,6,2,121.06,242.12
12660,5045,6,3,116.83,350.49
12661,5046,17,4,2112.47,8449.88
12662,5046,14,4,125.92,503.68
12663,5046,17,5,1791.18,8955.9
12664,5046,12,2,238.79,477.58
12665,5047,12,3,225.07,675.21
12666,5047,8,4,504.94,2019.76
12667,5047,16,4,1067.71,4270.84
12668,5047,19,3,1177.52,3532.56
12669,5048,10,6,974.16,5844.96
12670,5048,19,4,1028.35,4113.4
12671,5048,16,3,1212.69,3638.07
12672,5048,11,3,891.63,2674.89
12673,5049,6,2,131.0,262.0
12674,5050,6,3,114.07,342.21
12675,5050,1,1,1953.63,1953.63
12676,5051,19,2,1314.69,2629.38
12677,5051,11,3,967.0,2901.0
12678,5051,5,3,197.98,593.94
12679,5052,5,5,193.35,966.75
12680,5052,18,4,1546.91,6187.64
12681,5053,16,4,1084.22,4336.88
12682,5053,1,3,1754.94,5264.82
12683,5053,4,2,354.77,709.54
12684,5053,7,3,605.08,1815.24
12685,5054,19,4,1293.11,5172.44
12686,5055,9,2,1727.87,3455.74
12687,5055,10,1,912.27,912.27
12688,5055,18,4,1714.04,6856.16
12689,5056,3,4,974.39,3897.56
12690,5056,7,3,604.94,1814.82
12691,5056,13,2,464.44,928.88
12692,5056,20,4,230.15,920.6
12693,5057,3,4,965.68,3862.72
12694,5058,17,3,2148.57,6445.71
12695,5058,4,3,414.23,1242.69
12696,5058,17,2,2127.22,4254.44
12697,5058,1,1,1856.67,1856.67
12698,5059,6,3,134.68,404.04
12699,5060,7,3,668.0,2004.0
12700,5060,10,3,793.24,2379.72
12701,5061,9,3,2128.99,6386.97
12702,5061,14,3,148.83,446.49
12703,5061,2,2,858.77,1717.54
12704,5061,20,2,214.71,429.42
12705,5062,6,4,104.82,419.28
12706,5062,20,1,219.46,219.46
12707,5063,1,1,1919.62,1919.62
12708,5063,3,5,820.91,4104.55
12709,5063,14,1,160.98,160.98
12710,5064,11,3,1067.77,3203.31
12711,5064,4,4,434.53,1738.12
12712,5065,13,2,496.97,993.94
12713,5065,17,2,2185.08,4370.16
12714,5065,5,2,152.97,305.94
12715,5065,5,2,165.36,330.72
12716,5066,12,2,227.12,454.24
12717,5066,7,4,658.49,2633.96
12718,5066,14,6,156.27,937.62
12719,5066,20,2,223.4,446.8
12720,5067,10,3,938.64,2815.92
12721,5067,3,1,803.63,803.63
12722,5068,20,4,222.78,891.12
12723,5068,14,1,123.77,123.77
12724,5068,1,1,1913.96,1913.96
12725,5069,19,3,1039.27,3117.81
12726,5069,16,6,1117.46,6704.76
12727,5069,9,3,2225.87,6677.61
12728,5069,18,2,1648.65,3297.3
12729,5070,14,4,161.43,645.72
12730,5071,8,1,453.26,453.26
12731,5071,17,2,1690.66,3381.32
12732,5071,15,2,773.49,1546.98
12733,5072,11,3,850.2,2550.6
12734,5072,5,4,206.86,827.44
12735,5072,3,2,1010.18,2020.36
12736,5072,7,2,596.04,1192.08
12737,5073,19,3,1166.11,3498.33
12738,5074,2,4,786.53,3146.12
12739,5074,10,2,960.8,1921.6
12740,5074,18,1,1559.63,1559.63
12741,5075,5,4,201.96,807.84
12742,5075,5,3,165.71,497.13
12743,5075,19,6,1315.74,7894.44
12744,5076,1,3,2143.79,6431.37
12745,5076,19,2,1290.85,2581.7
12746,5076,14,2,142.03,284.06
12747,5077,18,1,1503.84,1503.84
12748,5077,20,3,256.0,768.0
12749,5077,19,3,1037.99,3113.97
12750,5078,4,1,426.25,426.25
12751,5078,20,1,230.82,230.82
12752,5078,13,3,500.46,1501.38
12753,5078,15,3,867.22,2601.66
12754,5079,18,6,1584.53,9507.18
12755,5079,18,2,1427.83,2855.66
12756,5079,16,3,1262.37,3787.11
12757,5079,11,6,988.11,5928.66
12758,5080,8,4,505.62,2022.48
12759,5080,19,2,1251.0,2502.0
12760,5080,13,6,506.86,3041.16
12761,5080,13,3,494.57,1483.71
12762,5081,6,2,138.82,277.64
12763,5082,11,2,802.5,1605.0
12764,5083,4,2,377.3,754.6
12765,5083,2,2,814.54,1629.08
12766,5083,19,2,1302.39,2604.78
12767,5084,12,1,282.61,282.61
12768,5084,6,2,113.15,226.3
12769,5084,6,3,127.67,383.01
12770,5084,16,2,1242.73,2485.46
12771,5085,16,5,1069.52,5347.6
12772,5085,2,2,872.67,1745.34
12773,5085,8,3,555.98,1667.94
12774,5086,20,1,240.9,240.9
12775,5087,3,2,916.79,1833.58
12776,5087,3,2,866.36,1732.72
12777,5087,7,4,639.96,2559.84
12778,5087,15,1,844.38,844.38
12779,5088,9,2,2237.17,4474.34
12780,5088,18,1,1547.27,1547.27
12781,5088,6,2,134.38,268.76
12782,5089,13,2,429.41,858.82
12783,5090,12,2,210.59,421.18
12784,5090,8,3,521.11,1563.33
12785,5090,4,2,427.15,854.3
12786,5090,2,4,919.14,3676.56
12787,5091,20,3,241.39,724.17
12788,5091,4,4,437.31,1749.24
12789,5092,7,2,692.44,1384.88
12790,5092,2,4,898.71,3594.84
12791,5093,10,4,830.36,3321.44
12792,5093,7,5,620.34,3101.7
12793,5094,9,6,1760.0,10560.0
12794,5094,3,4,955.53,3822.12
12795,5094,2,2,740.64,1481.28
12796,5095,16,2,1330.37,2660.74
12797,5095,14,2,128.25,256.5
12798,5096,8,3,567.32,1701.96
12799,5096,19,1,1232.47,1232.47
12800,5096,3,2,760.95,1521.9
12801,5097,19,2,1347.39,2694.78
12802,5097,18,2,1768.77,3537.54
12803,5097,13,4,518.06,2072.24
12804,5098,12,2,209.56,419.12
12805,5098,19,3,1333.06,3999.18
12806,5098,11,3,940.91,2822.73
12807,5099,15,3,863.08,2589.24
12808,5099,10,1,727.7,727.7
12809,5099,11,3,1083.7,3251.1
12810,5100,14,1,126.97,126.97
12811,5100,5,1,191.18,191.18
12812,5100,6,6,115.02,690.12
12813,5100,10,1,974.61,974.61
12814,5101,2,2,896.45,1792.9
12815,5101,15,1,885.66,885.66
12816,5102,10,3,937.77,2813.31
12817,5102,4,2,374.92,749.84
12818,5102,13,2,435.59,871.18
12819,5102,9,1,2257.92,2257.92
12820,5103,20,3,208.31,624.93
12821,5103,18,2,1813.71,3627.42
12822,5104,1,2,1999.91,3999.82
12823,5104,12,1,233.73,233.73
12824,5104,16,3,1062.38,3187.14
12825,5105,2,2,928.35,1856.7
12826,5105,9,5,1727.36,8636.8
12827,5105,7,6,591.38,3548.28
12828,5106,20,2,192.66,385.32
12829,5106,4,3,390.65,1171.95
12830,5106,1,4,2206.37,8825.48
12831,5106,5,2,153.62,307.24
12832,5107,14,4,158.46,633.84
12833,5108,9,3,1725.56,5176.68
12834,5109,13,4,529.96,2119.84
12835,5109,8,1,546.52,546.52
12836,5109,10,2,723.15,1446.3
12837,5110,9,1,2239.98,2239.98
12838,5110,16,4,1070.76,4283.04
12839,5110,6,3,108.23,324.69
12840,5110,9,1,1800.22,1800.22
12841,5111,12,2,220.05,440.1
12842,5112,20,4,197.13,788.52
12843,5112,14,2,127.26,254.52
12844,5112,1,3,2079.43,6238.29
12845,5113,8,4,605.74,2422.96
12846,5113,8,6,466.21,2797.26
12847,5114,14,4,158.14,632.56
12848,5114,15,3,808.08,2424.24
12849,5114,10,3,779.26,2337.78
12850,5115,18,4,1593.32,6373.28
12851,5115,11,2,1073.42,2146.84
12852,5115,15,2,794.37,1588.74
12853,5115,9,2,2043.58,4087.16
12854,5116,20,3,246.32,738.96
12855,5116,12,3,253.56,760.68
12856,5116,9,2,1899.29,3798.58
12857,5117,9,3,1753.16,5259.48
12858,5118,4,4,446.73,1786.92
12859,5118,3,5,824.13,4120.65
12860,5118,2,3,676.02,2028.06
12861,5119,5,2,161.94,323.88
12862,5120,20,3,229.84,689.52
12863,5120,20,3,207.76,623.28
12864,5120,12,3,279.44,838.32
12865,5121,12,4,276.81,1107.24
12866,5122,20,2,197.92,395.84
12867,5122,9,2,1942.62,3885.24
12868,5123,14,1,157.74,157.74
12869,5123,11,4,1037.32,4149.28
12870,5124,19,4,1387.73,5550.92
12871,5124,19,6,1225.34,7352.04
12872,5124,16,4,1151.11,4604.44
12873,5124,8,3,625.51,1876.53
12874,5125,12,2,236.36,472.72
12875,5125,18,4,1658.55,6634.2
12876,5125,18,2,1458.45,2916.9
12877,5125,11,2,1067.01,2134.02
12878,5126,12,1,230.17,230.17
12879,5126,1,3,1655.4,4966.2
12880,5126,12,5,207.93,1039.65
12881,5126,15,5,881.32,4406.6
12882,5127,3,3,788.2,2364.6
12883,5127,12,1,259.79,259.79
12884,5127,16,4,1024.12,4096.48
12885,5127,16,5,1332.77,6663.85
12886,5128,7,4,574.25,2297.0
12887,5129,18,5,1701.96,8509.8
12888,5129,20,1,187.9,187.9
12889,5129,3,5,788.85,3944.25
12890,5130,3,1,886.09,886.09
12891,5130,7,1,595.92,595.92
12892,5131,20,1,207.73,207.73
12893,5131,14,1,140.55,140.55
12894,5132,13,3,423.39,1270.17
12895,5132,13,3,437.79,1313.37
12896,5132,2,3,752.33,2256.99
12897,5132,6,6,118.82,712.92
12898,5133,18,2,1465.02,2930.04
12899,5133,12,2,228.42,456.84
12900,5133,2,2,903.46,1806.92
12901,5133,1,4,2097.53,8390.12
12902,5134,20,4,192.85,771.4
12903,5134,7,3,565.48,1696.44
12904,5134,15,3,871.04,2613.12
12905,5134,5,1,168.96,168.96
12906,5135,12,3,209.79,629.37
12907,5135,12,2,219.33,438.66
12908,5135,18,3,1695.3,5085.9
12909,5135,1,5,2015.71,10078.55
12910,5136,4,3,462.32,1386.96
12911,5137,18,1,1881.09,1881.09
12912,5138,6,3,132.33,396.99
12913,5138,6,1,111.67,111.67
12914,5138,4,3,413.51,1240.53
12915,5139,12,3,240.12,720.36
12916,5139,12,2,232.79,465.58
12917,5139,19,3,1316.46,3949.38
12918,5140,14,2,142.93,285.86
12919,5141,5,4,159.5,638.0
12920,5142,7,3,604.11,1812.33
12921,5142,1,5,1672.05,8360.25
12922,5142,2,5,689.49,3447.45
12923,5143,1,3,2167.47,6502.41
12924,5143,9,2,2154.61,4309.22
12925,5143,20,1,203.08,203.08
12926,5143,5,3,188.63,565.89
12927,5144,4,3,355.84,1067.52
12928,5145,14,2,133.98,267.96
12929,5145,8,1,622.83,622.83
12930,5145,6,3,132.43,397.29
12931,5145,6,1,127.52,127.52
12932,5146,1,5,1651.09,8255.45
12933,5146,3,3,816.56,2449.68
12934,5146,13,1,537.39,537.39
12935,5146,11,2,980.41,1960.82
12936,5147,16,1,1310.23,1310.23
12937,5148,10,3,774.52,2323.56
12938,5148,8,1,473.54,473.54
12939,5149,1,2,2009.19,4018.38
12940,5149,7,4,594.71,2378.84
12941,5149,11,2,974.15,1948.3
12942,5149,5,4,182.77,731.08
12943,5150,18,4,1618.86,6475.44
12944,5150,5,2,184.01,368.02
12945,5151,2,5,722.6,3613.0
12946,5151,14,2,145.14,290.28
12947,5152,4,1,386.39,386.39
12948,5152,12,2,269.61,539.22
12949,5152,10,1,821.27,821.27
12950,5153,11,2,995.88,1991.76
12951,5153,6,1,132.11,132.11
12952,5153,2,4,777.03,3108.12
12953,5154,8,2,512.84,1025.68
12954,5154,17,2,2127.28,4254.56
12955,5155,1,1,2139.15,2139.15
12956,5155,19,6,1074.19,6445.14
12957,5155,12,4,250.56,1002.24
12958,5155,6,4,117.37,469.48
12959,5156,6,4,124.96,499.84
12960,5156,11,2,818.2,1636.4
12961,5156,4,3,355.06,1065.18
12962,5156,13,3,440.46,1321.38
12963,5157,15,1,983.85,983.85
12964,5157,20,5,189.58,947.9
12965,5157,2,1,769.01,769.01
12966,5158,19,3,1154.17,3462.51
12967,5158,20,2,198.34,396.68
12968,5158,19,4,1315.61,5262.44
12969,5159,18,6,1719.77,10318.62
12970,5159,7,2,696.15,1392.3
12971,5159,7,3,705.92,2117.76
12972,5160,20,3,210.34,631.02
12973,5160,14,1,158.88,158.88
12974,5160,1,1,1758.74,1758.74
12975,5161,12,2,249.1,498.2
12976,5161,1,4,1696.59,6786.36
12977,5162,1,4,1675.92,6703.68
12978,5163,2,1,853.0,853.0
12979,5163,10,1,731.48,731.48
12980,5163,17,3,2025.98,6077.94
12981,5164,13,3,407.55,1222.65
12982,5165,5,2,204.71,409.42
12983,5166,19,2,1124.86,2249.72
12984,5166,4,5,402.93,2014.65
12985,5166,16,2,1056.1,2112.2
12986,5167,4,4,444.77,1779.08
12987,5167,2,5,834.49,4172.45
12988,5168,10,1,763.09,763.09
12989,5168,16,2,1298.15,2596.3
12990,5168,20,2,198.6,397.2
12991,5168,12,3,280.92,842.76
12992,5169,11,4,972.91,3891.64
12993,5170,14,1,127.19,127.19
12994,5171,1,1,2065.08,2065.08
12995,5171,17,4,2209.05,8836.2
12996,5171,16,1,1216.57,1216.57
12997,5171,8,4,556.48,2225.92
12998,5172,1,5,2049.67,10248.35
12999,5172,17,3,2234.18,6702.54
13000,5173,5,2,200.23,400.46
13001,5174,15,3,863.53,2590.59
13002,5175,13,4,402.36,1609.44
13003,5175,5,2,202.04,404.08
13004,5175,2,5,766.35,3831.75
13005,5175,7,1,637.72,637.72
13006,5176,1,3,1966.24,5898.72
13007,5176,7,4,551.95,2207.8
13008,5176,4,6,435.69,2614.14
13009,5176,16,2,1309.09,2618.18
13010,5177,3,2,748.27,1496.54
13011,5177,7,3,682.84,2048.52
13012,5177,5,4,210.81,843.24
13013,5178,15,2,834.4,1668.8
13014,5179,7,3,525.15,1575.45
13015,5179,5,2,163.03,326.06
13016,5180,17,6,1914.94,11489.64
13017,5180,6,2,103.33,206.66
13018,5180,20,2,241.1,482.2
13019,5181,1,3,1944.28,5832.84
13020,5181,10,4,718.69,2874.76
13021,5182,8,1,537.54,537.54
13022,5182,3,3,984.88,2954.64
13023,5182,5,5,170.04,850.2
13024,5182,6,1,133.6,133.6
13025,5183,19,3,1323.68,3971.04
13026,5183,1,1,1806.35,1806.35
13027,5183,11,3,833.34,2500.02
13028,5184,5,3,154.59,463.77
13029,5185,13,5,406.17,2030.85
13030,5186,6,2,108.99,217.98
13031,5187,7,1,538.35,538.35
13032,5187,4,4,436.32,1745.28
13033,5187,4,4,440.53,1762.12
13034,5188,15,3,802.86,2408.58
13035,5188,5,4,195.65,782.6
13036,5189,4,4,457.34,1829.36
13037,5190,10,4,927.54,3710.16
13038,5191,19,3,1205.19,3615.57
13039,5192,5,3,199.31,597.93
13040,5193,20,3,254.16,762.48
13041,5193,3,3,875.26,2625.78
13042,5193,14,3,140.2,420.6
13043,5193,18,3,1821.55,5464.65
13044,5194,20,4,207.76,831.04
13045,5194,20,3,209.78,629.34
13046,5194,10,2,774.3,1548.6
13047,5195,6,3,133.01,399.03
13048,5195,2,2,847.9,1695.8
13049,5195,16,2,973.1,1946.2
13050,5196,1,2,1862.19,3724.38
13051,5197,20,1,241.92,241.92
13052,5197,5,4,202.52,810.08
13053,5197,1,4,1665.02,6660.08
13054,5197,11,1,1057.91,1057.91
13055,5198,9,1,2189.4,2189.4
13056,5198,2,3,855.03,2565.09
13057,5199,6,2,111.57,223.14
13058,5199,2,1,711.6,711.6
13059,5199,2,1,890.58,890.58
13060,5200,14,5,152.02,760.1
13061,5200,14,3,163.12,489.36
13062,5200,6,2,113.85,227.7
13063,5200,6,1,115.69,115.69
13064,5201,4,1,404.25,404.25
13065,5201,19,3,1215.46,3646.38
13066,5201,15,3,819.7,2459.1
13067,5202,8,5,551.4,2757.0
13068,5203,4,2,358.84,717.68
13069,5203,20,3,193.12,579.36
13070,5203,3,2,890.71,1781.42
13071,5203,4,2,420.37,840.74
13072,5204,13,5,446.46,2232.3
13073,5205,17,2,1858.15,3716.3
13074,5205,18,3,1862.04,5586.12
13075,5206,14,1,140.0,140.0
13076,5206,8,2,555.58,1111.16
13077,5206,12,5,272.14,1360.7
13078,5207,5,3,184.58,553.74
13079,5208,15,2,819.66,1639.32
13080,5209,20,4,187.53,750.12
13081,5210,10,3,899.91,2699.73
13082,5210,12,1,229.08,229.08
13083,5210,15,3,938.32,2814.96
13084,5210,10,2,965.93,1931.86
13085,5211,20,5,212.01,1060.05
13086,5211,3,1,914.49,914.49
13087,5212,4,3,396.24,1188.72
13088,5213,13,2,426.67,853.34
13089,5214,17,2,1729.49,3458.98
13090,5214,17,1,2022.17,2022.17
13091,5215,12,1,257.93,257.93
13092,5215,14,1,128.86,128.86
13093,5216,11,1,1014.67,1014.67
13094,5216,11,1,961.34,961.34
13095,5216,6,2,135.8,271.6
13096,5216,17,1,1739.23,1739.23
13097,5217,13,3,465.06,1395.18
13098,5217,17,2,1712.23,3424.46
13099,5217,13,1,494.94,494.94
13100,5217,8,2,484.55,969.1
13101,5218,3,4,963.27,3853.08
13102,5218,1,5,2171.92,10859.6
13103,5218,8,5,604.04,3020.2
13104,5218,18,6,1610.9,9665.4
13105,5219,12,3,210.75,632.25
13106,5219,9,5,1890.24,9451.2
13107,5219,16,3,1320.73,3962.19
13108,5219,6,1,137.67,137.67
13109,5220,11,4,1083.41,4333.64
13110,5220,12,3,260.59,781.77
13111,5220,19,1,1328.32,1328.32
13112,5220,20,4,227.02,908.08
13113,5221,18,4,1457.37,5829.48
13114,5221,4,2,455.73,911.46
13115,5222,6,5,104.51,522.55
13116,5223,10,4,820.45,3281.8
13117,5224,1,3,1879.56,5638.68
13118,5224,19,2,1181.43,2362.86
13119,5224,18,1,1643.97,1643.97
13120,5225,19,2,1103.05,2206.1
13121,5225,8,3,519.4,1558.2
13122,5225,15,4,1001.88,4007.52
13123,5226,16,1,1264.72,1264.72
13124,5226,12,4,259.41,1037.64
13125,5226,4,2,445.51,891.02
13126,5227,14,4,145.6,582.4
13127,5227,10,3,968.62,2905.86
13128,5228,3,2,911.88,1823.76
13129,5228,5,3,211.76,635.28
13130,5228,6,1,122.11,122.11
13131,5228,14,2,145.17,290.34
13132,5229,4,2,458.01,916.02
13133,5230,9,2,2175.66,4351.32
13134,5230,9,3,2176.17,6528.51
13135,5230,2,3,681.14,2043.42
13136,5231,5,4,179.58,718.32
13137,5231,8,5,506.54,2532.7
13138,5231,4,2,461.84,923.68
13139,5231,10,1,786.85,786.85
13140,5232,17,3,1963.14,5889.42
13141,5232,13,3,551.07,1653.21
13142,5232,20,2,212.97,425.94
13143,5232,10,2,791.72,1583.44
13144,5233,9,3,1998.7,5996.1
13145,5233,16,2,970.69,1941.38
13146,5233,14,2,148.77,297.54
13147,5233,14,1,118.11,118.11
13148,5234,17,5,1845.27,9226.35
13149,5234,15,3,840.3,2520.9
13150,5235,4,2,348.59,697.18
13151,5236,11,2,950.07,1900.14
13152,5236,11,1,827.84,827.84
13153,5236,4,1,406.26,406.26
13154,5237,15,1,881.09,881.09
13155,5238,14,1,122.35,122.35
13156,5238,5,2,187.41,374.82
13157,5238,14,3,119.39,358.17
13158,5238,14,6,123.9,743.4
13159,5239,17,3,2154.93,6464.79
13160,5240,8,1,551.49,551.49
13161,5241,17,1,2062.47,2062.47
13162,5241,5,1,170.86,170.86
13163,5242,8,2,593.42,1186.84
13164,5242,11,2,908.3,1816.6
13165,5242,10,1,736.2,736.2
13166,5243,7,5,543.71,2718.55
13167,5244,15,3,811.77,2435.31
13168,5245,4,3,374.77,1124.31
13169,5245,5,1,178.58,178.58
13170,5245,19,2,1260.34,2520.68
13171,5245,8,3,488.9,1466.7
13172,5246,9,2,2083.77,4167.54
13173,5247,18,4,1418.35,5673.4
13174,5248,7,2,579.69,1159.38
13175,5249,2,3,815.22,2445.66
13176,5249,6,4,137.22,548.88
13177,5249,9,1,2375.38,2375.38
13178,5249,17,3,1828.68,5486.04
13179,5250,3,6,823.7,4942.2
13180,5250,12,1,279.92,279.92
13181,5250,13,2,403.36,806.72
13182,5250,18,2,1435.67,2871.34
13183,5251,14,3,162.04,486.12
13184,5251,20,2,205.58,411.16
13185,5252,9,2,2301.91,4603.82
13186,5252,8,3,519.97,1559.91
13187,5253,20,4,228.41,913.64
13188,5253,2,3,856.11,2568.33
13189,5254,19,3,1120.58,3361.74
13190,5254,3,1,960.0,960.0
13191,5255,3,4,885.03,3540.12
13192,5256,13,4,475.44,1901.76
13193,5256,20,4,195.91,783.64
13194,5257,18,2,1771.92,3543.84
13195,5257,2,3,848.18,2544.54
13196,5258,16,5,1152.87,5764.35
13197,5258,10,3,926.95,2780.85
13198,5258,5,4,197.82,791.28
13199,5259,15,3,924.53,2773.59
13200,5259,11,6,1049.2,6295.2
13201,5260,6,1,118.12,118.12
13202,5260,14,3,155.99,467.97
13203,5260,13,4,440.63,1762.52
13204,5261,6,2,103.37,206.74
13205,5262,17,4,2167.15,8668.6
13206,5263,6,6,114.13,684.78
13207,5264,5,2,191.69,383.38
13208,5264,9,2,2253.06,4506.12
13209,5264,18,3,1916.96,5750.88
13210,5264,2,6,850.12,5100.72
13211,5265,14,2,124.51,249.02
13212,5265,16,1,1317.61,1317.61
13213,5266,7,3,594.67,1784.01
13214,5266,19,4,1048.02,4192.08
13215,5266,9,2,2078.87,4157.74
13216,5267,11,4,812.44,3249.76
13217,5267,20,1,235.98,235.98
13218,5267,10,3,891.73,2675.19
13219,5267,18,4,1582.69,6330.76
13220,5268,10,3,799.39,2398.17
13221,5268,6,1,124.11,124.11
13222,5268,16,3,981.25,2943.75
13223,5268,11,3,863.69,2591.07
13224,5269,2,3,863.33,2589.99
13225,5269,19,2,1295.06,2590.12
13226,5270,4,3,418.86,1256.58
13227,5271,4,2,432.58,865.16
13228,5271,15,2,801.58,1603.16
13229,5271,7,3,699.87,2099.61
13230,5272,15,3,819.15,2457.45
13231,5272,19,3,1098.78,3296.34
13232,5272,13,1,441.28,441.28
13233,5272,20,2,219.62,439.24
13234,5273,17,2,1744.69,3489.38
13235,5273,14,5,119.63,598.15
13236,5274,7,3,616.26,1848.78
13237,5274,8,2,569.57,1139.14
13238,5274,4,3,456.87,1370.61
13239,5275,16,2,1138.72,2277.44
13240,5275,19,2,1234.9,2469.8
13241,5275,17,4,2236.11,8944.44
13242,5276,20,1,191.09,191.09
13243,5276,16,2,1242.63,2485.26
13244,5276,3,2,818.89,1637.78
13245,5276,11,1,872.28,872.28
13246,5277,2,5,684.75,3423.75
13247,5277,7,6,548.28,3289.68
13248,5277,10,1,762.44,762.44
13249,5277,17,3,1970.82,5912.46
13250,5278,4,3,406.64,1219.92
13251,5279,7,3,539.75,1619.25
13252,5280,8,4,551.51,2206.04
13253,5280,18,3,1429.58,4288.74
13254,5280,10,6,981.42,5888.52
13255,5281,6,4,110.61,442.44
13256,5281,8,4,460.02,1840.08
13257,5282,14,2,148.83,297.66
13258,5282,4,1,370.73,370.73
13259,5283,8,4,479.92,1919.68
13260,5284,5,3,202.97,608.91
13261,5285,8,2,468.79,937.58
13262,5285,9,3,1750.41,5251.23
13263,5286,14,4,138.97,555.88
13264,5287,19,4,1289.73,5158.92
13265,5287,12,1,261.27,261.27
13266,5288,13,2,415.59,831.18
13267,5289,4,4,468.68,1874.72
13268,5290,4,4,370.26,1481.04
13269,5290,6,2,114.82,229.64
13270,5291,1,2,1900.75,3801.5
13271,5292,10,1,817.32,817.32
13272,5292,10,1,812.11,812.11
13273,5292,2,2,861.38,1722.76
13274,5292,2,2,875.5,1751.0
13275,5293,17,4,1810.28,7241.12
13276,5293,20,5,248.45,1242.25
13277,5293,11,3,861.37,2584.11
13278,5294,10,2,744.6,1489.2
13279,5295,15,4,901.01,3604.04
13280,5295,1,3,1617.8,4853.4
13281,5296,12,2,219.76,439.52
13282,5296,14,1,141.27,141.27
13283,5296,10,3,776.14,2328.42
13284,5297,11,3,926.72,2780.16
13285,5297,17,5,1909.02,9545.1
13286,5297,1,2,2025.85,4051.7
13287,5297,17,4,1837.24,7348.96
13288,5298,6,2,110.09,220.18
13289,5299,8,1,542.86,542.86
13290,5299,4,2,427.88,855.76
13291,5300,13,1,400.22,400.22
13292,5300,16,2,1278.02,2556.04
13293,5300,20,1,222.94,222.94
13294,5300,16,2,1326.25,2652.5
13295,5301,16,3,1138.16,3414.48
13296,5302,15,2,876.73,1753.46
13297,5302,14,2,123.51,247.02
13298,5302,4,2,454.6,909.2
13299,5303,19,3,1394.92,4184.76
13300,5303,1,2,1944.17,3888.34
13301,5304,11,2,974.65,1949.3
13302,5304,3,2,758.77,1517.54
13303,5305,3,2,758.14,1516.28
13304,5306,11,3,975.67,2927.01
13305,5307,9,1,2188.78,2188.78
13306,5307,6,1,117.94,117.94
13307,5307,12,1,273.12,273.12
13308,5307,8,1,567.64,567.64
13309,5308,14,3,126.55,379.65
13310,5308,2,1,725.31,725.31
13311,5308,19,3,1087.65,3262.95
13312,5309,12,2,261.31,522.62
13313,5309,2,4,920.77,3683.08
13314,5310,19,2,1394.42,2788.84
13315,5310,3,4,951.17,3804.68
13316,5311,7,2,535.5,1071.0
13317,5311,16,2,1221.02,2442.04
13318,5312,6,1,103.97,103.97
13319,5313,13,2,423.28,846.56
13320,5314,9,4,2090.83,8363.32
13321,5315,5,3,152.85,458.55
13322,5316,4,2,372.28,744.56
13323,5316,11,2,875.16,1750.32
13324,5316,18,2,1649.7,3299.4
13325,5316,6,3,107.94,323.82
13326,5317,18,2,1705.17,3410.34
13327,5318,17,1,1757.69,1757.69
13328,5318,16,3,1136.83,3410.49
13329,5318,20,1,230.29,230.29
13330,5318,4,3,370.12,1110.36
13331,5319,6,1,133.89,133.89
13332,5319,2,3,917.08,2751.24
13333,5320,5,2,193.33,386.66
13334,5320,16,1,1270.71,1270.71
13335,5320,12,1,279.86,279.86
13336,5320,6,3,127.11,381.33
13337,5321,14,2,131.47,262.94
13338,5321,6,2,127.42,254.84
13339,5321,2,4,880.12,3520.48
13340,5322,9,1,2183.8,2183.8
13341,5322,2,4,907.29,3629.16
13342,5322,11,1,926.09,926.09
13343,5323,9,3,1792.39,5377.17
13344,5323,1,4,1756.14,7024.56
13345,5324,19,3,1269.96,3809.88
13346,5324,3,4,1010.37,4041.48
13347,5325,5,5,194.41,972.05
13348,5325,19,4,1199.94,4799.76
13349,5326,2,3,917.9,2753.7
13350,5326,1,5,2060.51,10302.55
13351,5326,9,3,2039.78,6119.34
13352,5326,17,3,2042.75,6128.25
13353,5327,9,5,1812.82,9064.1
13354,5327,17,4,1721.55,6886.2
13355,5327,7,2,644.98,1289.96
13356,5327,16,3,1244.11,3732.33
13357,5328,7,2,582.78,1165.56
13358,5328,17,3,2231.11,6693.33
13359,5328,6,1,136.76,136.76
13360,5328,6,3,131.54,394.62
13361,5329,1,4,1760.75,7043.0
13362,5329,15,4,939.99,3759.96
13363,5329,3,1,985.1,985.1
13364,5329,20,1,192.44,192.44
13365,5330,7,2,643.41,1286.82
13366,5330,17,1,2047.08,2047.08
13367,5330,10,2,761.38,1522.76
13368,5331,5,4,203.8,815.2
13369,5331,13,1,434.32,434.32
13370,5331,1,2,1960.42,3920.84
13371,5332,7,2,571.98,1143.96
13372,5332,6,3,121.12,363.36
13373,5332,5,1,208.73,208.73
13374,5333,16,2,1084.4,2168.8
13375,5333,2,2,696.84,1393.68
13376,5334,2,2,858.49,1716.98
13377,5335,19,3,1380.11,4140.33
13378,5335,4,2,407.47,814.94
13379,5335,14,3,157.06,471.18
13380,5335,9,4,1729.35,6917.4
13381,5336,3,1,776.93,776.93
13382,5336,20,2,253.98,507.96
13383,5336,16,3,1235.91,3707.73
13384,5336,2,3,858.74,2576.22
13385,5337,19,5,1230.71,6153.55
13386,5337,2,2,785.66,1571.32
13387,5337,15,2,766.56,1533.12
13388,5337,20,2,199.01,398.02
13389,5338,1,2,2195.15,4390.3
13390,5338,15,4,818.32,3273.28
13391,5339,13,4,458.83,1835.32
13392,5339,12,1,215.59,215.59
13393,5339,15,6,853.21,5119.26
13394,5339,5,2,169.86,339.72
13395,5340,5,3,171.39,514.17
13396,5340,2,6,757.21,4543.26
13397,5340,11,4,956.47,3825.88
13398,5341,9,1,2085.97,2085.97
13399,5341,17,3,1941.42,5824.26
13400,5341,3,3,917.77,2753.31
13401,5341,4,3,418.56,1255.68
13402,5342,18,3,1890.02,5670.06
13403,5342,16,4,1222.98,4891.92
13404,5343,20,3,208.22,624.66
13405,5344,6,3,119.89,359.67
13406,5344,3,3,918.67,2756.01
13407,5344,2,3,674.96,2024.88
13408,5345,3,3,797.41,2392.23
13409,5346,4,2,365.98,731.96
13410,5346,10,2,854.43,1708.86
13411,5347,5,2,211.66,423.32
13412,5347,13,3,442.11,1326.33
13413,5347,9,3,1938.96,5816.88
13414,5347,1,2,1919.03,3838.06
13415,5348,11,5,1061.11,5305.55
13416,5348,20,1,228.06,228.06
13417,5349,9,5,2003.07,10015.35
13418,5350,9,1,1971.36,1971.36
13419,5350,15,1,879.13,879.13
13420,5351,9,3,2182.47,6547.41
13421,5351,17,1,1817.06,1817.06
13422,5352,5,3,188.45,565.35
13423,5352,20,4,191.43,765.72
13424,5352,14,4,159.06,636.24
13425,5353,4,2,466.31,932.62
13426,5353,14,1,126.48,126.48
13427,5353,17,3,1880.36,5641.08
13428,5354,19,1,1406.13,1406.13
13429,5355,19,3,1313.13,3939.39
13430,5355,5,1,209.22,209.22
13431,5355,6,3,116.1,348.3
13432,5355,16,4,982.74,3930.96
13433,5356,1,3,1898.93,5696.79
13434,5356,13,2,422.65,845.3
13435,5356,6,2,122.75,245.5
13436,5356,17,2,1862.75,3725.5
13437,5357,2,5,719.58,3597.9
13438,5357,14,2,133.76,267.52
13439,5358,19,1,1044.55,1044.55
13440,5358,17,2,2154.87,4309.74
13441,5358,8,4,617.7,2470.8
13442,5359,12,4,265.58,1062.32
13443,5360,20,3,236.8,710.4
13444,5361,13,2,542.96,1085.92
13445,5361,1,3,2044.02,6132.06
13446,5361,2,6,912.88,5477.28
13447,5361,7,3,710.75,2132.25
13448,5362,12,2,230.72,461.44
13449,5363,19,2,1071.54,2143.08
13450,5363,12,4,238.48,953.92
13451,5364,18,3,1914.02,5742.06
13452,5364,1,4,2198.25,8793.0
13453,5364,7,3,707.72,2123.16
13454,5365,3,6,891.78,5350.68
13455,5365,20,3,231.31,693.93
13456,5365,2,1,718.75,718.75
13457,5366,18,1,1469.34,1469.34
13458,5366,3,2,1010.36,2020.72
13459,5366,5,1,187.35,187.35
13460,5366,2,1,842.32,842.32
13461,5367,2,3,694.42,2083.26
13462,5368,17,2,2070.16,4140.32
13463,5368,19,1,1305.61,1305.61
13464,5368,13,3,516.41,1549.23
13465,5369,16,5,1093.05,5465.25
13466,5370,7,3,627.09,1881.27
13467,5370,20,2,252.93,505.86
13468,5371,17,3,2224.01,6672.03
13469,5372,10,2,874.15,1748.3
13470,5372,10,3,858.35,2575.05
13471,5372,11,3,909.88,2729.64
13472,5372,13,3,507.59,1522.77
13473,5373,6,4,121.14,484.56
13474,5373,16,2,1301.27,2602.54
13475,5374,14,3,150.59,451.77
13476,5374,8,3,468.87,1406.61
13477,5374,1,5,2137.46,10687.3
13478,5374,9,3,2360.47,7081.41
13479,5375,8,2,506.61,1013.22
13480,5376,12,1,244.63,244.63
13481,5377,14,3,128.03,384.09
13482,5377,10,4,759.59,3038.36
13483,5377,4,2,418.82,837.64
13484,5378,13,3,524.88,1574.64
13485,5379,3,2,928.98,1857.96
13486,5379,14,2,136.12,272.24
13487,5379,17,1,1825.3,1825.3
13488,5380,2,2,708.98,1417.96
13489,5380,15,5,974.96,4874.8
13490,5381,6,2,101.89,203.78
13491,5382,8,1,461.3,461.3
13492,5383,1,4,2016.95,8067.8
13493,5383,1,4,1833.16,7332.64
13494,5383,12,2,237.65,475.3
13495,5383,17,3,1987.07,5961.21
13496,5384,16,3,1316.43,3949.29
13497,5384,8,3,537.87,1613.61
13498,5385,12,1,229.93,229.93
13499,5385,9,1,2246.17,2246.17
13500,5385,14,3,129.36,388.08
13501,5385,19,3,1359.56,4078.68
13502,5386,6,3,110.28,330.84
13503,5386,10,2,828.17,1656.34
13504,5386,2,3,843.69,2531.07
13505,5386,17,2,1918.89,3837.78
13506,5387,13,3,491.4,1474.2
13507,5387,12,2,280.0,560.0
13508,5387,15,3,800.64,2401.92
13509,5387,17,4,2075.62,8302.48
13510,5388,7,5,682.72,3413.6
13511,5388,14,4,123.66,494.64
13512,5389,16,2,968.38,1936.76
13513,5389,20,3,241.62,724.86
13514,5389,18,5,1645.06,8225.3
13515,5390,15,1,858.46,858.46
13516,5391,20,4,243.69,974.76
13517,5391,20,1,217.84,217.84
13518,5392,14,3,158.13,474.39
13519,5392,4,1,459.83,459.83
13520,5392,3,1,965.04,965.04
13521,5393,11,2,864.38,1728.76
13522,5393,1,4,2190.64,8762.56
13523,5393,15,3,998.27,2994.81
13524,5394,4,1,426.93,426.93
13525,5394,2,3,733.48,2200.44
13526,5394,13,2,419.51,839.02
13527,5394,2,5,790.9,3954.5
13528,5395,10,1,888.27,888.27
13529,5396,13,3,485.36,1456.08
13530,5396,7,3,615.97,1847.91
13531,5396,18,3,1884.21,5652.63
13532,5397,3,2,828.06,1656.12
13533,5397,16,3,1111.53,3334.59
13534,5397,3,2,802.1,1604.2
13535,5398,1,3,2076.02,6228.06
13536,5399,18,2,1845.51,3691.02
13537,5399,13,2,495.81,991.62
13538,5399,19,2,1140.29,2280.58
13539,5399,14,4,135.86,543.44
13540,5400,17,3,1810.84,5432.52
13541,5400,18,3,1711.89,5135.67
13542,5401,17,1,1982.41,1982.41
13543,5402,18,1,1613.56,1613.56
13544,5402,7,2,666.51,1333.02
13545,5403,8,3,461.83,1385.49
13546,5404,17,4,2003.47,8013.88
13547,5404,18,1,1851.67,1851.67
13548,5404,9,3,2327.06,6981.18
13549,5405,11,2,844.24,1688.48
13550,5405,8,1,508.4,508.4
13551,5405,9,3,2160.62,6481.86
13552,5405,3,5,798.58,3992.9
13553,5406,11,3,999.07,2997.21
13554,5406,15,1,817.3,817.3
13555,5407,3,2,1010.3,2020.6
13556,5408,10,3,735.53,2206.59
13557,5409,5,4,195.2,780.8
13558,5409,15,2,853.42,1706.84
13559,5409,15,6,959.75,5758.5
13560,5409,14,6,130.39,782.34
13561,5410,15,2,863.72,1727.44
13562,5411,10,2,779.25,1558.5
13563,5412,12,1,263.02,263.02
13564,5412,17,3,1685.64,5056.92
13565,5412,14,1,143.46,143.46
13566,5413,15,2,945.35,1890.7
13567,5413,18,3,1774.88,5324.64
13568,5413,1,3,2052.32,6156.96
13569,5414,17,6,1943.6,11661.6
13570,5415,16,4,1010.96,4043.84
13571,5416,17,2,2026.57,4053.14
13572,5417,2,3,901.32,2703.96
13573,5418,12,2,232.22,464.44
13574,5419,8,3,573.09,1719.27
13575,5419,9,2,2093.38,4186.76
13576,5420,1,3,1812.42,5437.26
13577,5420,1,4,1637.52,6550.08
13578,5420,3,2,954.2,1908.4
13579,5420,12,2,214.41,428.82
13580,5421,13,2,468.1,936.2
13581,5422,17,1,1893.36,1893.36
13582,5423,10,3,877.99,2633.97
13583,5424,20,3,214.25,642.75
13584,5424,18,4,1479.45,5917.8
13585,5425,7,5,709.05,3545.25
13586,5425,13,3,419.06,1257.18
13587,5426,11,1,897.53,897.53
13588,5426,1,4,2050.19,8200.76
13589,5427,11,1,901.63,901.63
13590,5427,7,3,718.18,2154.54
13591,5428,16,1,1199.8,1199.8
13592,5428,9,2,1886.38,3772.76
13593,5429,16,1,1171.62,1171.62
13594,5430,11,1,1085.55,1085.55
13595,5430,3,3,894.2,2682.6
13596,5431,18,2,1867.83,3735.66
13597,5432,15,1,775.33,775.33
13598,5433,15,2,880.62,1761.24
13599,5434,19,3,1092.74,3278.22
13600,5435,15,1,966.77,966.77
13601,5435,19,2,1260.8,2521.6
13602,5435,2,2,919.7,1839.4
13603,5436,17,3,1771.57,5314.71
13604,5436,8,2,623.7,1247.4
13605,5436,6,3,116.75,350.25
13606,5437,17,1,2275.8,2275.8
13607,5437,10,2,864.02,1728.04
13608,5437,10,1,781.07,781.07
13609,5437,8,4,559.23,2236.92
13610,5438,16,3,992.66,2977.98
13611,5439,9,5,2166.21,10831.05
13612,5439,15,2,869.85,1739.7
13613,5439,9,2,1742.55,3485.1
13614,5440,8,1,465.31,465.31
13615,5440,20,2,250.86,501.72
13616,5440,6,3,103.68,311.04
13617,5440,1,2,1964.0,3928.0
13618,5441,9,1,1728.26,1728.26
13619,5441,17,2,1777.86,3555.72
13620,5441,6,2,110.65,221.3
13621,5442,2,2,866.53,1733.06
13622,5442,4,4,407.5,1630.0
13623,5442,17,4,2148.62,8594.48
13624,5443,1,2,2213.78,4427.56
13625,5444,14,4,155.06,620.24
13626,5444,9,2,2261.98,4523.96
13627,5444,12,2,263.12,526.24
13628,5445,2,2,826.94,1653.88
13629,5446,17,3,2022.16,6066.48
13630,5447,13,1,403.27,403.27
13631,5447,10,5,985.89,4929.45
13632,5448,2,2,882.25,1764.5
13633,5449,5,4,175.13,700.52
13634,5449,6,2,107.02,214.04
13635,5450,19,3,1401.95,4205.85
13636,5450,2,1,737.33,737.33
13637,5450,10,2,863.22,1726.44
13638,5451,3,4,797.96,3191.84
13639,5451,3,1,973.18,973.18
13640,5452,14,2,158.89,317.78
13641,5453,18,2,1736.03,3472.06
13642,5453,3,3,936.79,2810.37
13643,5453,6,2,132.85,265.7
13644,5454,9,3,2053.28,6159.84
13645,5454,9,3,1747.4,5242.2
13646,5455,12,1,230.7,230.7
13647,5455,18,3,1462.1,4386.3
13648,5455,20,3,256.68,770.04
13649,5455,7,2,548.16,1096.32
13650,5456,15,4,734.16,2936.64
13651,5456,17,3,1772.15,5316.45
13652,5456,1,4,2111.04,8444.16
13653,5457,7,4,667.94,2671.76
13654,5458,13,2,526.95,1053.9
13655,5459,14,2,132.05,264.1
13656,5460,14,2,159.37,318.74
13657,5460,12,3,228.58,685.74
13658,5461,10,2,791.96,1583.92
13659,5461,19,2,1363.64,2727.28
13660,5462,5,4,189.91,759.64
13661,5462,1,1,1630.44,1630.44
13662,5463,14,3,152.75,458.25
13663,5464,12,3,246.85,740.55
13664,5464,1,2,1642.21,3284.42
13665,5464,3,3,933.73,2801.19
13666,5465,3,3,896.76,2690.28
13667,5465,17,2,1951.06,3902.12
13668,5465,16,1,1084.5,1084.5
13669,5465,1,3,1620.26,4860.78
13670,5466,12,4,221.53,886.12
13671,5467,5,4,175.13,700.52
13672,5467,10,2,914.02,1828.04
13673,5468,12,6,262.72,1576.32
13674,5469,8,1,482.42,482.42
13675,5469,10,2,961.26,1922.52
13676,5470,8,2,474.58,949.16
13677,5470,14,6,149.12,894.72
13678,5471,20,2,245.02,490.04
13679,5471,7,6,599.66,3597.96
13680,5471,5,2,157.47,314.94
13681,5472,6,2,128.29,256.58
13682,5472,18,4,1688.97,6755.88
13683,5472,9,3,1968.45,5905.35
13684,5473,4,6,374.75,2248.5
13685,5473,13,3,494.57,1483.71
13686,5473,6,2,108.77,217.54
13687,5474,5,2,158.28,316.56
13688,5475,12,6,251.26,1507.56
13689,5475,16,2,1102.44,2204.88
13690,5475,12,3,280.44,841.32
13691,5475,16,2,1036.69,2073.38
13692,5476,4,3,350.97,1052.91
13693,5476,19,3,1070.29,3210.87
13694,5476,4,5,387.78,1938.9
13695,5476,14,3,163.23,489.69
13696,5477,13,3,504.84,1514.52
13697,5478,15,2,944.0,1888.0
13698,5478,14,3,153.65,460.95
13699,5478,20,3,209.89,629.67
13700,5478,11,3,1045.25,3135.75
13701,5479,1,5,1705.75,8528.75
13702,5480,20,1,232.94,232.94
13703,5481,19,4,1238.84,4955.36
13704,5481,12,3,263.92,791.76
13705,5482,11,4,908.31,3633.24
13706,5482,18,2,1530.09,3060.18
13707,5482,1,4,1720.83,6883.32
13708,5483,7,3,694.86,2084.58
13709,5483,7,5,553.97,2769.85
13710,5483,6,2,123.01,246.02
13711,5483,10,4,957.25,3829.0
13712,5484,6,2,136.01,272.02
13713,5485,4,3,344.12,1032.36
13714,5485,6,1,100.36,100.36
13715,5485,18,3,1712.57,5137.71
13716,5486,2,2,868.9,1737.8
13717,5486,4,4,456.97,1827.88
13718,5487,1,2,1893.3,3786.6
13719,5487,11,2,990.88,1981.76
13720,5487,8,3,520.4,1561.2
13721,5487,17,2,2017.7,4035.4
13722,5488,4,3,429.35,1288.05
13723,5488,17,5,1891.7,9458.5
13724,5488,7,4,707.4,2829.6
13725,5489,7,3,718.27,2154.81
13726,5489,7,3,689.47,2068.41
13727,5489,7,2,713.57,1427.14
13728,5489,18,1,1691.23,1691.23
13729,5490,17,2,2069.87,4139.74
13730,5491,20,3,253.48,760.44
13731,5491,6,5,111.57,557.85
13732,5492,7,2,584.91,1169.82
13733,5493,18,5,1590.64,7953.2
13734,5493,6,3,123.27,369.81
13735,5493,20,1,243.24,243.24
13736,5493,5,3,202.67,608.01
13737,5494,20,3,246.16,738.48
13738,5494,16,4,978.49,3913.96
13739,5495,15,4,764.81,3059.24
13740,5495,2,3,828.26,2484.78
13741,5495,20,3,245.64,736.92
13742,5496,17,5,1907.57,9537.85
13743,5496,20,1,221.09,221.09
13744,5497,19,5,1259.13,6295.65
13745,5498,15,6,853.32,5119.92
13746,5498,11,4,828.99,3315.96
13747,5499,13,2,412.54,825.08
13748,5499,2,4,856.08,3424.32
13749,5499,1,2,2074.37,4148.74
13750,5499,18,3,1537.13,4611.39
13751,5500,12,3,216.37,649.11
13752,5501,10,2,713.88,1427.76
13753,5501,19,3,1312.11,3936.33
13754,5501,2,4,744.95,2979.8
13755,5501,18,4,1506.81,6027.24
13756,5502,18,3,1589.05,4767.15
13757,5502,6,1,115.02,115.02
13758,5503,16,2,1326.69,2653.38
13759,5504,10,2,886.4,1772.8
13760,5504,9,2,1965.18,3930.36
13761,5504,13,2,517.63,1035.26
13762,5505,15,2,747.08,1494.16
13763,5505,8,4,489.06,1956.24
13764,5506,8,4,554.14,2216.56
13765,5506,14,4,143.12,572.48
13766,5506,14,2,153.08,306.16
13767,5506,17,1,1929.85,1929.85
13768,5507,18,2,1768.26,3536.52
13769,5507,6,2,122.04,244.08
13770,5507,5,1,195.15,195.15
13771,5507,16,3,1119.89,3359.67
13772,5508,15,4,1011.83,4047.32
13773,5509,19,3,1239.63,3718.89
13774,5509,10,3,885.87,2657.61
13775,5509,16,3,998.29,2994.87
13776,5510,6,3,122.35,367.05
13777,5510,15,3,921.04,2763.12
13778,5510,4,2,349.57,699.14
13779,5510,15,1,895.23,895.23
13780,5511,17,6,1745.18,10471.08
13781,5511,18,1,1950.11,1950.11
13782,5512,16,6,1329.46,7976.76
13783,5513,14,5,137.18,685.9
13784,5513,2,3,928.52,2785.56
13785,5513,19,1,1113.78,1113.78
13786,5514,9,2,1753.85,3507.7
13787,5515,4,3,406.1,1218.3
13788,5515,19,2,1258.56,2517.12
13789,5515,7,2,633.87,1267.74
13790,5516,12,3,224.66,673.98
13791,5516,9,1,1826.07,1826.07
13792,5516,4,3,467.08,1401.24
13793,5517,9,2,2097.17,4194.34
13794,5517,11,3,920.55,2761.65
13795,5518,14,4,153.12,612.48
13796,5518,12,3,213.17,639.51
13797,5518,3,1,961.14,961.14
13798,5518,5,2,159.38,318.76
13799,5519,8,3,514.12,1542.36
13800,5520,14,6,125.16,750.96
13801,5521,18,2,1535.78,3071.56
13802,5522,20,3,228.04,684.12
13803,5522,7,3,659.43,1978.29
13804,5523,2,2,856.21,1712.42
13805,5524,16,4,1286.13,5144.52
13806,5524,15,5,750.92,3754.6
13807,5524,18,2,1950.9,3901.8
13808,5524,4,6,446.94,2681.64
13809,5525,12,3,235.52,706.56
13810,5525,13,4,551.02,2204.08
13811,5526,18,2,1769.91,3539.82
13812,5526,12,1,241.52,241.52
13813,5527,18,2,1827.72,3655.44
13814,5527,3,3,876.93,2630.79
13815,5527,18,1,1464.36,1464.36
13816,5528,5,2,199.72,399.44
13817,5528,13,1,535.47,535.47
13818,5528,15,2,827.82,1655.64
13819,5528,11,3,1078.78,3236.34
13820,5529,10,2,796.87,1593.74
13821,5529,15,2,974.07,1948.14
13822,5529,7,1,527.63,527.63
13823,5530,7,2,645.93,1291.86
13824,5530,6,2,111.59,223.18
13825,5530,4,2,467.92,935.84
13826,5531,20,2,203.32,406.64
13827,5531,12,2,263.17,526.34
13828,5531,2,3,782.28,2346.84
13829,5532,8,3,532.18,1596.54
13830,5532,19,2,1311.88,2623.76
13831,5533,12,4,286.51,1146.04
13832,5534,9,4,2236.62,8946.48
13833,5534,1,2,1979.23,3958.46
13834,5534,13,2,424.86,849.72
13835,5534,10,2,774.53,1549.06
13836,5535,10,2,814.81,1629.62
13837,5535,3,3,900.14,2700.42
13838,5535,15,3,946.0,2838.0
13839,5535,14,5,159.89,799.45
13840,5536,20,3,241.72,725.16
13841,5536,6,1,110.24,110.24
13842,5537,5,3,156.97,470.91
13843,5537,3,5,822.99,4114.95
13844,5537,4,5,405.11,2025.55
13845,5538,2,3,802.56,2407.68
13846,5538,2,3,871.48,2614.44
13847,5538,10,3,846.82,2540.46
13848,5539,2,1,903.93,903.93
13849,5540,8,4,459.41,1837.64
13850,5541,5,2,186.73,373.46
13851,5541,17,3,1941.87,5825.61
13852,5541,11,1,805.51,805.51
13853,5541,5,2,173.69,347.38
13854,5542,13,2,445.9,891.8
13855,5542,2,2,690.67,1381.34
13856,5542,4,2,445.21,890.42
13857,5543,13,4,461.62,1846.48
13858,5544,1,3,2015.59,6046.77
13859,5544,7,6,687.48,4124.88
13860,5545,20,3,203.92,611.76
13861,5545,6,5,133.62,668.1
13862,5545,17,2,1805.77,3611.54
13863,5546,11,5,869.17,4345.85
13864,5546,2,3,693.96,2081.88
13865,5546,4,3,448.82,1346.46
13866,5546,6,3,127.86,383.58
13867,5547,6,5,112.48,562.4
13868,5548,9,2,2035.46,4070.92
13869,5548,7,2,690.45,1380.9
13870,5549,13,4,420.91,1683.64
13871,5549,9,1,1838.18,1838.18
13872,5549,5,3,179.28,537.84
13873,5550,12,2,282.74,565.48
13874,5550,11,2,816.8,1633.6
13875,5550,9,3,2335.99,7007.97
13876,5551,8,2,522.75,1045.5
13877,5552,18,2,1944.68,3889.36
13878,5552,16,1,1026.07,1026.07
13879,5553,6,2,110.59,221.18
13880,5553,2,3,921.95,2765.85
13881,5554,1,2,1716.08,3432.16
13882,5554,5,1,200.61,200.61
13883,5554,3,1,899.62,899.62
13884,5554,14,3,145.35,436.05
13885,5555,4,3,393.62,1180.86
13886,5555,19,1,1352.12,1352.12
13887,5555,15,2,830.51,1661.02
13888,5555,18,2,1935.9,3871.8
13889,5556,16,2,1258.03,2516.06
13890,5557,15,4,761.52,3046.08
13891,5557,12,3,215.57,646.71
13892,5558,19,6,1035.33,6211.98
13893,5558,14,1,155.49,155.49
13894,5559,12,4,224.58,898.32
13895,5559,2,4,859.83,3439.32
13896,5560,2,3,794.94,2384.82
13897,5560,8,3,480.68,1442.04
13898,5560,18,2,1844.26,3688.52
13899,5560,15,3,936.13,2808.39
13900,5561,9,2,2027.65,4055.3
13901,5562,9,3,1823.77,5471.31
13902,5562,19,1,1272.08,1272.08
13903,5562,11,2,816.78,1633.56
13904,5562,17,6,2033.3,12199.8
13905,5563,19,2,1354.3,2708.6
13906,5564,11,3,900.5,2701.5
13907,5564,11,2,821.23,1642.46
13908,5565,12,2,262.96,525.92
13909,5566,8,3,461.5,1384.5
13910,5566,17,3,1872.53,5617.59
13911,5567,5,1,194.68,194.68
13912,5567,3,1,919.43,919.43
13913,5568,5,1,165.71,165.71
13914,5568,1,3,1682.59,5047.77
13915,5568,12,3,228.7,686.1
13916,5569,9,3,1790.25,5370.75
13917,5569,11,1,833.61,833.61
13918,5569,2,2,915.49,1830.98
13919,5569,7,2,725.26,1450.52
13920,5570,11,3,1003.98,3011.94
13921,5570,13,3,552.14,1656.42
13922,5570,10,3,735.87,2207.61
13923,5571,12,3,214.13,642.39
13924,5572,7,3,626.49,1879.47
13925,5572,15,5,868.36,4341.8
13926,5572,18,4,1828.26,7313.04
13927,5573,3,2,853.56,1707.12
13928,5573,18,1,1762.92,1762.92
13929,5574,2,6,778.39,4670.34
13930,5574,2,3,844.29,2532.87
13931,5575,12,1,254.3,254.3
13932,5575,17,4,1809.41,7237.64
13933,5576,3,2,942.32,1884.64
13934,5576,17,4,1775.95,7103.8
13935,5576,4,3,412.22,1236.66
13936,5576,18,3,1657.88,4973.64
13937,5577,4,1,422.34,422.34
13938,5577,14,3,124.22,372.66
13939,5578,19,3,1420.37,4261.11
13940,5578,14,1,154.91,154.91
13941,5579,11,1,902.97,902.97
13942,5579,10,3,750.15,2250.45
13943,5579,2,3,873.61,2620.83
13944,5579,5,2,192.75,385.5
13945,5580,11,1,965.84,965.84
13946,5581,20,4,247.9,991.6
13947,5581,1,3,1836.62,5509.86
13948,5581,20,3,223.07,669.21
13949,5582,5,5,193.54,967.7
13950,5582,10,4,735.06,2940.24
13951,5582,5,2,208.53,417.06
13952,5582,14,5,143.64,718.2
13953,5583,19,1,1143.75,1143.75
13954,5583,4,2,465.07,930.14
13955,5584,17,3,2028.1,6084.3
13956,5585,4,2,362.86,725.72
13957,5585,1,3,1839.81,5519.43
13958,5586,13,4,547.67,2190.68
13959,5586,13,1,526.91,526.91
13960,5586,5,2,175.25,350.5
13961,5586,19,3,1405.62,4216.86
13962,5587,6,2,136.48,272.96
13963,5587,11,2,1065.06,2130.12
13964,5587,20,2,220.97,441.94
13965,5587,11,2,933.59,1867.18
13966,5588,17,3,2077.41,6232.23
13967,5588,12,2,226.03,452.06
13968,5589,12,3,252.86,758.58
13969,5589,10,1,971.47,971.47
13970,5589,2,3,757.03,2271.09
13971,5589,7,4,580.87,2323.48
13972,5590,20,2,219.7,439.4
13973,5590,10,2,967.81,1935.62
13974,5590,14,1,145.38,145.38
13975,5591,4,3,377.41,1132.23
13976,5592,16,3,1294.08,3882.24
13977,5592,8,5,593.29,2966.45
13978,5592,4,4,440.67,1762.68
13979,5593,17,3,2331.91,6995.73
13980,5594,12,3,233.93,701.79
13981,5594,5,3,185.41,556.23
13982,5594,14,1,150.25,150.25
13983,5594,10,1,782.99,782.99
13984,5595,9,3,1744.28,5232.84
13985,5595,8,3,560.67,1682.01
13986,5595,16,2,1214.68,2429.36
13987,5595,16,5,1282.12,6410.6
13988,5596,11,1,884.49,884.49
13989,5596,16,3,967.85,2903.55
13990,5596,7,3,553.16,1659.48
13991,5596,9,3,1870.59,5611.77
13992,5597,5,4,156.21,624.84
13993,5597,12,2,244.43,488.86
13994,5598,17,3,1925.3,5775.9
13995,5599,15,1,738.78,738.78
13996,5599,16,2,1072.26,2144.52
13997,5600,11,4,822.14,3288.56
13998,5600,18,5,1621.01,8105.05
13999,5600,3,2,961.67,1923.34
14000,5600,18,4,1864.26,7457.04
14001,5601,8,4,532.37,2129.48
14002,5602,9,2,2148.82,4297.64
14003,5602,9,1,2074.9,2074.9
14004,5602,18,5,1416.27,7081.35
14005,5602,12,3,218.59,655.77
14006,5603,12,1,214.59,214.59
14007,5603,11,3,813.28,2439.84
14008,5604,17,2,2322.6,4645.2
14009,5604,20,3,258.08,774.24
14010,5604,10,1,787.44,787.44
14011,5605,10,4,936.88,3747.52
14012,5605,17,2,2006.08,4012.16
14013,5605,6,4,127.43,509.72
14014,5605,10,3,922.43,2767.29
14015,5606,18,3,1946.99,5840.97
14016,5606,15,5,883.93,4419.65
14017,5607,18,1,1825.06,1825.06
14018,5607,11,4,845.77,3383.08
14019,5608,3,1,939.04,939.04
14020,5608,14,5,121.58,607.9
14021,5608,5,3,200.55,601.65
14022,5608,6,1,125.46,125.46
14023,5609,20,3,233.05,699.15
14024,5609,20,3,218.74,656.22
14025,5609,17,4,1835.09,7340.36
14026,5609,15,5,898.65,4493.25
14027,5610,7,3,718.24,2154.72
14028,5611,9,1,2244.54,2244.54
14029,5611,1,4,2046.73,8186.92
14030,5612,16,2,994.48,1988.96
14031,5613,14,3,151.77,455.31
14032,5614,7,3,679.61,2038.83
14033,5614,19,1,1266.24,1266.24
14034,5615,6,4,118.6,474.4
14035,5615,20,3,222.49,667.47
14036,5615,17,4,1999.63,7998.52
14037,5615,11,1,786.68,786.68
14038,5616,18,3,1921.12,5763.36
14039,5616,4,2,341.6,683.2
14040,5616,14,3,151.74,455.22
14041,5616,11,1,1019.86,1019.86
14042,5617,4,3,343.43,1030.29
14043,5617,7,4,667.12,2668.48
14044,5618,14,4,162.27,649.08
14045,5618,3,2,947.48,1894.96
14046,5618,4,2,442.15,884.3
14047,5618,6,4,123.14,492.56
14048,5619,10,2,885.61,1771.22
14049,5620,20,2,201.82,403.64
14050,5620,3,2,825.87,1651.74
14051,5620,13,3,499.49,1498.47
14052,5621,17,2,1854.94,3709.88
14053,5621,11,4,959.28,3837.12
14054,5622,17,1,2175.36,2175.36
14055,5623,7,5,663.43,3317.15
14056,5624,15,6,776.08,4656.48
14057,5624,7,4,617.62,2470.48
14058,5624,19,2,1064.25,2128.5
14059,5624,12,3,219.76,659.28
14060,5625,3,1,935.71,935.71
14061,5626,10,2,887.04,1774.08
14062,5626,8,1,487.18,487.18
14063,5626,17,4,1832.2,7328.8
14064,5626,10,2,977.58,1955.16
14065,5627,7,2,722.15,1444.3
14066,5628,6,1,104.5,104.5
14067,5629,9,2,2260.6,4521.2
14068,5629,1,2,1911.83,3823.66
14069,5630,17,3,2027.16,6081.48
14070,5631,14,4,124.61,498.44
14071,5631,9,2,2162.17,4324.34
14072,5631,12,2,244.81,489.62
14073,5632,16,3,1109.39,3328.17
14074,5632,19,5,1223.94,6119.7
14075,5632,18,4,1745.18,6980.72
14076,5633,8,3,559.2,1677.6
14077,5633,8,3,549.15,1647.45
14078,5634,15,2,951.81,1903.62
14079,5634,3,4,1026.16,4104.64
14080,5635,16,4,1230.29,4921.16
14081,5635,14,2,136.13,272.26
14082,5635,8,2,619.62,1239.24
14083,5636,17,2,2233.9,4467.8
14084,5637,18,3,1530.67,4592.01
14085,5637,7,3,535.61,1606.83
14086,5637,9,6,2145.92,12875.52
14087,5638,3,2,1014.12,2028.24
14088,5639,17,2,1807.99,3615.98
14089,5639,9,5,2181.11,10905.55
14090,5639,1,3,1832.62,5497.86
14091,5640,20,4,212.19,848.76
14092,5640,20,2,241.74,483.48
14093,5640,12,3,263.12,789.36
14094,5640,15,2,931.63,1863.26
14095,5641,17,2,2153.75,4307.5
14096,5641,2,3,872.61,2617.83
14097,5641,17,6,2151.62,12909.72
14098,5642,1,1,2138.95,2138.95
14099,5643,8,2,625.31,1250.62
14100,5643,14,2,134.93,269.86
14101,5643,12,3,282.06,846.18
14102,5643,18,2,1410.51,2821.02
14103,5644,12,5,219.73,1098.65
14104,5645,9,3,1909.5,5728.5
14105,5646,6,1,105.34,105.34
14106,5646,19,4,1264.7,5058.8
14107,5647,12,4,282.02,1128.08
14108,5647,5,6,209.1,1254.6
14109,5648,12,4,260.06,1040.24
14110,5648,18,2,1824.6,3649.2
14111,5648,17,4,1896.22,7584.88
14112,5649,9,2,1843.4,3686.8
14113,5649,15,5,853.43,4267.15
14114,5649,13,2,517.05,1034.1
14115,5650,11,4,950.08,3800.32
14116,5650,2,5,897.2,4486.0
14117,5650,20,3,229.08,687.24
14118,5650,9,6,1946.42,11678.52
14119,5651,2,2,777.56,1555.12
14120,5651,6,1,122.21,122.21
14121,5651,20,3,201.53,604.59
14122,5652,19,1,1425.16,1425.16
14123,5652,15,3,864.4,2593.2
14124,5652,15,2,897.01,1794.02
14125,5653,9,2,1769.41,3538.82
14126,5653,5,2,167.16,334.32
14127,5654,17,2,1969.36,3938.72
14128,5654,12,2,239.15,478.3
14129,5654,20,2,229.82,459.64
14130,5655,5,3,184.04,552.12
14131,5656,3,4,968.25,3873.0
14132,5656,8,6,535.23,3211.38
14133,5657,10,1,825.59,825.59
14134,5657,18,1,1786.62,1786.62
14135,5657,5,2,203.34,406.68
14136,5658,8,3,612.03,1836.09
14137,5659,9,3,2085.91,6257.73
14138,5659,16,3,968.78,2906.34
14139,5659,11,2,1046.67,2093.34
14140,5660,18,2,1742.34,3484.68
14141,5661,3,2,1001.42,2002.84
14142,5661,7,1,591.81,591.81
14143,5661,5,1,185.66,185.66
14144,5662,5,4,187.08,748.32
14145,5662,19,1,1071.11,1071.11
14146,5662,9,3,1812.13,5436.39
14147,5662,1,4,1979.38,7917.52
14148,5663,13,1,436.59,436.59
14149,5663,16,3,1119.94,3359.82
14150,5664,13,3,500.05,1500.15
14151,5664,14,3,130.46,391.38
14152,5664,11,3,840.58,2521.74
14153,5664,7,3,674.88,2024.64
14154,5665,1,4,2105.67,8422.68
14155,5665,20,3,227.58,682.74
14156,5665,14,2,120.31,240.62
14157,5665,6,3,100.53,301.59
14158,5666,11,4,875.01,3500.04
14159,5666,6,1,131.55,131.55
14160,5666,16,4,1088.75,4355.0
14161,5666,11,2,853.18,1706.36
14162,5667,3,3,983.63,2950.89
14163,5667,6,2,114.71,229.42
14164,5667,11,1,906.51,906.51
14165,5667,11,5,1020.09,5100.45
14166,5668,11,4,932.04,3728.16
14167,5668,18,1,1464.28,1464.28
14168,5668,17,2,1688.39,3376.78
14169,5668,18,3,1412.08,4236.24
14170,5669,1,4,1617.42,6469.68
14171,5669,10,2,723.64,1447.28
14172,5670,4,2,401.54,803.08
14173,5670,11,2,932.32,1864.64
14174,5670,15,1,826.75,826.75
14175,5670,14,2,133.55,267.1
14176,5671,15,2,1000.91,2001.82
14177,5671,1,2,1932.58,3865.16
14178,5671,17,4,1738.06,6952.24
14179,5672,7,3,648.85,1946.55
14180,5672,12,2,214.59,429.18
14181,5672,16,3,1280.07,3840.21
14182,5672,4,1,362.99,362.99
14183,5673,15,2,902.16,1804.32
14184,5674,7,2,594.74,1189.48
14185,5674,3,3,868.11,2604.33
14186,5675,20,2,205.18,410.36
14187,5675,8,2,623.86,1247.72
14188,5675,2,1,757.81,757.81
14189,5675,4,3,447.57,1342.71
14190,5676,19,2,1046.73,2093.46
14191,5676,5,3,194.42,583.26
14192,5676,9,2,1843.81,3687.62
14193,5677,11,5,836.84,4184.2
14194,5677,17,3,1995.3,5985.9
14195,5677,18,1,1547.3,1547.3
14196,5677,3,3,849.26,2547.78
14197,5678,19,5,1042.69,5213.45
14198,5678,5,3,180.18,540.54
14199,5678,7,3,719.01,2157.03
14200,5678,4,2,368.27,736.54
14201,5679,9,1,2050.34,2050.34
14202,5680,7,4,602.81,2411.24
14203,5680,18,1,1738.45,1738.45
14204,5681,20,6,241.13,1446.78
14205,5681,19,4,1103.41,4413.64
14206,5681,20,2,218.94,437.88
14207,5681,14,3,138.86,416.58
14208,5682,3,1,785.43,785.43
14209,5682,18,3,1412.15,4236.45
14210,5683,12,3,282.97,848.91
14211,5683,11,2,891.49,1782.98
14212,5684,3,3,740.55,2221.65
14213,5684,18,2,1622.0,3244.0
14214,5685,7,6,667.06,4002.36
14215,5685,4,6,404.52,2427.12
14216,5685,3,2,867.02,1734.04
14217,5686,11,2,1009.31,2018.62
14218,5686,10,2,730.43,1460.86
14219,5686,18,2,1613.28,3226.56
14220,5686,2,3,739.68,2219.04
14221,5687,3,4,893.76,3575.04
14222,5688,6,2,138.91,277.82
14223,5688,9,2,2320.0,4640.0
14224,5689,8,2,610.82,1221.64
14225,5689,1,2,2115.61,4231.22
14226,5689,13,4,519.31,2077.24
14227,5690,17,2,1877.71,3755.42
14228,5691,4,3,367.39,1102.17
14229,5691,8,2,512.9,1025.8
14230,5691,7,1,640.23,640.23
14231,5692,15,5,904.03,4520.15
14232,5692,4,5,376.06,1880.3
14233,5693,13,1,479.3,479.3
14234,5693,15,2,978.85,1957.7
14235,5693,10,5,842.11,4210.55
14236,5693,6,2,116.27,232.54
14237,5694,2,2,822.17,1644.34
14238,5694,9,3,1803.86,5411.58
14239,5695,6,4,135.04,540.16
14240,5695,3,2,915.97,1831.94
14241,5695,7,3,605.53,1816.59
14242,5695,20,1,190.58,190.58
14243,5696,16,2,1203.19,2406.38
14244,5696,18,4,1927.99,7711.96
14245,5697,18,2,1877.47,3754.94
14246,5698,5,6,177.92,1067.52
14247,5698,3,3,796.41,2389.23
14248,5699,5,1,181.4,181.4
14249,5699,16,1,988.56,988.56
14250,5699,12,1,267.16,267.16
14251,5699,11,2,961.16,1922.32
14252,5700,2,3,849.59,2548.77
14253,5701,13,1,458.24,458.24
14254,5701,18,3,1409.43,4228.29
14255,5701,5,3,166.68,500.04
14256,5701,9,4,1950.32,7801.28
14257,5702,8,3,587.31,1761.93
14258,5702,20,2,246.94,493.88
14259,5702,10,2,920.44,1840.88
14260,5702,9,2,2351.39,4702.78
14261,5703,11,3,853.81,2561.43
14262,5703,13,2,521.74,1043.48
14263,5703,7,3,624.49,1873.47
14264,5704,17,3,2279.84,6839.52
14265,5704,5,2,176.88,353.76
14266,5705,9,2,1877.89,3755.78
14267,5705,15,3,836.2,2508.6
14268,5706,6,2,103.5,207.0
14269,5706,5,2,181.93,363.86
14270,5706,14,2,145.1,290.2
14271,5707,10,4,876.76,3507.04
14272,5707,19,2,1101.05,2202.1
14273,5707,6,3,100.82,302.46
14274,5708,11,2,949.53,1899.06
14275,5709,9,2,2064.64,4129.28
14276,5709,1,1,2207.2,2207.2
14277,5709,3,2,821.41,1642.82
14278,5710,4,5,416.42,2082.1
14279,5711,2,3,708.14,2124.42
14280,5711,8,3,460.0,1380.0
14281,5712,19,4,1304.6,5218.4
14282,5712,9,2,2126.4,4252.8
14283,5713,7,1,671.06,671.06
14284,5713,13,2,552.33,1104.66
14285,5713,11,3,891.6,2674.8
14286,5713,13,2,489.05,978.1
14287,5714,12,4,258.47,1033.88
14288,5714,7,1,526.74,526.74
14289,5715,3,1,848.75,848.75
14290,5715,10,4,969.59,3878.36
14291,5715,8,1,510.19,510.19
14292,5715,2,3,889.77,2669.31
14293,5716,17,3,2278.3,6834.9
14294,5716,7,1,663.67,663.67
14295,5716,8,5,622.24,3111.2
14296,5717,7,1,663.85,663.85
14297,5718,6,3,132.59,397.77
14298,5718,2,5,930.64,4653.2
14299,5718,8,3,595.28,1785.84
14300,5719,5,4,210.76,843.04
14301,5719,6,1,104.13,104.13
14302,5719,15,2,949.33,1898.66
14303,5720,2,4,808.68,3234.72
14304,5720,14,2,162.02,324.04
14305,5720,2,2,802.93,1605.86
14306,5721,5,3,171.18,513.54
14307,5722,14,5,127.33,636.65
14308,5723,11,2,1033.02,2066.04
14309,5724,11,3,899.17,2697.51
14310,5724,6,1,109.31,109.31
14311,5724,15,2,936.91,1873.82
14312,5724,15,2,850.46,1700.92
14313,5725,17,2,1983.67,3967.34
14314,5725,16,2,1257.31,2514.62
14315,5726,17,3,1762.51,5287.53
14316,5726,16,2,1308.07,2616.14
14317,5727,5,3,209.22,627.66
14318,5728,17,3,1946.09,5838.27
14319,5729,7,4,535.72,2142.88
14320,5729,12,4,221.73,886.92
14321,5729,8,3,565.55,1696.65
14322,5729,11,2,832.66,1665.32
14323,5730,17,4,2243.04,8972.16
14324,5730,4,3,415.68,1247.04
14325,5731,11,2,969.32,1938.64
14326,5731,12,3,285.44,856.32
14327,5731,9,4,2308.72,9234.88
14328,5731,15,5,859.24,4296.2
14329,5732,19,4,1279.41,5117.64
14330,5732,16,2,1253.39,2506.78
14331,5732,14,1,158.86,158.86
14332,5733,11,2,819.97,1639.94
14333,5734,3,5,890.42,4452.1
14334,5734,10,1,855.53,855.53
14335,5734,15,3,883.28,2649.84
14336,5735,10,2,924.67,1849.34
14337,5736,9,3,1930.7,5792.1
14338,5737,3,3,965.54,2896.62
14339,5737,1,4,2084.08,8336.32
14340,5737,1,2,1893.71,3787.42
14341,5738,15,4,911.51,3646.04
14342,5738,6,2,102.61,205.22
14343,5738,16,4,1164.61,4658.44
14344,5738,13,2,415.17,830.34
14345,5739,2,4,745.29,2981.16
14346,5739,5,3,176.07,528.21
14347,5739,13,2,461.72,923.44
14348,5740,10,2,775.63,1551.26
14349,5741,2,1,873.4,873.4
14350,5741,8,3,592.97,1778.91
14351,5742,13,3,448.65,1345.95
14352,5743,14,4,138.38,553.52
14353,5743,17,2,2206.23,4412.46
14354,5744,1,4,1893.96,7575.84
14355,5744,14,2,136.23,272.46
14356,5744,7,2,546.56,1093.12
14357,5745,18,1,1779.66,1779.66
14358,5745,2,3,765.43,2296.29
14359,5746,19,2,1040.63,2081.26
14360,5747,19,3,1362.54,4087.62
14361,5747,12,2,216.41,432.82
14362,5747,3,4,877.33,3509.32
14363,5748,7,2,609.84,1219.68
14364,5748,17,2,2222.05,4444.1
14365,5748,20,2,231.85,463.7
14366,5749,14,5,154.31,771.55
14367,5749,11,2,930.92,1861.84
14368,5749,10,4,975.9,3903.6
14369,5750,5,5,205.62,1028.1
14370,5750,11,6,904.94,5429.64
14371,5750,10,5,800.99,4004.95
14372,5751,16,3,1042.46,3127.38
14373,5751,10,3,713.21,2139.63
14374,5752,12,2,267.25,534.5
14375,5752,8,3,516.26,1548.78
14376,5752,14,2,125.09,250.18
14377,5752,18,3,1775.3,5325.9
14378,5753,13,3,442.9,1328.7
14379,5753,18,3,1428.85,4286.55
14380,5754,6,1,132.71,132.71
14381,5754,11,2,1007.5,2015.0
14382,5754,7,1,601.47,601.47
14383,5755,9,2,1733.1,3466.2
14384,5755,2,2,677.7,1355.4
14385,5756,2,5,739.72,3698.6
14386,5757,17,4,1771.72,7086.88
14387,5757,12,1,208.34,208.34
14388,5757,4,3,419.64,1258.92
14389,5758,11,1,952.23,952.23
14390,5758,2,3,928.82,2786.46
14391,5759,4,2,392.49,784.98
14392,5760,13,1,524.64,524.64
14393,5760,7,1,576.25,576.25
14394,5760,10,3,766.22,2298.66
14395,5761,15,2,971.13,1942.26
14396,5761,1,1,1612.06,1612.06
14397,5761,3,2,962.07,1924.14
14398,5761,9,3,2070.96,6212.88
14399,5762,8,2,504.74,1009.48
14400,5762,6,5,119.05,595.25
14401,5762,20,2,198.6,397.2
14402,5763,2,3,676.08,2028.24
14403,5763,11,3,1011.26,3033.78
14404,5763,6,1,139.18,139.18
14405,5763,15,1,755.68,755.68
14406,5764,20,1,199.82,199.82
14407,5764,17,2,2148.53,4297.06
14408,5765,4,5,431.16,2155.8
14409,5765,19,3,1217.87,3653.61
14410,5765,19,2,1237.31,2474.62
14411,5766,20,3,207.87,623.61
14412,5766,18,2,1819.66,3639.32
14413,5766,13,2,457.68,915.36
14414,5767,14,5,138.08,690.4
14415,5768,5,4,188.87,755.48
14416,5768,16,3,1245.23,3735.69
14417,5769,3,2,928.27,1856.54
14418,5769,3,4,942.46,3769.84
14419,5770,3,2,762.25,1524.5
14420,5770,2,4,873.24,3492.96
14421,5770,20,5,226.81,1134.05
14422,5771,9,2,2001.39,4002.78
14423,5771,12,1,259.75,259.75
14424,5771,3,4,779.4,3117.6
14425,5772,20,3,198.44,595.32
14426,5772,15,3,813.13,2439.39
14427,5773,17,3,1706.36,5119.08
14428,5773,6,3,109.32,327.96
14429,5773,10,1,832.16,832.16
14430,5774,10,2,769.83,1539.66
14431,5774,6,3,114.25,342.75
14432,5774,18,2,1622.75,3245.5
14433,5774,7,2,624.59,1249.18
14434,5775,16,2,1075.49,2150.98
14435,5776,17,2,1903.49,3806.98
14436,5776,13,4,405.48,1621.92
14437,5776,4,4,366.26,1465.04
14438,5776,13,3,399.79,1199.37
14439,5777,5,2,193.0,386.0
14440,5778,19,3,1128.7,3386.1
14441,5778,4,3,382.67,1148.01
14442,5779,12,2,222.31,444.62
14443,5779,5,2,209.1,418.2
14444,5779,17,1,1929.1,1929.1
14445,5780,9,2,1902.47,3804.94
14446,5780,1,1,1863.7,1863.7
14447,5780,4,1,368.35,368.35
14448,5780,20,2,226.44,452.88
14449,5781,6,3,128.73,386.19
14450,5782,19,5,1378.27,6891.35
14451,5783,10,4,918.35,3673.4
14452,5783,5,3,171.01,513.03
14453,5783,2,2,814.43,1628.86
14454,5784,16,4,1243.55,4974.2
14455,5784,15,1,772.2,772.2
14456,5784,7,4,573.21,2292.84
14457,5785,13,3,462.51,1387.53
14458,5785,2,6,810.51,4863.06
14459,5786,12,1,276.96,276.96
14460,5786,17,3,2172.81,6518.43
14461,5786,11,1,1067.22,1067.22
14462,5787,1,3,2205.56,6616.68
14463,5788,13,1,465.23,465.23
14464,5788,19,1,1221.75,1221.75
14465,5788,7,3,582.18,1746.54
14466,5788,8,1,556.25,556.25
14467,5789,15,6,798.91,4793.46
14468,5789,6,5,127.19,635.95
14469,5790,16,1,1129.72,1129.72
14470,5790,15,3,994.42,2983.26
14471,5790,7,2,601.94,1203.88
14472,5790,11,4,868.2,3472.8
14473,5791,15,2,742.78,1485.56
14474,5791,19,3,1324.77,3974.31
14475,5791,1,4,2182.92,8731.68
14476,5791,10,3,966.18,2898.54
14477,5792,9,1,1755.7,1755.7
14478,5793,12,4,278.79,1115.16
14479,5793,16,3,1324.08,3972.24
14480,5793,9,1,2277.41,2277.41
14481,5793,13,3,524.59,1573.77
14482,5794,19,3,1402.29,4206.87
14483,5795,18,4,1517.18,6068.72
14484,5795,13,2,542.67,1085.34
14485,5796,6,6,132.96,797.76
14486,5796,13,2,405.63,811.26
14487,5797,12,2,209.24,418.48
14488,5797,19,2,1085.8,2171.6
14489,5798,8,3,621.03,1863.09
14490,5798,5,5,211.03,1055.15
14491,5799,5,3,153.1,459.3
14492,5800,7,3,645.23,1935.69
14493,5800,2,3,747.42,2242.26
14494,5800,2,3,817.39,2452.17
14495,5801,2,5,866.04,4330.2
14496,5801,7,4,618.31,2473.24
14497,5802,2,1,902.1,902.1
14498,5802,15,1,965.2,965.2
14499,5802,2,2,704.53,1409.06
14500,5803,1,1,1796.18,1796.18
14501,5803,18,1,1589.87,1589.87
14502,5803,18,1,1757.4,1757.4
14503,5803,4,3,419.8,1259.4
14504,5804,10,2,820.33,1640.66
14505,5804,5,2,157.17,314.34
14506,5805,17,4,2222.93,8891.72
14507,5806,9,5,1814.53,9072.65
14508,5806,3,3,750.83,2252.49
14509,5807,11,6,820.68,4924.08
14510,5808,13,3,545.61,1636.83
14511,5808,9,1,2189.83,2189.83
14512,5808,10,3,836.26,2508.78
14513,5809,9,2,1866.18,3732.36
14514,5809,1,6,1941.76,11650.56
14515,5810,10,2,867.96,1735.92
14516,5810,4,4,466.13,1864.52
14517,5811,10,4,796.88,3187.52
14518,5811,18,2,1928.8,3857.6
14519,5811,11,4,943.34,3773.36
14520,5811,20,3,232.42,697.26
14521,5812,1,2,1700.41,3400.82
14522,5813,1,3,2001.47,6004.41
14523,5813,13,1,534.74,534.74
14524,5814,4,4,453.14,1812.56
14525,5814,10,4,752.33,3009.32
14526,5814,15,2,875.23,1750.46
14527,5814,8,4,528.38,2113.52
14528,5815,15,3,783.15,2349.45
14529,5816,20,5,224.16,1120.8
14530,5816,8,3,457.13,1371.39
14531,5817,11,2,881.71,1763.42
14532,5818,9,5,1955.22,9776.1
14533,5819,18,2,1770.84,3541.68
14534,5819,11,4,910.87,3643.48
14535,5819,13,4,534.64,2138.56
14536,5820,1,3,1902.54,5707.62
14537,5820,8,1,575.79,575.79
14538,5820,8,4,476.42,1905.68
14539,5820,7,4,545.82,2183.28
14540,5821,5,4,178.57,714.28
14541,5821,16,3,1197.7,3593.1
14542,5822,2,5,757.72,3788.6
14543,5822,13,1,452.92,452.92
14544,5823,9,3,2252.55,6757.65
14545,5823,15,4,1002.5,4010.0
14546,5824,6,5,103.75,518.75
14547,5824,20,6,206.23,1237.38
14548,5825,16,2,1160.85,2321.7
14549,5825,5,1,200.13,200.13
14550,5826,9,3,1891.0,5673.0
14551,5826,4,2,342.17,684.34
14552,5826,20,2,251.72,503.44
14553,5827,4,1,378.68,378.68
14554,5827,13,1,436.48,436.48
14555,5827,9,2,2177.96,4355.92
14556,5828,10,2,808.52,1617.04
14557,5828,12,5,265.86,1329.3
14558,5828,16,2,1256.17,2512.34
14559,5829,14,1,129.98,129.98
14560,5829,6,1,100.87,100.87
14561,5829,7,3,660.3,1980.9
14562,5829,20,1,225.55,225.55
14563,5830,8,2,560.28,1120.56
14564,5830,19,1,1268.95,1268.95
14565,5831,6,3,121.12,363.36
14566,5832,14,6,153.0,918.0
14567,5832,17,2,1858.76,3717.52
14568,5833,12,2,274.76,549.52
14569,5833,4,2,386.17,772.34
14570,5833,12,4,224.45,897.8
14571,5834,4,3,449.38,1348.14
14572,5835,16,2,1167.96,2335.92
14573,5835,7,2,589.44,1178.88
14574,5835,18,4,1514.44,6057.76
14575,5835,5,2,183.01,366.02
14576,5836,12,3,237.03,711.09
14577,5836,19,4,1397.38,5589.52
14578,5836,20,5,200.05,1000.25
14579,5837,7,4,668.79,2675.16
14580,5837,10,3,781.44,2344.32
14581,5837,2,2,843.66,1687.32
14582,5837,4,4,437.34,1749.36
14583,5838,5,4,158.14,632.56
14584,5838,8,3,626.0,1878.0
14585,5839,10,2,784.58,1569.16
14586,5839,14,3,161.49,484.47
14587,5839,10,4,945.93,3783.72
14588,5839,15,2,901.41,1802.82
14589,5840,4,3,410.78,1232.34
14590,5841,16,1,1155.83,1155.83
14591,5842,8,3,548.52,1645.56
14592,5842,8,2,461.83,923.66
14593,5842,3,4,949.71,3798.84
14594,5843,10,2,790.66,1581.32
14595,5843,18,1,1865.98,1865.98
14596,5843,12,4,222.42,889.68
14597,5844,7,1,586.28,586.28
14598,5844,14,2,162.11,324.22
14599,5844,3,1,842.99,842.99
14600,5845,16,2,1137.25,2274.5
14601,5846,13,1,532.81,532.81
14602,5846,17,1,2068.98,2068.98
14603,5846,20,2,208.32,416.64
14604,5846,20,5,213.5,1067.5
14605,5847,20,2,187.17,374.34
14606,5847,11,2,1085.45,2170.9
14607,5848,1,3,1730.24,5190.72
14608,5849,5,2,206.43,412.86
14609,5849,11,1,859.71,859.71
14610,5849,10,4,775.64,3102.56
14611,5849,9,1,2054.01,2054.01
14612,5850,17,1,2012.31,2012.31
14613,5850,3,2,802.04,1604.08
14614,5850,17,3,1915.71,5747.13
14615,5850,9,5,1979.13,9895.65
14616,5851,20,4,225.22,900.88
14617,5851,2,2,882.94,1765.88
14618,5851,1,2,1921.22,3842.44
14619,5852,1,5,1845.64,9228.2
14620,5853,10,4,917.6,3670.4
14621,5854,5,2,177.42,354.84
14622,5854,16,5,1133.64,5668.2
14623,5854,6,4,114.89,459.56
14624,5854,9,3,2257.75,6773.25
14625,5855,20,2,210.83,421.66
14626,5855,14,2,143.78,287.56
14627,5855,18,2,1856.39,3712.78
14628,5856,20,6,247.88,1487.28
14629,5856,11,2,1077.11,2154.22
14630,5856,18,1,1460.74,1460.74
14631,5856,18,5,1906.56,9532.8
14632,5857,7,4,573.8,2295.2
14633,5857,12,3,222.29,666.87
14634,5857,17,2,1760.22,3520.44
14635,5858,10,3,722.62,2167.86
14636,5859,7,2,592.81,1185.62
14637,5859,10,1,811.55,811.55
14638,5859,8,3,536.34,1609.02
14639,5860,5,4,157.4,629.6
14640,5860,3,5,852.12,4260.6
14641,5860,14,3,125.65,376.95
14642,5861,8,2,529.79,1059.58
14643,5861,3,3,990.21,2970.63
14644,5861,14,3,142.87,428.61
14645,5861,16,2,1183.51,2367.02
14646,5862,16,1,1125.29,1125.29
14647,5863,3,2,902.17,1804.34
14648,5863,4,4,341.82,1367.28
14649,5863,2,1,765.79,765.79
14650,5863,14,1,130.73,130.73
14651,5864,3,4,755.87,3023.48
14652,5864,2,4,717.92,2871.68
14653,5865,6,2,138.95,277.9
14654,5865,1,4,1611.82,6447.28
14655,5866,4,2,387.51,775.02
14656,5866,8,6,555.69,3334.14
14657,5866,7,2,583.47,1166.94
14658,5867,13,3,519.28,1557.84
14659,5867,6,6,100.51,603.06
14660,5867,12,4,270.24,1080.96
14661,5868,16,3,1222.67,3668.01
14662,5869,17,3,1935.52,5806.56
14663,5869,2,2,725.79,1451.58
14664,5870,5,1,176.43,176.43
14665,5870,12,5,260.44,1302.2
14666,5870,16,3,1147.32,3441.96
14667,5871,6,3,138.42,415.26
14668,5872,10,3,905.62,2716.86
14669,5872,16,4,1161.17,4644.68
14670,5872,11,1,818.89,818.89
14671,5873,11,4,871.76,3487.04
14672,5874,19,1,1192.04,1192.04
14673,5874,13,4,441.77,1767.08
14674,5874,3,1,897.66,897.66
14675,5875,10,4,944.85,3779.4
14676,5875,15,2,946.51,1893.02
14677,5876,17,4,2040.05,8160.2
14678,5876,5,1,194.76,194.76
14679,5876,1,1,1642.32,1642.32
14680,5876,16,2,1091.82,2183.64
14681,5877,14,2,150.94,301.88
14682,5877,19,2,1212.8,2425.6
14683,5877,12,3,220.24,660.72
14684,5877,7,2,588.03,1176.06
14685,5878,6,4,130.57,522.28
14686,5879,6,1,107.25,107.25
14687,5879,12,3,211.92,635.76
14688,5880,16,5,1213.34,6066.7
14689,5881,2,2,932.1,1864.2
14690,5882,13,4,526.12,2104.48
14691,5883,1,2,2005.37,4010.74
14692,5883,13,3,453.71,1361.13
14693,5883,16,1,1252.12,1252.12
14694,5884,6,2,107.01,214.02
14695,5884,14,4,138.77,555.08
14696,5884,10,4,759.05,3036.2
14697,5884,2,5,861.73,4308.65
14698,5885,13,6,543.37,3260.22
14699,5886,3,2,773.76,1547.52
14700,5886,19,2,1138.51,2277.02
14701,5887,20,4,225.98,903.92
14702,5887,11,1,1082.87,1082.87
14703,5888,14,2,135.84,271.68
14704,5888,7,5,560.03,2800.15
14705,5888,17,2,2058.53,4117.06
14706,5889,13,4,467.79,1871.16
14707,5890,14,3,135.31,405.93
14708,5891,19,2,1234.28,2468.56
14709,5891,16,2,1059.69,2119.38
14710,5891,13,1,526.36,526.36
14711,5891,19,4,1097.44,4389.76
14712,5892,7,4,623.39,2493.56
14713,5892,6,3,107.96,323.88
14714,5892,17,2,2254.57,4509.14
14715,5893,14,3,148.02,444.06
14716,5894,9,2,1889.93,3779.86
14717,5894,12,2,274.47,548.94
14718,5895,12,3,249.91,749.73
14719,5896,12,1,282.23,282.23
14720,5897,1,5,2154.33,10771.65
14721,5897,4,3,381.1,1143.3
14722,5898,7,3,571.62,1714.86
14723,5898,14,3,130.79,392.37
14724,5898,19,2,1183.59,2367.18
14725,5898,16,4,1132.37,4529.48
14726,5899,5,2,207.88,415.76
14727,5899,20,1,198.27,198.27
14728,5899,6,3,115.6,346.8
14729,5899,1,6,1616.37,9698.22
14730,5900,1,1,1709.69,1709.69
14731,5901,19,4,1411.78,5647.12
14732,5901,9,2,1775.59,3551.18
14733,5901,1,6,1785.27,10711.62
14734,5901,3,2,792.64,1585.28
14735,5902,11,4,852.09,3408.36
14736,5902,19,5,1064.15,5320.75
14737,5903,13,1,401.37,401.37
14738,5903,1,3,1624.82,4874.46
14739,5903,11,1,1059.93,1059.93
14740,5904,18,4,1877.36,7509.44
14741,5904,5,2,161.83,323.66
14742,5905,8,4,626.07,2504.28
14743,5906,5,1,175.66,175.66
14744,5906,15,2,948.26,1896.52
14745,5906,13,3,413.82,1241.46
14746,5906,7,5,584.11,2920.55
14747,5907,1,3,1970.01,5910.03
14748,5907,1,3,1745.78,5237.34
14749,5908,4,2,464.68,929.36
14750,5908,17,3,2077.27,6231.81
14751,5908,16,2,1244.42,2488.84
14752,5909,14,5,144.3,721.5
14753,5910,17,1,1835.72,1835.72
14754,5910,15,2,872.33,1744.66
14755,5911,1,1,1968.18,1968.18
14756,5912,1,4,1616.3,6465.2
14757,5912,6,1,113.46,113.46
14758,5912,2,2,931.94,1863.88
14759,5912,18,2,1835.69,3671.38
14760,5913,9,3,1961.59,5884.77
14761,5913,2,3,811.77,2435.31
14762,5913,14,3,141.53,424.59
14763,5914,19,1,1053.22,1053.22
14764,5915,17,2,2124.01,4248.02
14765,5915,13,2,399.08,798.16
14766,5916,4,1,381.65,381.65
14767,5916,10,3,854.45,2563.35
14768,5916,7,1,569.4,569.4
14769,5916,8,2,472.54,945.08
14770,5917,15,3,841.89,2525.67
14771,5918,9,3,2089.18,6267.54
14772,5918,9,6,1780.72,10684.32
14773,5919,8,4,477.32,1909.28
14774,5919,4,2,343.72,687.44
14775,5919,20,4,254.66,1018.64
14776,5920,13,4,413.72,1654.88
14777,5920,19,2,1229.47,2458.94
14778,5921,4,4,348.2,1392.8
14779,5921,7,3,527.64,1582.92
14780,5921,4,3,371.59,1114.77
14781,5921,3,4,935.37,3741.48
14782,5922,17,2,1806.38,3612.76
14783,5922,3,2,935.32,1870.64
14784,5922,16,2,1152.87,2305.74
14785,5923,4,3,374.09,1122.27
14786,5923,1,5,1644.28,8221.4
14787,5924,16,5,1303.09,6515.45
14788,5925,15,3,861.25,2583.75
14789,5925,14,2,161.63,323.26
14790,5925,8,6,626.89,3761.34
14791,5925,14,1,136.05,136.05
14792,5926,12,3,260.65,781.95
14793,5926,1,1,1973.09,1973.09
14794,5926,18,2,1849.06,3698.12
14795,5926,2,2,677.62,1355.24
14796,5927,5,5,172.95,864.75
14797,5928,5,6,171.24,1027.44
14798,5928,7,4,580.78,2323.12
14799,5928,8,1,603.31,603.31
14800,5929,2,5,912.56,4562.8
14801,5930,15,1,991.87,991.87
14802,5931,16,1,978.31,978.31
14803,5931,11,5,895.82,4479.1
14804,5932,2,2,705.94,1411.88
14805,5932,11,3,813.69,2441.07
14806,5932,6,3,118.06,354.18
14807,5932,3,6,951.42,5708.52
14808,5933,10,1,861.82,861.82
14809,5934,1,3,1835.18,5505.54
14810,5935,8,2,557.43,1114.86
14811,5935,7,5,616.34,3081.7
14812,5936,14,2,122.67,245.34
14813,5936,14,1,127.61,127.61
14814,5937,17,1,2085.62,2085.62
14815,5937,17,2,1709.4,3418.8
14816,5937,12,2,286.09,572.18
14817,5938,8,5,596.58,2982.9
14818,5938,9,2,2186.21,4372.42
14819,5939,17,3,2249.38,6748.14
14820,5939,16,3,1088.81,3266.43
14821,5939,3,5,911.47,4557.35
14822,5940,17,2,2064.46,4128.92
14823,5941,14,1,119.29,119.29
14824,5941,8,4,596.51,2386.04
14825,5942,5,3,197.25,591.75
14826,5943,15,1,794.47,794.47
14827,5944,18,2,1832.82,3665.64
14828,5944,4,5,341.48,1707.4
14829,5945,18,2,1657.46,3314.92
14830,5946,8,2,501.73,1003.46
14831,5946,12,4,260.66,1042.64
14832,5946,10,2,980.57,1961.14
14833,5946,20,5,224.63,1123.15
14834,5947,5,1,171.92,171.92
14835,5948,8,3,471.25,1413.75
14836,5948,1,3,1939.56,5818.68
14837,5948,3,4,820.12,3280.48
14838,5948,2,2,902.79,1805.58
14839,5949,16,4,1020.31,4081.24
14840,5949,13,2,522.82,1045.64
14841,5949,13,4,438.78,1755.12
14842,5949,5,5,169.66,848.3
14843,5950,14,2,140.08,280.16
14844,5950,10,3,860.22,2580.66
14845,5951,12,3,271.35,814.05
14846,5952,9,2,2178.34,4356.68
14847,5952,8,3,610.31,1830.93
14848,5952,17,3,2179.82,6539.46
14849,5953,14,3,124.35,373.05
14850,5953,13,2,552.16,1104.32
14851,5953,3,2,978.82,1957.64
14852,5953,3,4,826.43,3305.72
14853,5954,2,3,750.98,2252.94
14854,5954,5,5,192.37,961.85
14855,5954,9,3,1800.46,5401.38
14856,5955,20,2,231.08,462.16
14857,5955,3,2,853.26,1706.52
14858,5956,9,3,2099.61,6298.83
14859,5956,11,1,913.96,913.96
14860,5956,14,2,154.29,308.58
14861,5957,2,2,903.88,1807.76
14862,5957,19,2,1110.82,2221.64
14863,5958,16,3,1029.88,3089.64
14864,5959,12,4,287.12,1148.48
14865,5959,15,3,981.14,2943.42
14866,5959,7,4,633.64,2534.56
14867,5960,15,2,836.21,1672.42
14868,5960,1,4,1896.32,7585.28
14869,5960,16,1,1166.52,1166.52
14870,5961,17,2,2232.76,4465.52
14871,5961,16,1,1063.31,1063.31
14872,5961,9,3,1885.81,5657.43
14873,5961,18,3,1869.57,5608.71
14874,5962,8,2,589.89,1179.78
14875,5962,6,3,134.59,403.77
14876,5963,12,1,207.95,207.95
14877,5963,7,4,709.86,2839.44
14878,5963,6,2,122.46,244.92
14879,5963,4,4,443.71,1774.84
14880,5964,6,1,118.88,118.88
14881,5964,16,2,1215.67,2431.34
14882,5965,13,2,528.15,1056.3
14883,5965,12,2,211.92,423.84
14884,5966,12,2,210.66,421.32
14885,5966,8,4,555.43,2221.72
14886,5966,15,5,1002.51,5012.55
14887,5966,8,5,566.77,2833.85
14888,5967,11,3,928.42,2785.26
14889,5968,14,3,128.18,384.54
14890,5968,13,2,399.95,799.9
14891,5968,13,2,519.85,1039.7
14892,5968,3,5,991.23,4956.15
14893,5969,7,1,677.37,677.37
14894,5969,5,1,168.85,168.85
14895,5969,3,4,1001.74,4006.96
14896,5970,4,3,431.13,1293.39
14897,5970,13,5,429.28,2146.4
14898,5970,19,6,1078.77,6472.62
14899,5970,6,3,131.8,395.4
14900,5971,13,3,479.01,1437.03
14901,5972,16,2,1164.89,2329.78
14902,5972,13,3,435.69,1307.07
14903,5972,11,3,835.85,2507.55
14904,5973,13,2,433.84,867.68
14905,5973,8,5,533.97,2669.85
14906,5973,6,3,111.71,335.13
14907,5974,15,3,826.63,2479.89
14908,5975,5,2,201.11,402.22
14909,5975,19,3,1124.18,3372.54
14910,5975,19,5,1378.6,6893.0
14911,5975,9,3,2194.94,6584.82
14912,5976,16,3,1094.43,3283.29
14913,5977,7,5,708.17,3540.85
14914,5977,14,4,122.85,491.4
14915,5977,14,2,145.07,290.14
14916,5978,7,4,573.61,2294.44
14917,5978,6,4,124.56,498.24
14918,5978,17,1,2239.32,2239.32
14919,5979,9,2,2132.39,4264.78
14920,5979,3,1,992.97,992.97
14921,5979,16,1,1158.76,1158.76
14922,5980,6,1,131.15,131.15
14923,5980,3,3,979.93,2939.79
14924,5980,18,1,1577.09,1577.09
14925,5981,13,2,455.58,911.16
14926,5981,5,1,174.58,174.58
14927,5981,6,3,123.24,369.72
14928,5981,10,3,826.17,2478.51
14929,5982,12,3,224.3,672.9
14930,5982,20,2,197.83,395.66
14931,5983,13,1,493.01,493.01
14932,5983,7,2,660.4,1320.8
14933,5983,13,3,497.39,1492.17
14934,5984,14,2,120.83,241.66
14935,5984,7,3,657.62,1972.86
14936,5984,12,2,270.82,541.64
14937,5985,17,2,2248.76,4497.52
14938,5986,19,1,1071.55,1071.55
14939,5986,4,2,416.28,832.56
14940,5987,16,1,1104.77,1104.77
14941,5987,3,3,1012.27,3036.81
14942,5988,15,5,880.09,4400.45
14943,5988,15,2,800.9,1601.8
14944,5989,11,2,813.34,1626.68
14945,5989,6,2,131.85,263.7
14946,5990,6,1,113.91,113.91
14947,5990,17,3,2313.64,6940.92
14948,5990,4,1,419.55,419.55
14949,5990,18,6,1633.1,9798.6
14950,5991,2,4,927.97,3711.88
14951,5991,6,1,104.47,104.47
14952,5991,14,4,156.26,625.04
14953,5992,8,3,592.65,1777.95
14954,5993,18,2,1441.99,2883.98
14955,5993,2,5,886.78,4433.9
14956,5993,6,2,106.14,212.28
14957,5994,14,4,136.22,544.88
14958,5994,4,1,384.15,384.15
14959,5994,6,3,109.28,327.84
14960,5995,9,2,1745.73,3491.46
14961,5995,13,1,438.88,438.88
14962,5995,13,1,476.2,476.2
14963,5995,3,3,772.23,2316.69
14964,5996,4,1,448.31,448.31
14965,5996,19,2,1242.69,2485.38
14966,5996,12,3,270.52,811.56
14967,5997,9,2,2184.27,4368.54
14968,5998,12,3,208.77,626.31
14969,5998,12,6,219.78,1318.68
14970,5999,5,1,200.63,200.63
14971,6000,19,2,1313.16,2626.32
14972,6000,12,2,225.81,451.62
14973,6000,5,1,173.44,173.44
14974,6001,6,2,107.05,214.1
14975,6001,15,5,903.59,4517.95
14976,6001,3,3,867.33,2601.99
14977,6002,3,1,853.86,853.86
14978,6002,12,1,232.62,232.62
14979,6003,4,3,454.49,1363.47
14980,6003,8,1,502.58,502.58
14981,6003,14,1,141.24,141.24
14982,6004,17,3,1763.96,5291.88
14983,6004,17,2,2122.96,4245.92
14984,6004,6,4,114.34,457.36
14985,6005,17,3,2207.04,6621.12
14986,6005,12,2,227.22,454.44
14987,6006,19,3,1158.99,3476.97
14988,6006,19,2,1254.99,2509.98
14989,6006,18,4,1802.13,7208.52
14990,6006,6,4,121.4,485.6
14991,6007,11,2,808.1,1616.2
14992,6007,10,5,941.27,4706.35
14993,6007,16,2,1063.88,2127.76
14994,6008,12,2,276.24,552.48
14995,6009,9,2,2336.7,4673.4
14996,6009,9,3,2374.28,7122.84
14997,6009,15,5,791.48,3957.4
14998,6010,7,4,594.04,2376.16
14999,6010,4,1,378.05,378.05
15000,6010,4,3,410.12,1230.36
15001,6010,1,3,1965.5,5896.5
15002,6011,4,2,402.88,805.76
15003,6011,5,4,165.95,663.8
15004,6012,10,3,945.96,2837.88
15005,6012,20,3,190.52,571.56
15006,6013,2,1,755.04,755.04
15007,6014,6,1,105.55,105.55
15008,6015,15,4,787.56,3150.24
15009,6016,13,5,449.87,2249.35
15010,6016,14,1,141.87,141.87
15011,6016,10,3,937.95,2813.85
15012,6017,7,5,568.17,2840.85
15013,6017,2,2,732.37,1464.74
15014,6018,8,2,464.82,929.64
15015,6018,2,5,692.29,3461.45
15016,6019,9,2,2182.77,4365.54
15017,6019,17,3,1911.32,5733.96
15018,6020,6,2,103.37,206.74
15019,6020,11,3,925.98,2777.94
15020,6020,2,1,873.16,873.16
15021,6021,19,2,1114.94,2229.88
15022,6021,14,1,142.27,142.27
15023,6021,10,3,892.15,2676.45
15024,6021,11,3,895.69,2687.07
15025,6022,16,1,1269.59,1269.59
15026,6022,6,4,117.71,470.84
15027,6022,12,2,286.65,573.3
15028,6022,15,1,958.87,958.87
15029,6023,15,2,972.08,1944.16
15030,6023,13,2,536.46,1072.92
15031,6023,8,1,514.27,514.27
15032,6023,6,2,135.06,270.12
15033,6024,13,1,512.52,512.52
15034,6025,19,1,1119.85,1119.85
15035,6025,6,3,122.46,367.38
15036,6025,12,2,241.54,483.08
15037,6025,15,3,751.43,2254.29
15038,6026,6,3,125.03,375.09
15039,6027,12,4,213.76,855.04
15040,6027,20,2,241.43,482.86
15041,6028,17,5,1730.71,8653.55
15042,6028,14,4,157.11,628.44
15043,6028,12,2,224.87,449.74
15044,6029,20,3,211.75,635.25
15045,6029,15,2,818.23,1636.46
15046,6030,8,1,517.12,517.12
15047,6030,9,4,1890.35,7561.4
15048,6030,6,3,101.74,305.22
15049,6030,11,2,806.85,1613.7
15050,6031,12,1,220.44,220.44
15051,6031,2,3,864.23,2592.69
15052,6031,9,4,1749.56,6998.24
15053,6032,3,2,990.41,1980.82
15054,6032,12,4,278.4,1113.6
15055,6032,20,5,191.48,957.4
15056,6032,14,2,160.72,321.44
15057,6033,10,1,966.24,966.24
15058,6033,1,4,2227.18,8908.72
15059,6034,11,3,858.23,2574.69
15060,6034,5,2,207.38,414.76
15061,6034,20,2,221.08,442.16
15062,6034,4,2,438.98,877.96
15063,6035,7,5,688.92,3444.6
15064,6035,4,3,425.82,1277.46
15065,6035,16,5,962.45,4812.25
15066,6035,11,3,918.55,2755.65
15067,6036,6,1,113.08,113.08
15068,6036,12,1,285.49,285.49
15069,6036,4,1,348.77,348.77
15070,6037,12,4,253.76,1015.04
15071,6037,8,4,458.75,1835.0
15072,6037,8,4,591.42,2365.68
15073,6037,19,2,1125.51,2251.02
15074,6038,8,2,598.47,1196.94
15075,6038,5,1,172.27,172.27
15076,6039,5,4,169.5,678.0
15077,6039,7,2,542.52,1085.04
15078,6039,5,5,189.27,946.35
15079,6039,18,1,1870.55,1870.55
15080,6040,6,1,125.59,125.59
15081,6040,14,4,144.81,579.24
15082,6041,20,1,192.53,192.53
15083,6041,3,2,998.2,1996.4
15084,6041,2,4,752.62,3010.48
15085,6041,7,6,681.98,4091.88
15086,6042,17,4,1700.77,6803.08
15087,6042,11,3,958.36,2875.08
15088,6042,11,2,871.76,1743.52
15089,6043,3,2,934.32,1868.64
15090,6044,13,2,523.84,1047.68
15091,6045,8,2,469.71,939.42
15092,6045,5,2,164.12,328.24
15093,6045,9,6,2298.28,13789.68
15094,6046,16,3,1244.53,3733.59
15095,6047,2,3,930.48,2791.44
15096,6047,3,3,938.59,2815.77
15097,6047,3,2,775.6,1551.2
15098,6047,8,6,457.13,2742.78
15099,6048,7,4,584.05,2336.2
15100,6048,4,3,393.4,1180.2
15101,6048,10,2,957.58,1915.16
15102,6049,17,4,2189.93,8759.72
15103,6049,10,1,856.15,856.15
15104,6049,4,3,411.66,1234.98
15105,6050,14,2,147.95,295.9
15106,6051,5,4,201.41,805.64
15107,6051,9,1,2159.77,2159.77
15108,6051,10,1,798.0,798.0
15109,6051,17,2,1977.16,3954.32
15110,6052,5,3,171.88,515.64
15111,6052,8,2,478.23,956.46
15112,6053,3,2,892.92,1785.84
15113,6053,16,3,1147.56,3442.68
15114,6053,7,3,707.89,2123.67
15115,6053,19,3,1121.17,3363.51
15116,6054,12,2,257.51,515.02
15117,6054,8,1,560.7,560.7
15118,6054,4,3,352.66,1057.98
15119,6054,3,6,776.74,4660.44
15120,6055,14,1,146.48,146.48
15121,6055,5,2,191.23,382.46
15122,6056,4,5,412.63,2063.15
15123,6056,14,4,159.3,637.2
15124,6056,15,2,735.71,1471.42
15125,6057,2,5,723.9,3619.5
15126,6058,14,3,147.22,441.66
15127,6058,20,1,243.05,243.05
15128,6058,20,2,252.02,504.04
15129,6059,20,2,237.46,474.92
15130,6059,6,3,115.3,345.9
15131,6060,6,1,119.17,119.17
15132,6060,17,3,1795.82,5387.46
15133,6061,2,5,820.53,4102.65
15134,6062,1,2,1675.26,3350.52
15135,6063,12,4,240.47,961.88
15136,6063,15,3,758.45,2275.35
15137,6063,8,3,578.6,1735.8
15138,6063,4,2,441.03,882.06
15139,6064,18,3,1761.01,5283.03
15140,6064,13,1,436.04,436.04
15141,6065,10,2,973.57,1947.14
15142,6066,19,1,1147.56,1147.56
15143,6066,4,2,415.64,831.28
15144,6066,17,1,1932.45,1932.45
15145,6066,2,5,721.9,3609.5
15146,6067,16,2,1304.84,2609.68
15147,6067,16,2,1145.83,2291.66
15148,6068,14,2,122.91,245.82
15149,6068,19,1,1298.42,1298.42
15150,6068,12,3,209.05,627.15
15151,6069,11,2,920.34,1840.68
15152,6070,20,2,199.91,399.82
15153,6070,14,2,140.0,280.0
15154,6070,16,3,978.24,2934.72
15155,6070,16,2,1177.34,2354.68
15156,6071,6,4,126.17,504.68
15157,6071,3,6,900.53,5403.18
15158,6072,14,1,144.3,144.3
15159,6073,15,5,817.33,4086.65
15160,6073,1,4,1851.4,7405.6
15161,6073,6,3,123.87,371.61
15162,6074,11,3,897.54,2692.62
15163,6074,16,3,1284.43,3853.29
15164,6074,7,2,660.38,1320.76
15165,6074,16,6,1291.03,7746.18
15166,6075,15,3,898.52,2695.56
15167,6076,16,6,1202.12,7212.72
15168,6076,11,2,993.02,1986.04
15169,6077,9,2,1814.48,3628.96
15170,6077,4,2,413.56,827.12
15171,6077,3,1,792.21,792.21
15172,6077,11,3,843.17,2529.51
15173,6078,7,2,726.46,1452.92
15174,6079,19,1,1145.24,1145.24
15175,6079,17,2,1790.54,3581.08
15176,6079,2,3,808.64,2425.92
15177,6080,2,2,918.43,1836.86
15178,6080,13,2,460.71,921.42
15179,6080,14,5,160.34,801.7
15180,6081,20,4,231.24,924.96
15181,6081,11,2,816.37,1632.74
15182,6081,1,4,1895.69,7582.76
15183,6081,14,2,150.15,300.3
15184,6082,19,1,1280.54,1280.54
15185,6083,20,3,254.47,763.41
15186,6083,13,1,425.74,425.74
15187,6084,15,6,978.04,5868.24
15188,6084,7,5,643.66,3218.3
15189,6085,12,1,265.52,265.52
15190,6086,5,4,204.27,817.08
15191,6086,9,2,2356.8,4713.6
15192,6086,16,3,1061.8,3185.4
15193,6086,17,3,2221.26,6663.78
15194,6087,11,1,794.23,794.23
15195,6088,19,4,1092.35,4369.4
15196,6088,3,4,822.23,3288.92
15197,6088,5,3,188.0,564.0
15198,6089,13,4,463.29,1853.16
15199,6089,18,1,1907.99,1907.99
15200,6089,2,2,864.65,1729.3
15201,6089,1,5,2181.12,10905.6
15202,6090,20,3,228.46,685.38
15203,6090,11,2,1016.97,2033.94
15204,6090,20,1,189.32,189.32
15205,6091,3,2,820.23,1640.46
15206,6091,10,1,750.97,750.97
15207,6092,20,2,229.73,459.46
15208,6092,14,2,139.92,279.84
15209,6092,9,3,2011.02,6033.06
15210,6092,20,3,241.6,724.8
15211,6093,7,3,712.93,2138.79
15212,6093,14,2,142.69,285.38
15213,6093,8,2,548.72,1097.44
15214,6093,8,2,543.12,1086.24
15215,6094,2,6,919.23,5515.38
15216,6094,7,4,526.53,2106.12
15217,6095,17,2,2302.13,4604.26
15218,6095,19,2,1084.51,2169.02
15219,6096,1,5,1772.76,8863.8
15220,6096,14,1,143.55,143.55
15221,6096,6,1,134.55,134.55
15222,6096,17,2,1782.91,3565.82
15223,6097,10,3,962.64,2887.92
15224,6098,17,1,2283.79,2283.79
15225,6098,9,4,2312.25,9249.0
15226,6098,2,2,727.26,1454.52
15227,6099,10,6,913.77,5482.62
15228,6099,12,3,226.33,678.99
15229,6099,5,4,200.08,800.32
15230,6100,8,2,561.76,1123.52
15231,6100,16,3,1004.95,3014.85
15232,6100,14,6,127.71,766.26
15233,6101,11,1,848.26,848.26
15234,6102,17,1,1807.58,1807.58
15235,6102,9,2,2234.3,4468.6
15236,6102,7,3,607.98,1823.94
15237,6102,13,2,505.31,1010.62
15238,6103,13,3,444.58,1333.74
15239,6103,11,3,841.24,2523.72
15240,6103,15,2,960.08,1920.16
15241,6103,13,1,414.83,414.83
15242,6104,5,2,157.62,315.24
15243,6105,18,4,1803.23,7212.92
15244,6105,9,3,2036.06,6108.18
15245,6106,4,3,368.72,1106.16
15246,6106,5,3,182.33,546.99
15247,6106,7,2,690.27,1380.54
15248,6107,14,3,157.78,473.34
15249,6107,11,1,1067.94,1067.94
15250,6107,6,3,108.16,324.48
15251,6107,2,4,840.29,3361.16
15252,6108,7,3,543.2,1629.6
15253,6108,20,2,250.12,500.24
15254,6108,11,2,800.51,1601.02
15255,6109,9,2,1950.2,3900.4
15256,6109,10,6,756.75,4540.5
15257,6109,9,5,1806.74,9033.7
15258,6109,20,1,242.45,242.45
15259,6110,10,3,844.51,2533.53
15260,6111,9,3,2354.45,7063.35
15261,6111,16,2,1105.6,2211.2
15262,6112,12,3,272.68,818.04
15263,6112,3,2,960.72,1921.44
15264,6112,11,4,791.98,3167.92
15265,6113,16,5,1284.69,6423.45
15266,6113,7,3,701.68,2105.04
15267,6113,18,5,1870.97,9354.85
15268,6113,19,3,1334.98,4004.94
15269,6114,12,4,269.96,1079.84
15270,6114,5,2,191.61,383.22
15271,6114,3,2,897.26,1794.52
15272,6115,20,3,239.48,718.44
15273,6116,12,2,259.48,518.96
15274,6117,16,2,1105.83,2211.66
15275,6117,10,2,895.38,1790.76
15276,6118,10,4,931.8,3727.2
15277,6118,3,1,781.8,781.8
15278,6119,12,1,262.05,262.05
15279,6119,6,4,138.73,554.92
15280,6119,12,3,252.43,757.29
15281,6120,10,2,883.57,1767.14
15282,6120,19,4,1371.64,5486.56
15283,6121,8,4,499.74,1998.96
15284,6121,16,2,1035.74,2071.48
15285,6121,18,4,1796.73,7186.92
15286,6121,2,3,790.41,2371.23
15287,6122,17,6,2328.46,13970.76
15288,6122,14,6,128.92,773.52
15289,6122,15,3,811.75,2435.25
15290,6123,18,2,1511.14,3022.28
15291,6123,2,2,798.09,1596.18
15292,6123,10,1,723.97,723.97
15293,6123,13,2,545.79,1091.58
15294,6124,3,1,809.56,809.56
15295,6125,6,2,107.27,214.54
15296,6125,2,2,836.31,1672.62
15297,6125,12,4,262.96,1051.84
15298,6125,9,4,1978.58,7914.32
15299,6126,8,4,524.82,2099.28
15300,6126,12,2,282.63,565.26
15301,6127,19,3,1112.42,3337.26
15302,6127,1,3,1769.31,5307.93
15303,6127,14,1,160.27,160.27
15304,6127,13,1,445.06,445.06
15305,6128,2,2,782.01,1564.02
15306,6128,16,4,980.22,3920.88
15307,6129,8,1,485.04,485.04
15308,6129,4,2,407.16,814.32
15309,6129,4,5,391.96,1959.8
15310,6130,10,3,825.69,2477.07
15311,6130,20,5,249.82,1249.1
15312,6130,13,3,427.36,1282.08
15313,6130,10,1,881.91,881.91
15314,6131,13,2,401.58,803.16
15315,6131,14,3,126.09,378.27
15316,6131,14,2,157.15,314.3
15317,6131,6,1,123.91,123.91
15318,6132,9,4,1816.37,7265.48
15319,6132,7,3,565.13,1695.39
15320,6132,12,3,261.77,785.31
15321,6132,9,3,1803.05,5409.15
15322,6133,19,6,1120.29,6721.74
15323,6133,17,2,2182.96,4365.92
15324,6133,16,1,1116.7,1116.7
15325,6133,1,5,1647.37,8236.85
15326,6134,13,4,404.21,1616.84
15327,6134,4,2,400.89,801.78
15328,6134,16,3,1103.43,3310.29
15329,6134,16,4,1258.33,5033.32
15330,6135,1,2,2160.0,4320.0
15331,6136,17,3,2209.05,6627.15
15332,6136,7,3,657.57,1972.71
15333,6136,12,2,241.96,483.92
15334,6136,12,3,213.53,640.59
15335,6137,16,2,1027.15,2054.3
15336,6138,8,3,616.46,1849.38
15337,6138,11,4,922.76,3691.04
15338,6138,18,4,1873.6,7494.4
15339,6138,8,2,494.56,989.12
15340,6139,9,1,1971.15,1971.15
15341,6139,19,2,1382.68,2765.36
15342,6140,14,1,154.36,154.36
15343,6141,4,5,468.18,2340.9
15344,6141,16,3,1212.59,3637.77
15345,6141,7,4,723.23,2892.92
15346,6142,13,3,454.64,1363.92
15347,6142,3,2,821.4,1642.8
15348,6142,8,2,511.87,1023.74
15349,6142,9,4,1943.08,7772.32
15350,6143,7,2,719.82,1439.64
15351,6143,13,1,543.51,543.51
15352,6144,19,4,1173.6,4694.4
15353,6145,16,3,1151.95,3455.85
15354,6145,19,3,1196.04,3588.12
15355,6145,12,3,226.39,679.17
15356,6146,10,2,835.81,1671.62
15357,6146,18,2,1816.49,3632.98
15358,6147,4,2,449.44,898.88
15359,6147,3,2,796.11,1592.22
15360,6148,19,3,1382.05,4146.15
15361,6149,18,1,1862.88,1862.88
15362,6149,8,3,608.19,1824.57
15363,6149,5,3,207.66,622.98
15364,6150,18,2,1606.75,3213.5
15365,6150,4,2,365.92,731.84
15366,6150,4,3,418.4,1255.2
15367,6151,1,1,2095.93,2095.93
15368,6151,17,1,2003.87,2003.87
15369,6151,20,2,212.8,425.6
15370,6151,12,2,224.65,449.3
15371,6152,13,6,457.6,2745.6
15372,6153,3,5,845.73,4228.65
15373,6153,13,3,482.49,1447.47
15374,6153,13,3,441.94,1325.82
15375,6153,16,3,1230.12,3690.36
15376,6154,16,2,1077.35,2154.7
15377,6154,6,3,130.98,392.94
15378,6154,5,2,188.41,376.82
15379,6155,13,4,460.84,1843.36
15380,6155,12,4,248.83,995.32
15381,6155,11,2,851.96,1703.92
15382,6155,7,1,578.69,578.69
15383,6156,11,4,932.97,3731.88
15384,6156,4,2,398.43,796.86
15385,6156,7,1,708.63,708.63
15386,6157,2,1,878.05,878.05
15387,6158,6,4,128.48,513.92
15388,6158,10,2,851.06,1702.12
15389,6159,3,2,931.23,1862.46
15390,6160,7,2,592.82,1185.64
15391,6161,13,1,522.83,522.83
15392,6161,5,4,171.65,686.6
15393,6161,8,3,455.76,1367.28
15394,6162,17,1,1909.06,1909.06
15395,6162,16,1,1001.93,1001.93
15396,6162,14,2,130.84,261.68
15397,6163,4,1,375.46,375.46
15398,6163,3,4,928.21,3712.84
15399,6163,20,4,191.69,766.76
15400,6163,10,4,787.95,3151.8
15401,6164,8,1,547.81,547.81
15402,6164,1,3,2055.55,6166.65
15403,6164,12,3,283.9,851.7
15404,6164,17,1,1888.46,1888.46
15405,6165,14,4,153.92,615.68
15406,6165,8,1,602.11,602.11
15407,6165,6,2,107.86,215.72
15408,6166,12,5,284.82,1424.1
15409,6166,1,4,2041.97,8167.88
15410,6166,17,5,1970.42,9852.1
15411,6166,20,1,248.38,248.38
15412,6167,5,3,152.97,458.91
15413,6168,6,3,131.38,394.14
15414,6168,7,2,609.86,1219.72
15415,6168,17,3,2055.73,6167.19
15416,6169,2,4,898.33,3593.32
15417,6169,14,5,133.03,665.15
15418,6170,9,1,2321.75,2321.75
15419,6170,2,2,698.04,1396.08
15420,6170,11,2,967.54,1935.08
15421,6170,1,2,2027.32,4054.64
15422,6171,9,4,2328.37,9313.48
15423,6172,7,2,718.44,1436.88
15424,6172,18,2,1541.48,3082.96
15425,6173,1,3,1969.2,5907.6
15426,6173,2,4,827.67,3310.68
15427,6173,3,2,957.73,1915.46
15428,6174,17,3,1712.55,5137.65
15429,6174,16,5,1054.92,5274.6
15430,6175,4,3,373.64,1120.92
15431,6175,11,4,946.42,3785.68
15432,6175,10,2,750.83,1501.66
15433,6175,5,6,185.67,1114.02
15434,6176,8,2,624.66,1249.32
15435,6176,10,3,877.88,2633.64
15436,6177,9,3,1993.33,5979.99
15437,6177,18,2,1499.24,2998.48
15438,6177,16,3,988.75,2966.25
15439,6177,5,2,159.84,319.68
15440,6178,17,4,1771.26,7085.04
15441,6178,5,3,184.2,552.6
15442,6179,20,2,234.54,469.08
15443,6180,2,4,726.22,2904.88
15444,6180,3,4,951.13,3804.52
15445,6180,9,1,1936.89,1936.89
15446,6181,5,5,206.25,1031.25
15447,6181,2,1,689.76,689.76
15448,6181,1,3,1717.91,5153.73
15449,6182,14,3,129.9,389.7
15450,6182,19,2,1379.06,2758.12
15451,6182,1,4,2172.64,8690.56
15452,6183,5,1,202.1,202.1
15453,6183,9,5,1798.61,8993.05
15454,6184,7,2,567.6,1135.2
15455,6184,15,3,990.22,2970.66
15456,6185,8,1,600.25,600.25
15457,6185,19,1,1313.55,1313.55
15458,6185,16,3,1175.7,3527.1
15459,6186,13,3,501.77,1505.31
15460,6186,5,4,201.32,805.28
15461,6187,17,6,2312.06,13872.36
15462,6187,11,3,1086.5,3259.5
15463,6187,20,3,244.05,732.15
15464,6187,19,4,1302.3,5209.2
15465,6188,16,1,1014.82,1014.82
15466,6188,6,3,134.39,403.17
15467,6188,1,1,1904.37,1904.37
15468,6188,2,4,849.53,3398.12
15469,6189,5,3,177.72,533.16
15470,6190,5,3,210.92,632.76
15471,6190,18,3,1662.93,4988.79
15472,6190,3,4,867.45,3469.8
15473,6190,19,3,1240.85,3722.55
15474,6191,20,3,189.79,569.37
15475,6191,16,1,1111.89,1111.89
15476,6192,13,3,513.38,1540.14
15477,6192,7,2,621.56,1243.12
15478,6192,19,4,1312.12,5248.48
15479,6193,10,1,877.0,877.0
15480,6193,11,3,930.45,2791.35
15481,6194,18,5,1891.62,9458.1
15482,6194,11,4,827.49,3309.96
15483,6195,10,1,754.92,754.92
15484,6195,12,2,232.59,465.18
15485,6195,11,5,932.05,4660.25
15486,6195,4,2,403.89,807.78
15487,6196,16,2,1003.56,2007.12
15488,6196,12,1,261.54,261.54
15489,6196,2,5,812.27,4061.35
15490,6197,9,3,2168.7,6506.1
15491,6197,15,3,813.22,2439.66
15492,6197,5,3,184.6,553.8
15493,6197,8,3,493.66,1480.98
15494,6198,20,2,249.84,499.68
15495,6199,18,2,1914.32,3828.64
15496,6199,17,1,2210.55,2210.55
15497,6199,7,2,543.96,1087.92
15498,6199,3,1,919.47,919.47
15499,6200,7,2,686.63,1373.26
15500,6201,3,5,959.57,4797.85
15501,6201,4,2,384.65,769.3
15502,6201,8,3,493.21,1479.63
15503,6201,15,3,759.89,2279.67
15504,6202,1,2,1628.8,3257.6
15505,6202,12,2,274.59,549.18
15506,6202,20,1,189.44,189.44
15507,6203,8,3,627.51,1882.53
15508,6203,12,1,252.82,252.82
15509,6204,6,2,120.42,240.84
15510,6204,8,2,528.85,1057.7
15511,6204,5,1,154.49,154.49
15512,6204,16,3,1093.83,3281.49
15513,6205,15,4,778.68,3114.72
15514,6205,20,5,220.95,1104.75
15515,6205,16,3,1069.09,3207.27
15516,6206,10,3,786.12,2358.36
15517,6206,15,3,753.2,2259.6
15518,6207,19,4,1374.06,5496.24
15519,6207,10,3,844.18,2532.54
15520,6207,17,1,2106.99,2106.99
15521,6208,5,4,156.84,627.36
15522,6208,16,6,1066.6,6399.6
15523,6208,18,1,1552.35,1552.35
15524,6208,1,1,2093.38,2093.38
15525,6209,2,1,741.52,741.52
15526,6209,2,3,814.11,2442.33
15527,6209,10,1,921.23,921.23
15528,6210,5,2,163.81,327.62
15529,6211,18,5,1849.08,9245.4
15530,6211,6,5,118.18,590.9
15531,6212,13,3,504.54,1513.62
15532,6213,20,2,223.37,446.74
15533,6214,20,2,230.94,461.88
15534,6214,5,2,176.53,353.06
15535,6214,6,3,123.76,371.28
15536,6215,20,1,208.76,208.76
15537,6215,4,4,467.16,1868.64
15538,6215,20,1,199.62,199.62
15539,6215,15,2,859.85,1719.7
15540,6216,19,4,1374.36,5497.44
15541,6217,1,2,1778.17,3556.34
15542,6217,15,1,731.97,731.97
15543,6218,18,2,1780.72,3561.44
15544,6218,19,2,1213.35,2426.7
15545,6218,6,1,133.6,133.6
15546,6218,10,3,851.47,2554.41
15547,6219,13,2,541.93,1083.86
15548,6220,8,1,483.34,483.34
15549,6220,1,2,1668.22,3336.44
15550,6221,18,3,1805.76,5417.28
15551,6221,10,3,951.8,2855.4
15552,6221,5,2,207.51,415.02
15553,6222,12,1,280.56,280.56
15554,6222,5,2,179.74,359.48
15555,6222,1,3,1871.55,5614.65
15556,6223,19,5,1337.79,6688.95
15557,6224,4,2,439.19,878.38
15558,6224,8,2,564.24,1128.48
15559,6224,11,3,811.69,2435.07
15560,6225,16,2,1331.54,2663.08
15561,6226,12,1,262.98,262.98
15562,6227,2,2,782.08,1564.16
15563,6227,6,3,107.12,321.36
15564,6228,1,6,2102.54,12615.24
15565,6228,12,6,280.08,1680.48
15566,6229,17,2,2019.18,4038.36
15567,6229,13,3,468.16,1404.48
15568,6229,6,5,112.46,562.3
15569,6229,7,3,617.57,1852.71
15570,6230,17,3,2123.42,6370.26
15571,6230,17,2,1988.9,3977.8
15572,6230,14,4,156.64,626.56
15573,6230,13,2,456.66,913.32
15574,6231,11,3,853.12,2559.36
15575,6231,12,4,251.88,1007.52
15576,6231,10,2,942.16,1884.32
15577,6232,16,3,1183.26,3549.78
15578,6232,1,1,1751.61,1751.61
15579,6232,9,4,2151.25,8605.0
15580,6233,6,2,115.02,230.04
15581,6233,5,2,177.67,355.34
15582,6233,12,2,217.72,435.44
15583,6234,17,2,2003.0,4006.0
15584,6234,6,3,116.48,349.44
15585,6234,9,3,2005.69,6017.07
15586,6235,7,2,656.54,1313.08
15587,6236,20,1,201.59,201.59
15588,6236,6,6,107.82,646.92
15589,6237,11,6,860.13,5160.78
15590,6237,12,1,266.27,266.27
15591,6237,1,4,2079.07,8316.28
15592,6237,7,3,660.28,1980.84
15593,6238,16,4,1114.04,4456.16
15594,6238,20,3,258.05,774.15
15595,6238,7,3,726.03,2178.09
15596,6238,7,2,629.94,1259.88
15597,6239,2,2,845.42,1690.84
15598,6240,12,2,207.18,414.36
15599,6240,11,3,826.77,2480.31
15600,6240,19,2,1201.87,2403.74
15601,6240,1,2,1990.92,3981.84
15602,6241,17,5,2264.61,11323.05
15603,6242,9,5,1912.16,9560.8
15604,6243,15,4,878.33,3513.32
15605,6244,11,3,1040.68,3122.04
15606,6245,12,3,212.14,636.42
15607,6245,10,4,955.02,3820.08
15608,6245,3,4,899.88,3599.52
15609,6246,3,4,987.21,3948.84
15610,6247,12,5,221.01,1105.05
15611,6247,10,2,768.92,1537.84
15612,6247,20,1,205.14,205.14
15613,6247,5,1,165.87,165.87
15614,6248,11,3,1060.98,3182.94
15615,6248,3,1,749.98,749.98
15616,6248,19,1,1248.03,1248.03
15617,6249,20,1,225.57,225.57
15618,6249,10,6,911.43,5468.58
15619,6249,7,3,653.08,1959.24
15620,6249,2,4,891.04,3564.16
15621,6250,10,3,967.45,2902.35
15622,6250,16,1,1277.74,1277.74
15623,6251,2,1,815.22,815.22
15624,6252,20,5,255.77,1278.85
15625,6253,17,3,1912.91,5738.73
15626,6253,9,4,1983.93,7935.72
15627,6254,4,1,403.0,403.0
15628,6255,15,2,926.75,1853.5
15629,6255,5,2,191.84,383.68
15630,6256,2,1,765.81,765.81
15631,6256,10,5,931.36,4656.8
15632,6256,14,1,158.64,158.64
15633,6256,20,2,203.17,406.34
15634,6257,10,2,715.47,1430.94
15635,6258,7,1,692.66,692.66
15636,6258,20,3,201.11,603.33
15637,6258,11,1,1029.39,1029.39
15638,6259,20,3,200.66,601.98
15639,6259,14,2,151.64,303.28
15640,6259,1,3,1915.57,5746.71
15641,6260,1,2,2077.11,4154.22
15642,6261,4,2,450.67,901.34
15643,6261,8,5,591.37,2956.85
15644,6261,11,3,877.69,2633.07
15645,6262,9,1,1882.27,1882.27
15646,6262,20,3,191.86,575.58
15647,6262,2,1,700.8,700.8
15648,6262,4,4,447.67,1790.68
15649,6263,17,5,1892.47,9462.35
15650,6264,19,3,1305.53,3916.59
15651,6264,17,4,1983.47,7933.88
15652,6265,8,6,626.32,3757.92
15653,6265,6,2,134.92,269.84
15654,6265,12,3,274.56,823.68
15655,6266,2,3,859.67,2579.01
15656,6266,6,2,133.46,266.92
15657,6266,1,3,1833.85,5501.55
15658,6267,16,1,1215.08,1215.08
15659,6267,8,3,479.58,1438.74
15660,6268,12,2,225.8,451.6
15661,6269,5,1,196.3,196.3
15662,6269,15,2,937.64,1875.28
15663,6270,11,4,830.46,3321.84
15664,6270,15,1,1001.98,1001.98
15665,6271,14,2,140.55,281.1
15666,6271,7,3,708.21,2124.63
15667,6272,3,2,901.31,1802.62
15668,6273,2,2,901.21,1802.42
15669,6274,6,3,101.01,303.03
15670,6274,18,4,1822.01,7288.04
15671,6275,12,2,211.61,423.22
15672,6275,3,2,997.38,1994.76
15673,6276,10,3,896.27,2688.81
15674,6277,15,1,777.27,777.27
15675,6277,7,1,653.37,653.37
15676,6277,17,2,2122.53,4245.06
15677,6278,8,3,626.91,1880.73
15678,6278,20,3,240.65,721.95
15679,6278,10,1,767.94,767.94
15680,6279,14,2,142.89,285.78
15681,6280,17,1,1744.98,1744.98
15682,6281,17,4,2147.82,8591.28
15683,6281,15,3,739.78,2219.34
15684,6281,11,3,869.39,2608.17
15685,6281,16,4,1044.91,4179.64
15686,6282,7,4,663.97,2655.88
15687,6283,19,4,1310.54,5242.16
15688,6283,5,2,164.96,329.92
15689,6283,12,2,266.76,533.52
15690,6283,17,3,2214.9,6644.7
15691,6284,5,1,177.75,177.75
15692,6284,4,6,402.55,2415.3
15693,6284,10,4,869.75,3479.0
15694,6284,4,3,428.34,1285.02
15695,6285,12,2,248.57,497.14
15696,6285,17,3,1968.9,5906.7
15697,6286,5,3,178.59,535.77
15698,6286,7,3,580.93,1742.79
15699,6286,16,3,1169.69,3509.07
15700,6287,15,2,844.53,1689.06
15701,6288,9,3,1985.27,5955.81
15702,6289,10,3,978.36,2935.08
15703,6289,9,2,2029.53,4059.06
15704,6290,19,2,1418.87,2837.74
15705,6290,7,1,610.95,610.95
15706,6290,1,3,1976.79,5930.37
15707,6291,11,3,1074.05,3222.15
15708,6291,18,1,1832.0,1832.0
15709,6291,17,6,1751.39,10508.34
15710,6291,10,2,854.44,1708.88
15711,6292,12,1,227.21,227.21
15712,6292,14,1,137.58,137.58
15713,6292,15,3,982.36,2947.08
15714,6292,10,2,945.7,1891.4
15715,6293,1,6,2131.4,12788.4
15716,6293,16,3,1096.53,3289.59
15717,6294,13,1,417.61,417.61
15718,6295,13,2,547.99,1095.98
15719,6295,14,2,154.39,308.78
15720,6296,16,5,1033.95,5169.75
15721,6296,8,1,508.17,508.17
15722,6297,18,2,1933.27,3866.54
15723,6297,11,2,862.16,1724.32
15724,6297,17,1,2149.76,2149.76
15725,6298,18,1,1804.36,1804.36
15726,6298,1,1,1869.34,1869.34
15727,6298,12,3,225.59,676.77
15728,6299,1,4,2013.53,8054.12
15729,6299,8,3,526.12,1578.36
15730,6299,10,2,859.24,1718.48
15731,6300,13,2,398.33,796.66
15732,6300,9,3,2175.31,6525.93
15733,6301,14,1,136.62,136.62
15734,6302,16,5,1161.23,5806.15
15735,6302,10,3,769.45,2308.35
15736,6303,10,3,802.89,2408.67
15737,6304,17,4,2286.73,9146.92
15738,6304,8,2,551.46,1102.92
15739,6304,18,1,1679.98,1679.98
15740,6305,12,1,231.2,231.2
15741,6305,12,3,258.97,776.91
15742,6305,10,2,819.3,1638.6
15743,6306,3,4,792.96,3171.84
15744,6306,10,5,837.14,4185.7
15745,6307,1,1,2235.9,2235.9
15746,6307,9,3,1926.09,5778.27
15747,6307,9,3,2355.13,7065.39
15748,6308,13,3,492.81,1478.43
15749,6308,13,5,525.74,2628.7
15750,6308,19,3,1399.89,4199.67
15751,6309,4,4,435.37,1741.48
15752,6310,17,3,1935.65,5806.95
15753,6310,17,1,2250.42,2250.42
15754,6310,19,2,1364.32,2728.64
15755,6311,11,2,854.0,1708.0
15756,6311,8,3,509.02,1527.06
15757,6311,19,4,1122.37,4489.48
15758,6312,1,1,2016.63,2016.63
15759,6312,11,3,946.82,2840.46
15760,6312,13,2,439.43,878.86
15761,6313,20,1,225.98,225.98
15762,6313,17,3,2314.7,6944.1
15763,6314,13,6,523.2,3139.2
15764,6315,7,3,574.55,1723.65
15765,6315,8,6,535.76,3214.56
15766,6316,15,2,960.89,1921.78
15767,6316,1,4,2023.93,8095.72
15768,6316,12,1,227.61,227.61
15769,6316,18,2,1930.07,3860.14
15770,6317,9,4,2161.6,8646.4
15771,6317,6,3,131.46,394.38
15772,6317,8,4,539.37,2157.48
15773,6317,12,3,259.07,777.21
15774,6318,3,2,1011.73,2023.46
15775,6318,18,1,1573.54,1573.54
15776,6318,4,2,389.04,778.08
15777,6318,10,2,813.73,1627.46
15778,6319,20,4,249.02,996.08
15779,6319,7,1,605.72,605.72
15780,6319,2,3,875.78,2627.34
15781,6319,7,1,723.83,723.83
15782,6320,16,2,1119.7,2239.4
15783,6320,12,3,249.43,748.29
15784,6320,18,4,1516.92,6067.68
15785,6320,16,2,1278.75,2557.5
15786,6321,20,4,244.85,979.4
15787,6321,2,3,676.94,2030.82
15788,6321,13,1,461.02,461.02
15789,6321,17,2,1999.0,3998.0
15790,6322,17,3,1758.21,5274.63
15791,6323,10,3,950.78,2852.34
15792,6323,9,2,2021.72,4043.44
15793,6324,19,2,1309.6,2619.2
15794,6325,5,3,186.81,560.43
15795,6326,16,5,1308.27,6541.35
15796,6326,2,4,859.79,3439.16
15797,6326,13,3,429.41,1288.23
15798,6327,16,3,1171.26,3513.78
15799,6328,4,3,410.79,1232.37
15800,6328,1,3,1675.1,5025.3
15801,6328,7,3,550.08,1650.24
15802,6328,3,3,929.38,2788.14
15803,6329,16,3,1216.56,3649.68
15804,6329,6,5,132.25,661.25
15805,6329,6,3,128.7,386.1
15806,6329,4,1,415.24,415.24
15807,6330,10,2,889.31,1778.62
15808,6330,14,3,124.69,374.07
15809,6330,2,4,880.57,3522.28
15810,6331,11,4,1039.59,4158.36
15811,6332,11,3,882.47,2647.41
15812,6332,16,2,1119.28,2238.56
15813,6332,3,1,943.62,943.62
15814,6332,18,1,1430.3,1430.3
15815,6333,20,1,232.27,232.27
15816,6334,6,5,107.9,539.5
15817,6334,13,3,433.1,1299.3
15818,6334,14,3,154.73,464.19
15819,6334,15,2,782.6,1565.2
15820,6335,8,2,589.87,1179.74
15821,6336,19,2,1189.57,2379.14
15822,6337,8,3,561.26,1683.78
15823,6337,9,6,1967.9,11807.4
15824,6337,1,1,1901.8,1901.8
15825,6337,9,2,2244.69,4489.38
15826,6338,13,6,406.93,2441.58
15827,6339,12,4,241.58,966.32
15828,6339,15,2,825.64,1651.28
15829,6340,2,3,684.26,2052.78
15830,6340,20,3,221.85,665.55
15831,6340,14,5,135.09,675.45
15832,6341,2,3,683.13,2049.39
15833,6341,15,1,807.63,807.63
15834,6342,7,4,621.48,2485.92
15835,6342,8,6,559.02,3354.12
15836,6342,15,3,949.78,2849.34
15837,6342,11,6,904.34,5426.04
15838,6343,14,2,133.33,266.66
15839,6343,10,1,822.54,822.54
15840,6343,14,2,158.1,316.2
15841,6343,12,3,242.83,728.49
15842,6344,11,3,948.43,2845.29
15843,6345,7,1,654.61,654.61
15844,6345,7,4,610.99,2443.96
15845,6345,2,2,918.44,1836.88
15846,6345,1,1,1635.43,1635.43
15847,6346,19,6,1415.93,8495.58
15848,6346,20,2,186.81,373.62
15849,6346,7,3,723.53,2170.59
15850,6347,2,3,923.91,2771.73
15851,6347,11,2,813.95,1627.9
15852,6347,16,4,1061.83,4247.32
15853,6347,18,1,1405.92,1405.92
15854,6348,15,2,792.84,1585.68
15855,6348,2,1,933.13,933.13
15856,6348,9,4,1725.64,6902.56
15857,6348,7,4,672.85,2691.4
15858,6349,6,2,130.79,261.58
15859,6349,11,2,1056.1,2112.2
15860,6349,18,1,1738.46,1738.46
15861,6350,9,1,2178.21,2178.21
15862,6351,20,2,230.79,461.58
15863,6352,6,3,133.74,401.22
15864,6353,14,3,156.55,469.65
15865,6353,12,3,262.54,787.62
15866,6353,16,3,1026.01,3078.03
15867,6354,16,2,1313.89,2627.78
15868,6354,20,3,255.2,765.6
15869,6354,18,2,1735.14,3470.28
15870,6355,5,2,177.82,355.64
15871,6355,10,1,925.7,925.7
15872,6355,11,5,944.86,4724.3
15873,6356,9,1,1746.81,1746.81
15874,6356,10,2,901.32,1802.64
15875,6356,16,6,1069.89,6419.34
15876,6357,3,4,870.54,3482.16
15877,6358,15,3,985.42,2956.26
15878,6359,10,4,937.38,3749.52
15879,6360,14,3,158.97,476.91
15880,6360,19,2,1092.44,2184.88
15881,6360,4,3,370.9,1112.7
15882,6360,20,1,243.38,243.38
15883,6361,3,4,859.78,3439.12
15884,6361,20,1,250.0,250.0
15885,6361,4,2,389.9,779.8
15886,6361,13,4,456.66,1826.64
15887,6362,2,2,787.07,1574.14
15888,6362,7,2,585.72,1171.44
15889,6362,13,3,474.76,1424.28
15890,6363,20,3,230.71,692.13
15891,6363,10,5,824.43,4122.15
15892,6364,9,3,2009.65,6028.95
15893,6364,9,2,1835.27,3670.54
15894,6364,12,2,220.36,440.72
15895,6364,2,2,721.41,1442.82
15896,6365,3,2,822.29,1644.58
15897,6366,1,3,1679.33,5037.99
15898,6366,6,2,136.6,273.2
15899,6367,18,3,1801.84,5405.52
15900,6367,16,1,1000.6,1000.6
15901,6367,3,3,874.96,2624.88
15902,6367,2,4,776.93,3107.72
15903,6368,10,4,755.67,3022.68
15904,6368,18,5,1769.18,8845.9
15905,6368,4,1,395.28,395.28
15906,6369,12,3,277.35,832.05
15907,6370,9,3,2216.7,6650.1
15908,6371,15,2,850.36,1700.72
15909,6371,13,2,524.37,1048.74
15910,6371,12,4,227.72,910.88
15911,6372,8,2,490.62,981.24
15912,6373,17,1,2044.68,2044.68
15913,6373,11,2,882.79,1765.58
15914,6374,11,3,1005.12,3015.36
15915,6375,6,3,114.96,344.88
15916,6375,16,2,1214.87,2429.74
15917,6375,6,2,111.16,222.32
15918,6376,18,1,1503.18,1503.18
15919,6377,9,1,2255.95,2255.95
15920,6377,6,4,120.37,481.48
15921,6377,2,2,674.51,1349.02
15922,6377,17,1,2213.01,2213.01
15923,6378,7,5,658.3,3291.5
15924,6378,18,3,1896.21,5688.63
15925,6378,10,4,825.6,3302.4
15926,6379,11,4,935.36,3741.44
15927,6379,11,4,943.03,3772.12
15928,6380,13,3,551.93,1655.79
15929,6380,16,2,1212.98,2425.96
15930,6381,7,3,655.35,1966.05
15931,6382,18,4,1461.9,5847.6
15932,6382,19,3,1273.08,3819.24
15933,6382,14,4,120.2,480.8
15934,6383,18,4,1650.81,6603.24
15935,6384,9,2,2253.5,4507.0
15936,6385,15,3,741.92,2225.76
15937,6385,15,4,759.18,3036.72
15938,6385,16,3,1117.77,3353.31
15939,6385,20,3,190.6,571.8
15940,6386,4,2,365.89,731.78
15941,6386,11,3,831.9,2495.7
15942,6387,19,4,1218.59,4874.36
15943,6387,7,2,549.09,1098.18
15944,6388,4,1,356.7,356.7
15945,6388,12,3,229.25,687.75
15946,6389,5,3,184.9,554.7
15947,6389,16,4,1062.33,4249.32
15948,6389,17,2,1813.7,3627.4
15949,6389,4,1,455.58,455.58
15950,6390,8,4,614.68,2458.72
15951,6390,16,3,1062.08,3186.24
15952,6390,9,1,2281.35,2281.35
15953,6391,11,4,968.62,3874.48
15954,6391,11,4,1003.0,4012.0
15955,6391,3,3,920.88,2762.64
15956,6392,18,2,1620.88,3241.76
15957,6392,9,4,2133.67,8534.68
15958,6392,13,3,452.06,1356.18
15959,6393,18,6,1748.08,10488.48
15960,6394,11,3,1000.17,3000.51
15961,6394,6,4,108.82,435.28
15962,6394,3,2,927.44,1854.88
15963,6395,14,3,140.26,420.78
15964,6395,6,4,138.33,553.32
15965,6395,2,2,766.68,1533.36
15966,6396,4,2,373.99,747.98
15967,6396,1,3,1893.84,5681.52
15968,6397,11,2,806.81,1613.62
15969,6397,15,3,896.75,2690.25
15970,6397,16,2,1081.71,2163.42
15971,6398,9,1,2264.61,2264.61
15972,6399,6,3,126.37,379.11
15973,6399,14,3,132.96,398.88
15974,6399,1,1,1962.63,1962.63
15975,6400,5,2,172.09,344.18
15976,6400,9,1,2136.65,2136.65
15977,6400,10,2,781.75,1563.5
15978,6401,5,3,183.74,551.22
15979,6402,11,3,943.73,2831.19
15980,6402,17,3,1932.17,5796.51
15981,6402,10,2,714.66,1429.32
15982,6403,14,2,153.88,307.76
15983,6403,14,6,138.19,829.14
15984,6404,20,3,214.15,642.45
15985,6404,9,2,2285.23,4570.46
15986,6404,16,4,1128.11,4512.44
15987,6404,15,4,1009.92,4039.68
15988,6405,4,4,390.29,1561.16
15989,6406,14,1,130.65,130.65
15990,6406,17,3,1985.92,5957.76
15991,6407,19,1,1244.93,1244.93
15992,6407,9,2,1805.58,3611.16
15993,6408,10,2,921.84,1843.68
15994,6409,20,4,213.58,854.32
15995,6409,11,1,1023.39,1023.39
15996,6409,5,3,182.62,547.86
15997,6410,17,1,2223.15,2223.15
15998,6410,6,4,118.25,473.0
15999,6410,16,2,977.3,1954.6
16000,6410,20,3,204.39,613.17
16001,6411,7,2,714.79,1429.58
16002,6412,7,3,615.21,1845.63
16003,6412,1,4,1789.95,7159.8
16004,6413,8,3,521.2,1563.6
16005,6413,5,4,163.06,652.24
16006,6413,20,6,199.41,1196.46
16007,6413,10,3,942.94,2828.82
16008,6414,20,3,200.52,601.56
16009,6414,7,1,690.16,690.16
16010,6415,15,3,761.27,2283.81
16011,6415,8,6,576.81,3460.86
16012,6415,15,5,735.82,3679.1
16013,6415,12,1,269.31,269.31
16014,6416,12,3,268.5,805.5
16015,6417,4,2,400.6,801.2
16016,6417,5,3,189.28,567.84
16017,6418,13,1,418.98,418.98
16018,6419,15,3,869.36,2608.08
16019,6419,9,5,1776.98,8884.9
16020,6419,1,1,1830.85,1830.85
16021,6419,5,2,167.86,335.72
16022,6420,10,3,932.73,2798.19
16023,6420,20,1,191.92,191.92
16024,6421,13,2,510.09,1020.18
16025,6421,10,2,798.2,1596.4
16026,6421,17,3,1841.81,5525.43
16027,6421,11,2,1027.3,2054.6
16028,6422,13,2,421.7,843.4
16029,6422,9,1,2107.71,2107.71
16030,6423,14,1,151.36,151.36
16031,6423,17,3,1837.11,5511.33
16032,6423,18,3,1948.41,5845.23
16033,6424,7,3,725.85,2177.55
16034,6424,12,1,272.14,272.14
16035,6425,4,1,426.51,426.51
16036,6425,9,1,2233.26,2233.26
16037,6426,19,1,1122.94,1122.94
16038,6426,4,5,453.97,2269.85
16039,6427,9,4,1909.25,7637.0
16040,6427,6,3,131.98,395.94
16041,6428,2,2,844.04,1688.08
16042,6428,10,1,862.83,862.83
16043,6428,12,6,239.07,1434.42
16044,6429,16,4,1093.06,4372.24
16045,6429,2,2,843.8,1687.6
16046,6429,15,1,850.42,850.42
16047,6429,11,2,1008.54,2017.08
16048,6430,12,2,277.45,554.9
16049,6430,17,3,1890.57,5671.71
16050,6431,5,2,186.95,373.9
16051,6432,12,1,276.42,276.42
16052,6433,6,6,110.9,665.4
16053,6433,14,4,132.27,529.08
16054,6434,1,3,1665.73,4997.19
16055,6434,11,3,788.89,2366.67
16056,6434,9,3,1933.13,5799.39
16057,6435,5,4,169.71,678.84
16058,6436,14,4,124.69,498.76
16059,6436,16,1,1041.99,1041.99
16060,6436,12,3,237.67,713.01
16061,6437,11,4,938.73,3754.92
16062,6438,13,4,498.14,1992.56
16063,6439,7,3,601.07,1803.21
16064,6439,10,3,723.15,2169.45
16065,6440,9,6,1942.8,11656.8
16066,6440,16,2,969.85,1939.7
16067,6440,5,2,178.01,356.02
16068,6441,6,2,103.47,206.94
16069,6442,5,2,173.96,347.92
16070,6443,15,6,743.53,4461.18
16071,6443,11,1,921.88,921.88
16072,6444,16,2,1207.32,2414.64
16073,6445,9,2,2365.79,4731.58
16074,6445,9,1,2171.94,2171.94
16075,6445,10,1,961.01,961.01
16076,6446,13,3,470.64,1411.92
16077,6447,17,3,2256.3,6768.9
16078,6447,20,2,235.5,471.0
16079,6447,16,2,1178.84,2357.68
16080,6447,6,2,129.06,258.12
16081,6448,15,4,807.56,3230.24
16082,6449,16,4,1103.25,4413.0
16083,6450,15,3,748.83,2246.49
16084,6450,20,4,256.34,1025.36
16085,6451,19,2,1132.82,2265.64
16086,6451,20,5,233.57,1167.85
16087,6452,20,1,240.04,240.04
16088,6453,1,4,1944.29,7777.16
16089,6453,3,5,778.81,3894.05
16090,6453,7,1,615.01,615.01
16091,6454,9,3,1735.6,5206.8
16092,6454,5,3,184.89,554.67
16093,6454,12,1,250.73,250.73
16094,6454,4,1,413.04,413.04
16095,6455,16,1,967.9,967.9
16096,6455,9,4,1851.22,7404.88
16097,6456,18,1,1734.16,1734.16
16098,6457,8,2,545.34,1090.68
16099,6457,18,2,1589.56,3179.12
16100,6457,18,2,1776.75,3553.5
16101,6458,7,1,603.35,603.35
16102,6459,3,4,827.95,3311.8
16103,6459,17,1,2208.05,2208.05
16104,6459,14,3,133.28,399.84
16105,6460,19,4,1093.64,4374.56
16106,6460,1,1,1875.57,1875.57
16107,6460,18,4,1880.74,7522.96
16108,6461,3,2,993.34,1986.68
16109,6461,6,3,118.62,355.86
16110,6461,14,2,157.14,314.28
16111,6461,7,2,658.72,1317.44
16112,6462,13,5,454.13,2270.65
16113,6462,6,5,123.28,616.4
16114,6462,13,2,516.06,1032.12
16115,6462,13,3,516.44,1549.32
16116,6463,1,2,1803.53,3607.06
16117,6463,11,3,849.44,2548.32
16118,6464,5,5,162.68,813.4
16119,6464,5,1,175.71,175.71
16120,6464,4,1,376.19,376.19
16121,6464,12,4,258.2,1032.8
16122,6465,3,3,982.59,2947.77
16123,6465,9,2,2136.78,4273.56
16124,6465,14,2,118.59,237.18
16125,6466,8,2,621.88,1243.76
16126,6466,1,2,1724.94,3449.88
16127,6466,4,3,436.04,1308.12
16128,6467,13,3,410.14,1230.42
16129,6467,12,1,264.45,264.45
16130,6468,12,6,249.29,1495.74
16131,6468,1,2,2139.61,4279.22
16132,6468,11,5,997.25,4986.25
16133,6468,15,4,974.52,3898.08
16134,6469,13,3,427.14,1281.42
16135,6469,14,2,159.68,319.36
16136,6470,6,5,119.44,597.2
16137,6470,16,2,1024.8,2049.6
16138,6470,2,3,792.5,2377.5
16139,6471,12,2,278.42,556.84
16140,6471,15,5,923.07,4615.35
16141,6471,12,2,236.28,472.56
16142,6471,11,3,877.59,2632.77
16143,6472,11,3,816.46,2449.38
16144,6472,11,4,1000.79,4003.16
16145,6473,3,3,900.04,2700.12
16146,6473,8,2,496.32,992.64
16147,6473,20,2,201.72,403.44
16148,6473,16,2,1229.91,2459.82
16149,6474,18,2,1583.53,3167.06
16150,6474,9,2,1856.83,3713.66
16151,6474,9,1,2389.13,2389.13
16152,6475,18,3,1603.01,4809.03
16153,6475,15,3,783.48,2350.44
16154,6476,4,3,340.01,1020.03
16155,6476,12,3,253.77,761.31
16156,6477,18,3,1700.9,5102.7
16157,6477,2,3,896.58,2689.74
16158,6477,16,2,1009.93,2019.86
16159,6478,19,2,1140.48,2280.96
16160,6478,12,4,230.64,922.56
16161,6479,10,6,920.04,5520.24
16162,6479,4,2,439.83,879.66
16163,6479,1,3,2090.03,6270.09
16164,6479,19,1,1405.2,1405.2
16165,6480,17,1,1798.12,1798.12
16166,6480,11,1,993.36,993.36
16167,6480,2,2,715.09,1430.18
16168,6480,10,2,765.82,1531.64
16169,6481,20,2,232.81,465.62
16170,6482,3,2,929.61,1859.22
16171,6483,10,3,866.13,2598.39
16172,6483,16,3,1326.04,3978.12
16173,6483,5,1,190.35,190.35
16174,6483,2,2,831.95,1663.9
16175,6484,9,2,2302.27,4604.54
16176,6484,3,1,985.22,985.22
16177,6484,15,5,938.42,4692.1
16178,6485,18,1,1600.08,1600.08
16179,6485,9,3,2249.75,6749.25
16180,6486,8,3,568.58,1705.74
16181,6486,8,3,566.95,1700.85
16182,6487,4,2,445.8,891.6
16183,6488,19,2,1400.6,2801.2
16184,6489,18,4,1905.23,7620.92
16185,6489,6,4,137.42,549.68
16186,6489,6,2,112.66,225.32
16187,6490,17,2,2196.95,4393.9
16188,6490,15,2,980.04,1960.08
16189,6490,20,3,256.69,770.07
16190,6491,14,4,128.09,512.36
16191,6491,2,2,835.57,1671.14
16192,6492,14,2,135.2,270.4
16193,6492,18,5,1949.39,9746.95
16194,6492,5,3,199.23,597.69
16195,6493,15,6,932.83,5596.98
16196,6494,16,3,1171.93,3515.79
16197,6494,19,3,1382.04,4146.12
16198,6494,5,2,166.79,333.58
16199,6495,14,2,119.96,239.92
16200,6496,2,1,850.65,850.65
16201,6496,20,2,232.15,464.3
16202,6496,14,3,136.05,408.15
16203,6496,6,1,132.06,132.06
16204,6497,2,1,838.9,838.9
16205,6497,11,3,851.23,2553.69
16206,6497,3,3,851.31,2553.93
16207,6498,5,1,184.7,184.7
16208,6498,14,4,140.81,563.24
16209,6498,17,2,2155.74,4311.48
16210,6498,15,1,734.49,734.49
16211,6499,14,3,132.29,396.87
16212,6500,1,4,1996.36,7985.44
16213,6500,17,4,2168.57,8674.28
16214,6501,8,2,531.19,1062.38
16215,6501,12,5,259.11,1295.55
16216,6501,5,3,204.13,612.39
16217,6502,17,2,2181.75,4363.5
16218,6503,5,3,169.1,507.3
16219,6503,18,2,1503.02,3006.04
16220,6503,15,3,933.75,2801.25
16221,6504,7,1,685.83,685.83
16222,6504,16,2,1084.45,2168.9
16223,6504,6,1,132.69,132.69
16224,6505,3,1,906.36,906.36
16225,6506,17,4,1889.82,7559.28
16226,6506,8,5,603.28,3016.4
16227,6506,4,1,392.34,392.34
16228,6506,6,4,105.98,423.92
16229,6507,6,2,121.83,243.66
16230,6507,17,5,1957.63,9788.15
16231,6507,15,2,798.7,1597.4
16232,6508,4,1,382.22,382.22
16233,6508,13,5,526.96,2634.8
16234,6508,20,1,240.25,240.25
16235,6508,8,2,497.41,994.82
16236,6509,12,1,207.26,207.26
16237,6510,20,2,251.62,503.24
16238,6511,13,5,517.67,2588.35
16239,6511,18,3,1930.42,5791.26
16240,6511,9,2,2024.24,4048.48
16241,6511,18,6,1824.12,10944.72
16242,6512,18,3,1917.86,5753.58
16243,6512,2,1,867.7,867.7
16244,6513,1,2,2107.02,4214.04
16245,6513,14,2,136.74,273.48
16246,6513,8,2,476.7,953.4
16247,6514,11,2,788.26,1576.52
16248,6514,6,4,129.91,519.64
16249,6515,9,1,1871.45,1871.45
16250,6516,3,2,743.2,1486.4
16251,6516,1,2,2229.08,4458.16
16252,6516,15,5,822.04,4110.2
16253,6516,1,2,1771.42,3542.84
16254,6517,17,3,2041.28,6123.84
16255,6518,6,1,103.81,103.81
16256,6518,18,3,1575.09,4725.27
16257,6518,1,1,1638.07,1638.07
16258,6518,9,6,2121.0,12726.0
16259,6519,19,4,1316.1,5264.4
16260,6519,9,4,1934.43,7737.72
16261,6519,2,4,779.17,3116.68
16262,6519,17,3,1726.37,5179.11
16263,6520,10,3,872.94,2618.82
16264,6520,3,2,1016.15,2032.3
16265,6520,16,5,1013.38,5066.9
16266,6521,9,3,1776.0,5328.0
16267,6521,3,3,978.55,2935.65
16268,6521,18,3,1895.11,5685.33
16269,6521,10,4,737.56,2950.24
16270,6522,13,2,436.7,873.4
16271,6523,14,2,162.34,324.68
16272,6524,17,2,1771.63,3543.26
16273,6524,12,3,241.55,724.65
16274,6524,18,3,1669.4,5008.2
16275,6525,16,3,1252.46,3757.38
16276,6525,5,2,183.22,366.44
16277,6525,18,2,1780.12,3560.24
16278,6526,4,2,369.23,738.46
16279,6526,19,3,1169.81,3509.43
16280,6526,8,3,542.29,1626.87
16281,6527,8,2,490.36,980.72
16282,6527,6,3,122.61,367.83
16283,6527,12,1,227.0,227.0
16284,6528,5,2,196.11,392.22
16285,6528,14,4,129.61,518.44
16286,6529,6,2,111.96,223.92
16287,6529,7,2,561.74,1123.48
16288,6530,2,2,696.22,1392.44
16289,6531,15,2,993.23,1986.46
16290,6531,18,3,1514.15,4542.45
16291,6531,13,2,413.54,827.08
16292,6532,3,3,783.23,2349.69
16293,6532,13,3,511.05,1533.15
16294,6532,10,5,893.14,4465.7
16295,6532,3,2,782.89,1565.78
16296,6533,2,4,909.33,3637.32
16297,6534,9,2,2099.99,4199.98
16298,6534,17,3,1916.16,5748.48
16299,6535,1,1,1736.69,1736.69
16300,6536,18,2,1717.66,3435.32
16301,6536,18,4,1706.16,6824.64
16302,6536,13,1,496.17,496.17
16303,6536,19,3,1269.29,3807.87
16304,6537,5,2,190.63,381.26
16305,6537,7,4,700.38,2801.52
16306,6538,7,5,677.7,3388.5
16307,6538,17,4,1793.64,7174.56
16308,6538,5,6,179.6,1077.6
16309,6538,1,3,1674.76,5024.28
16310,6539,9,1,2203.45,2203.45
16311,6540,11,5,973.86,4869.3
16312,6540,7,1,681.92,681.92
16313,6540,3,3,818.49,2455.47
16314,6541,1,2,1850.11,3700.22
16315,6541,10,2,757.74,1515.48
16316,6541,10,1,801.62,801.62
16317,6542,7,2,675.16,1350.32
16318,6542,4,2,368.13,736.26
16319,6543,4,1,389.17,389.17
16320,6544,8,1,614.19,614.19
16321,6544,17,1,2200.07,2200.07
16322,6545,5,1,206.21,206.21
16323,6545,15,1,902.74,902.74
16324,6545,4,1,364.77,364.77
16325,6545,19,3,1385.86,4157.58
16326,6546,14,2,162.01,324.02
16327,6546,14,2,138.8,277.6
16328,6547,18,4,1688.21,6752.84
16329,6548,12,1,256.5,256.5
16330,6548,15,4,876.39,3505.56
16331,6548,18,3,1876.76,5630.28
16332,6548,5,1,165.0,165.0
16333,6549,9,4,1728.88,6915.52
16334,6550,20,2,218.89,437.78
16335,6550,4,2,457.47,914.94
16336,6550,1,1,1863.64,1863.64
16337,6551,14,2,156.64,313.28
16338,6551,3,3,994.3,2982.9
16339,6552,11,4,1006.78,4027.12
16340,6553,13,3,401.92,1205.76
16341,6553,4,2,460.45,920.9
16342,6554,3,4,944.0,3776.0
16343,6554,18,2,1945.07,3890.14
16344,6554,16,5,1121.41,5607.05
16345,6555,14,3,149.43,448.29
16346,6555,7,6,638.51,3831.06
16347,6555,17,1,2220.09,2220.09
16348,6556,7,2,541.59,1083.18
16349,6556,5,1,171.02,171.02
16350,6556,10,5,845.31,4226.55
16351,6557,17,2,1844.4,3688.8
16352,6558,17,2,2014.66,4029.32
16353,6558,15,2,788.56,1577.12
16354,6558,1,1,1793.34,1793.34
16355,6559,20,1,196.76,196.76
16356,6559,10,5,787.96,3939.8
16357,6559,18,1,1841.22,1841.22
16358,6559,14,4,141.94,567.76
16359,6560,9,3,2367.11,7101.33
16360,6560,3,1,1019.07,1019.07
16361,6560,20,2,213.43,426.86
16362,6561,17,3,1857.73,5573.19
16363,6561,11,3,825.86,2477.58
16364,6562,12,2,250.58,501.16
16365,6563,3,3,752.0,2256.0
16366,6564,6,1,117.51,117.51
16367,6564,14,1,145.19,145.19
16368,6564,7,1,620.21,620.21
16369,6565,7,2,695.17,1390.34
16370,6566,4,2,352.58,705.16
16371,6567,6,2,132.49,264.98
16372,6567,10,3,761.73,2285.19
16373,6567,11,3,935.49,2806.47
16374,6568,1,4,1979.02,7916.08
16375,6568,14,2,140.92,281.84
16376,6568,9,3,2362.56,7087.68
16377,6569,13,3,450.43,1351.29
16378,6569,5,1,153.1,153.1
16379,6569,14,3,137.09,411.27
16380,6569,20,4,233.02,932.08
16381,6570,10,3,775.7,2327.1
16382,6571,14,2,128.08,256.16
16383,6571,6,2,138.31,276.62
16384,6571,14,2,120.38,240.76
16385,6571,2,2,851.74,1703.48
16386,6572,6,3,132.29,396.87
16387,6572,4,3,411.62,1234.86
16388,6572,6,3,107.12,321.36
16389,6572,2,2,703.48,1406.96
16390,6573,12,3,257.78,773.34
16391,6573,1,2,1889.1,3778.2
16392,6574,2,1,756.36,756.36
16393,6574,6,2,131.47,262.94
16394,6574,8,2,614.07,1228.14
16395,6575,1,2,1902.95,3805.9
16396,6575,13,4,411.31,1645.24
16397,6575,11,4,803.02,3212.08
16398,6575,7,2,679.01,1358.02
16399,6576,9,1,2324.61,2324.61
16400,6576,16,3,1278.67,3836.01
16401,6576,8,4,596.39,2385.56
16402,6577,12,3,249.44,748.32
16403,6578,16,5,1254.6,6273.0
16404,6578,11,2,838.33,1676.66
16405,6578,17,4,1692.34,6769.36
16406,6578,17,4,1955.48,7821.92
16407,6579,13,4,446.04,1784.16
16408,6580,11,1,828.73,828.73
16409,6580,8,2,622.62,1245.24
16410,6580,18,3,1568.38,4705.14
16411,6581,4,3,415.4,1246.2
16412,6581,2,2,858.69,1717.38
16413,6582,7,3,528.69,1586.07
16414,6582,11,5,937.05,4685.25
16415,6582,5,1,193.11,193.11
16416,6583,3,1,801.12,801.12
16417,6584,20,2,212.63,425.26
16418,6585,6,3,138.44,415.32
16419,6585,6,3,131.36,394.08
16420,6586,10,3,722.92,2168.76
16421,6587,9,2,1895.38,3790.76
16422,6587,7,2,621.47,1242.94
16423,6587,3,3,915.68,2747.04
16424,6588,11,2,981.16,1962.32
16425,6588,8,3,593.04,1779.12
16426,6588,19,3,1035.07,3105.21
16427,6588,15,3,974.46,2923.38
16428,6589,20,1,206.64,206.64
16429,6590,16,2,1009.66,2019.32
16430,6590,15,3,840.72,2522.16
16431,6590,7,3,609.26,1827.78
16432,6591,9,2,2384.08,4768.16
16433,6591,7,1,618.14,618.14
16434,6591,12,1,225.84,225.84
16435,6592,20,6,244.98,1469.88
16436,6592,15,3,973.87,2921.61
16437,6592,1,5,2045.94,10229.7
16438,6593,2,5,933.16,4665.8
16439,6593,11,3,1041.66,3124.98
16440,6593,5,1,161.0,161.0
16441,6593,20,3,238.76,716.28
16442,6594,11,2,998.53,1997.06
16443,6594,3,3,759.38,2278.14
16444,6595,12,2,281.3,562.6
16445,6596,4,4,355.69,1422.76
16446,6596,11,3,841.28,2523.84
16447,6596,20,3,244.61,733.83
16448,6596,12,3,266.67,800.01
16449,6597,3,3,1008.9,3026.7
16450,6597,18,4,1604.16,6416.64
16451,6597,13,2,424.45,848.9
16452,6598,14,3,139.1,417.3
16453,6598,2,1,686.41,686.41
16454,6598,10,3,933.96,2801.88
16455,6599,1,4,2010.51,8042.04
16456,6600,18,2,1439.38,2878.76
16457,6600,10,2,929.9,1859.8
16458,6600,19,3,1080.41,3241.23
16459,6600,16,1,998.05,998.05
16460,6601,19,5,1173.74,5868.7
16461,6602,1,4,1732.23,6928.92
16462,6603,1,4,2051.08,8204.32
16463,6603,17,4,2223.79,8895.16
16464,6604,19,2,1370.59,2741.18
16465,6604,8,3,622.15,1866.45
16466,6604,16,1,1272.51,1272.51
16467,6604,1,2,1759.8,3519.6
16468,6605,8,1,494.16,494.16
16469,6605,19,2,1059.91,2119.82
16470,6605,16,2,1323.09,2646.18
16471,6606,4,5,430.74,2153.7
16472,6607,16,4,969.82,3879.28
16473,6608,8,1,469.24,469.24
16474,6609,14,3,152.13,456.39
16475,6610,5,1,155.62,155.62
16476,6610,16,1,1314.46,1314.46
16477,6610,8,3,471.88,1415.64
16478,6611,9,4,2116.96,8467.84
16479,6611,14,1,140.59,140.59
16480,6611,1,2,2094.58,4189.16
16481,6611,15,4,997.17,3988.68
16482,6612,13,2,504.87,1009.74
16483,6612,15,2,776.06,1552.12
16484,6612,8,3,601.46,1804.38
16485,6612,12,1,273.88,273.88
16486,6613,19,1,1360.41,1360.41
16487,6613,13,3,490.27,1470.81
16488,6613,13,2,527.84,1055.68
16489,6613,4,2,369.74,739.48
16490,6614,6,1,124.88,124.88
16491,6614,18,2,1859.49,3718.98
16492,6615,18,2,1683.66,3367.32
16493,6616,6,3,124.15,372.45
16494,6616,19,4,1369.81,5479.24
16495,6617,10,4,828.58,3314.32
16496,6617,7,3,526.27,1578.81
16497,6617,8,5,544.49,2722.45
16498,6618,8,1,521.75,521.75
16499,6618,18,1,1732.58,1732.58
16500,6618,4,3,457.33,1371.99
16501,6619,17,5,2085.72,10428.6
16502,6620,7,2,686.17,1372.34
16503,6620,20,3,231.71,695.13
16504,6620,3,6,847.33,5083.98
16505,6621,1,4,1871.88,7487.52
16506,6621,17,3,1790.76,5372.28
16507,6621,3,2,918.69,1837.38
16508,6622,13,2,436.21,872.42
16509,6622,17,3,1764.14,5292.42
16510,6622,1,4,2218.11,8872.44
16511,6623,5,4,187.57,750.28
16512,6623,7,3,677.68,2033.04
16513,6623,3,3,756.57,2269.71
16514,6623,15,4,834.02,3336.08
16515,6624,9,4,2128.67,8514.68
16516,6624,9,1,1833.34,1833.34
16517,6625,8,2,556.65,1113.3
16518,6625,6,5,118.3,591.5
16519,6626,15,3,828.17,2484.51
16520,6626,1,3,1805.41,5416.23
16521,6626,20,2,248.85,497.7
16522,6627,15,2,869.06,1738.12
16523,6627,4,6,403.9,2423.4
16524,6628,8,1,464.94,464.94
16525,6629,19,4,1307.87,5231.48
16526,6630,5,2,211.01,422.02
16527,6630,5,3,201.5,604.5
16528,6631,9,3,2239.04,6717.12
16529,6631,12,3,208.03,624.09
16530,6631,15,6,962.18,5773.08
16531,6632,14,6,149.36,896.16
16532,6632,16,3,1071.41,3214.23
16533,6632,4,3,469.09,1407.27
16534,6633,5,1,204.72,204.72
16535,6633,11,1,827.73,827.73
16536,6633,6,1,127.4,127.4
16537,6634,9,2,1907.61,3815.22
16538,6635,4,1,347.6,347.6
16539,6635,8,1,548.62,548.62
16540,6635,20,2,196.96,393.92
16541,6636,11,5,1068.15,5340.75
16542,6637,1,3,1807.94,5423.82
16543,6637,1,1,1864.93,1864.93
16544,6637,4,4,347.71,1390.84
16545,6637,16,2,1151.29,2302.58
16546,6638,19,3,1333.17,3999.51
16547,6638,6,1,103.62,103.62
16548,6638,7,5,566.87,2834.35
16549,6638,7,3,713.7,2141.1
16550,6639,4,5,419.2,2096.0
16551,6640,8,2,580.97,1161.94
16552,6640,8,2,475.93,951.86
16553,6640,10,6,800.27,4801.62
16554,6641,4,2,433.89,867.78
16555,6642,10,1,876.17,876.17
16556,6642,2,1,875.74,875.74
16557,6643,18,2,1930.89,3861.78
16558,6643,7,4,723.62,2894.48
16559,6644,17,2,2037.19,4074.38
16560,6644,18,3,1583.69,4751.07
16561,6644,6,3,100.63,301.89
16562,6645,9,2,2257.28,4514.56
16563,6645,9,3,2059.16,6177.48
16564,6646,18,4,1829.13,7316.52
16565,6647,19,3,1406.17,4218.51
16566,6647,15,4,1013.98,4055.92
16567,6648,10,3,872.12,2616.36
16568,6649,10,2,710.91,1421.82
16569,6650,11,5,1075.82,5379.1
16570,6650,14,4,128.84,515.36
16571,6651,9,3,2053.3,6159.9
16572,6651,12,3,228.83,686.49
16573,6652,6,3,121.36,364.08
16574,6652,9,2,1989.86,3979.72
16575,6653,11,3,989.53,2968.59
16576,6653,10,3,910.75,2732.25
16577,6654,10,2,935.2,1870.4
16578,6655,12,5,260.91,1304.55
16579,6655,14,2,155.81,311.62
16580,6655,13,3,544.68,1634.04
16581,6655,1,3,2140.76,6422.28
16582,6656,14,4,126.96,507.84
16583,6657,15,2,970.52,1941.04
16584,6657,11,6,946.95,5681.7
16585,6657,14,3,145.83,437.49
16586,6657,12,1,239.12,239.12
16587,6658,6,2,109.19,218.38
16588,6658,11,3,1005.09,3015.27
16589,6658,13,2,437.93,875.86
16590,6659,6,1,130.35,130.35
16591,6659,20,6,230.34,1382.04
16592,6660,16,4,998.23,3992.92
16593,6661,5,3,179.17,537.51
16594,6661,13,3,455.2,1365.6
16595,6661,12,1,255.25,255.25
16596,6662,18,2,1554.25,3108.5
16597,6662,12,2,215.89,431.78
16598,6663,16,5,1062.14,5310.7
16599,6663,2,3,783.35,2350.05
16600,6664,9,1,1994.56,1994.56
16601,6664,4,3,442.5,1327.5
16602,6664,10,3,902.6,2707.8
16603,6664,11,3,844.88,2534.64
16604,6665,9,3,1749.65,5248.95
16605,6666,8,2,490.05,980.1
16606,6666,16,2,1074.06,2148.12
16607,6667,18,2,1819.58,3639.16
16608,6667,7,2,710.47,1420.94
16609,6667,7,2,556.79,1113.58
16610,6668,5,5,188.04,940.2
16611,6668,20,2,201.17,402.34
16612,6669,11,4,831.84,3327.36
16613,6670,9,4,2028.9,8115.6
16614,6670,7,3,609.33,1827.99
16615,6671,17,4,1771.63,7086.52
16616,6671,12,4,222.87,891.48
16617,6671,17,3,1770.14,5310.42
16618,6671,14,5,162.3,811.5
16619,6672,4,1,415.71,415.71
16620,6672,2,2,930.02,1860.04
16621,6673,10,4,979.03,3916.12
16622,6673,10,2,939.84,1879.68
16623,6674,13,5,498.97,2494.85
16624,6674,7,5,687.05,3435.25
16625,6674,9,2,1917.5,3835.0
16626,6674,12,1,227.73,227.73
16627,6675,13,2,486.65,973.3
16628,6675,9,2,2285.98,4571.96
16629,6675,17,1,1949.1,1949.1
16630,6675,19,3,1098.05,3294.15
16631,6676,1,4,1658.46,6633.84
16632,6676,15,1,988.63,988.63
16633,6676,17,1,2192.22,2192.22
16634,6676,1,1,1764.14,1764.14
16635,6677,20,3,246.09,738.27
16636,6677,15,2,926.08,1852.16
16637,6677,9,3,2212.35,6637.05
16638,6678,10,2,930.87,1861.74
16639,6678,7,4,618.36,2473.44
16640,6678,16,1,1103.06,1103.06
16641,6678,9,2,1983.92,3967.84
16642,6679,2,5,843.18,4215.9
16643,6679,11,2,809.63,1619.26
16644,6680,14,1,128.12,128.12
16645,6680,17,3,2243.99,6731.97
16646,6681,2,2,890.19,1780.38
16647,6681,7,2,626.76,1253.52
16648,6681,17,2,2292.38,4584.76
16649,6682,9,1,1915.66,1915.66
16650,6682,17,2,2128.91,4257.82
16651,6682,19,2,1075.49,2150.98
16652,6683,14,3,136.79,410.37
16653,6683,8,3,485.73,1457.19
16654,6684,16,2,1173.96,2347.92
16655,6685,2,1,724.25,724.25
16656,6685,4,2,342.59,685.18
16657,6685,19,4,1136.07,4544.28
16658,6685,8,2,519.33,1038.66
16659,6686,8,3,492.69,1478.07
16660,6686,2,1,786.17,786.17
16661,6687,19,2,1260.6,2521.2
16662,6687,14,3,158.94,476.82
16663,6687,3,1,995.56,995.56
16664,6688,20,1,228.84,228.84
16665,6688,13,3,411.57,1234.71
16666,6688,12,5,285.33,1426.65
16667,6688,10,3,869.75,2609.25
16668,6689,8,3,467.67,1403.01
16669,6689,12,5,241.46,1207.3
16670,6689,15,2,738.88,1477.76
16671,6690,9,1,1975.31,1975.31
16672,6690,10,3,983.14,2949.42
16673,6690,10,5,945.43,4727.15
16674,6690,5,5,169.66,848.3
16675,6691,7,3,566.99,1700.97
16676,6692,19,2,1195.92,2391.84
16677,6693,8,3,596.38,1789.14
16678,6693,19,3,1361.7,4085.1
16679,6693,4,3,341.82,1025.46
16680,6693,4,4,435.5,1742.0
16681,6694,9,3,1802.7,5408.1
16682,6694,15,3,986.36,2959.08
16683,6694,7,3,624.63,1873.89
16684,6694,14,1,125.94,125.94
16685,6695,1,1,1999.33,1999.33
16686,6695,13,2,464.4,928.8
16687,6695,18,3,1483.77,4451.31
16688,6696,15,2,963.24,1926.48
16689,6696,18,2,1939.65,3879.3
16690,6696,5,3,192.87,578.61
16691,6696,6,3,110.09,330.27
16692,6697,3,2,1021.38,2042.76
16693,6697,9,3,1879.33,5637.99
16694,6697,18,4,1718.6,6874.4
16695,6697,19,2,1078.26,2156.52
16696,6698,13,1,407.62,407.62
16697,6699,4,1,387.82,387.82
16698,6699,2,2,782.44,1564.88
16699,6699,16,4,999.2,3996.8
16700,6700,12,1,232.42,232.42
16701,6701,7,2,678.82,1357.64
16702,6701,12,5,249.73,1248.65
16703,6702,17,3,1718.38,5155.14
16704,6702,6,1,113.56,113.56
16705,6702,5,2,185.61,371.22
16706,6702,9,5,2354.46,11772.3
16707,6703,20,3,188.0,564.0
16708,6703,12,5,262.35,1311.75
16709,6704,8,1,476.0,476.0
16710,6704,11,2,851.45,1702.9
16711,6705,12,3,215.21,645.63
16712,6705,8,2,607.93,1215.86
16713,6705,14,2,131.63,263.26
16714,6705,16,3,1310.19,3930.57
16715,6706,13,1,432.74,432.74
16716,6706,2,4,680.38,2721.52
16717,6707,12,3,241.59,724.77
16718,6707,5,6,185.37,1112.22
16719,6708,3,4,786.66,3146.64
16720,6708,10,1,858.74,858.74
16721,6709,3,1,826.04,826.04
16722,6709,6,5,113.39,566.95
16723,6710,4,4,435.88,1743.52
16724,6710,15,4,889.03,3556.12
16725,6711,20,5,203.76,1018.8
16726,6711,7,2,580.47,1160.94
16727,6711,15,2,767.19,1534.38
16728,6711,2,2,897.14,1794.28
16729,6712,15,2,793.39,1586.78
16730,6712,7,4,534.09,2136.36
16731,6713,1,3,2236.06,6708.18
16732,6713,18,4,1924.63,7698.52
16733,6713,18,5,1540.03,7700.15
16734,6713,20,3,237.2,711.6
16735,6714,2,3,731.41,2194.23
16736,6714,14,3,162.02,486.06
16737,6715,1,4,2176.12,8704.48
16738,6715,14,2,133.29,266.58
16739,6715,6,5,107.51,537.55
16740,6715,5,3,182.41,547.23
16741,6716,19,2,1078.02,2156.04
16742,6716,12,1,270.58,270.58
16743,6716,14,4,151.44,605.76
16744,6716,13,1,551.76,551.76
16745,6717,9,1,2012.4,2012.4
16746,6717,7,5,527.93,2639.65
16747,6718,3,2,989.5,1979.0
16748,6718,9,4,2131.14,8524.56
16749,6718,15,2,854.69,1709.38
16750,6718,3,1,808.48,808.48
16751,6719,18,3,1620.62,4861.86
16752,6719,5,2,197.95,395.9
16753,6719,8,5,495.88,2479.4
16754,6719,5,2,211.44,422.88
16755,6720,3,2,883.68,1767.36
16756,6720,7,1,693.1,693.1
16757,6721,15,1,894.48,894.48
16758,6721,5,3,190.95,572.85
16759,6721,14,2,139.81,279.62
16760,6722,5,2,154.9,309.8
16761,6722,11,2,961.91,1923.82
16762,6722,1,3,1964.51,5893.53
16763,6723,20,3,228.91,686.73
16764,6724,12,1,285.67,285.67
16765,6724,18,4,1766.28,7065.12
16766,6725,20,5,218.64,1093.2
16767,6725,8,4,509.9,2039.6
16768,6725,10,3,742.18,2226.54
16769,6726,12,2,245.34,490.68
16770,6727,11,2,912.57,1825.14
16771,6728,3,2,742.76,1485.52
16772,6728,3,4,940.03,3760.12
16773,6728,18,3,1855.18,5565.54
16774,6729,8,6,510.11,3060.66
16775,6729,12,1,266.43,266.43
16776,6730,3,1,984.19,984.19
16777,6730,18,6,1900.03,11400.18
16778,6730,6,4,133.08,532.32
16779,6731,3,1,779.7,779.7
16780,6731,9,3,1788.22,5364.66
16781,6732,4,6,393.46,2360.76
16782,6732,9,1,1941.14,1941.14
16783,6732,10,3,873.82,2621.46
16784,6733,13,1,519.9,519.9
16785,6734,2,2,689.83,1379.66
16786,6735,2,4,867.22,3468.88
16787,6735,17,1,2214.01,2214.01
16788,6736,4,2,341.4,682.8
16789,6737,3,1,898.37,898.37
16790,6737,5,2,185.38,370.76
16791,6737,2,1,810.3,810.3
16792,6737,12,2,237.88,475.76
16793,6738,10,4,793.09,3172.36
16794,6738,11,3,937.21,2811.63
16795,6738,13,4,517.82,2071.28
16796,6738,15,1,876.41,876.41
16797,6739,14,4,154.37,617.48
16798,6740,9,2,1846.43,3692.86
16799,6740,14,2,146.27,292.54
16800,6741,20,3,254.66,763.98
16801,6741,2,3,931.89,2795.67
16802,6741,10,5,726.42,3632.1
16803,6742,16,6,1256.77,7540.62
16804,6743,5,2,164.08,328.16
16805,6743,15,3,795.89,2387.67
16806,6744,15,1,834.17,834.17
16807,6744,1,1,2102.98,2102.98
16808,6744,7,1,566.41,566.41
16809,6744,20,5,192.16,960.8
16810,6745,2,5,806.26,4031.3
16811,6745,2,2,853.95,1707.9
16812,6745,11,1,917.15,917.15
16813,6746,2,2,851.15,1702.3
16814,6746,11,3,1016.66,3049.98
16815,6746,7,2,692.88,1385.76
16816,6747,5,4,205.24,820.96
16817,6747,17,2,2143.3,4286.6
16818,6747,2,4,872.88,3491.52
16819,6747,18,5,1652.72,8263.6
16820,6748,4,3,356.69,1070.07
16821,6748,12,1,240.07,240.07
16822,6749,3,2,1004.46,2008.92
16823,6749,8,3,510.4,1531.2
16824,6749,14,2,130.94,261.88
16825,6749,14,4,126.73,506.92
16826,6750,3,1,813.45,813.45
16827,6750,20,1,243.92,243.92
16828,6750,7,3,656.08,1968.24
16829,6751,20,3,254.59,763.77
16830,6751,7,2,577.64,1155.28
16831,6751,2,4,766.16,3064.64
16832,6751,3,4,896.63,3586.52
16833,6752,13,4,466.61,1866.44
16834,6753,10,1,720.57,720.57
16835,6754,16,3,1220.09,3660.27
16836,6754,1,2,1973.93,3947.86
16837,6754,7,3,525.8,1577.4
16838,6755,17,1,1998.75,1998.75
16839,6755,20,6,211.51,1269.06
16840,6755,11,2,1086.76,2173.52
16841,6755,18,2,1859.27,3718.54
16842,6756,15,2,778.11,1556.22
16843,6756,10,2,889.01,1778.02
16844,6756,18,2,1586.42,3172.84
16845,6757,1,2,1700.94,3401.88
16846,6758,9,2,1807.81,3615.62
16847,6759,17,1,2292.55,2292.55
16848,6759,18,6,1733.89,10403.34
16849,6759,4,6,414.71,2488.26
16850,6760,14,2,129.84,259.68
16851,6761,19,2,1329.04,2658.08
16852,6761,17,3,1792.95,5378.85
16853,6761,9,4,2037.47,8149.88
16854,6761,14,3,132.3,396.9
16855,6762,14,3,162.03,486.09
16856,6762,13,2,533.62,1067.24
16857,6763,7,5,649.77,3248.85
16858,6764,3,2,960.64,1921.28
16859,6764,13,3,477.18,1431.54
16860,6765,2,4,923.92,3695.68
16861,6765,8,1,514.69,514.69
16862,6765,3,6,943.93,5663.58
16863,6766,15,5,971.35,4856.75
16864,6767,19,4,1093.29,4373.16
16865,6767,19,1,1184.3,1184.3
16866,6768,19,4,1309.02,5236.08
16867,6768,18,2,1689.52,3379.04
16868,6769,10,3,859.03,2577.09
16869,6770,3,2,854.21,1708.42
16870,6770,13,3,456.37,1369.11
16871,6770,9,3,2174.01,6522.03
16872,6770,7,2,723.03,1446.06
16873,6771,15,3,791.4,2374.2
16874,6771,10,1,776.94,776.94
16875,6771,17,2,2229.5,4459.0
16876,6771,9,2,2216.37,4432.74
16877,6772,3,3,764.03,2292.09
16878,6772,14,1,148.04,148.04
16879,6772,9,1,2350.25,2350.25
16880,6772,19,3,1380.98,4142.94
16881,6773,6,4,133.0,532.0
16882,6773,9,5,2239.82,11199.1
16883,6773,19,2,1144.33,2288.66
16884,6774,10,3,906.39,2719.17
16885,6774,20,2,224.35,448.7
16886,6774,8,4,539.18,2156.72
16887,6774,2,2,867.48,1734.96
16888,6775,17,1,2248.62,2248.62
16889,6775,14,5,149.08,745.4
16890,6775,5,3,179.4,538.2
16891,6776,2,2,710.63,1421.26
16892,6777,6,4,116.77,467.08
16893,6777,2,3,711.04,2133.12
16894,6777,9,5,2088.08,10440.4
16895,6777,10,2,805.96,1611.92
16896,6778,3,4,883.23,3532.92
16897,6778,17,5,2046.32,10231.6
16898,6778,6,5,137.28,686.4
16899,6778,16,1,1217.75,1217.75
16900,6779,12,1,249.64,249.64
16901,6779,4,3,373.62,1120.86
16902,6779,4,5,398.89,1994.45
16903,6779,15,4,904.77,3619.08
16904,6780,16,3,968.85,2906.55
16905,6780,10,3,783.04,2349.12
16906,6781,7,6,567.39,3404.34
16907,6781,17,3,2085.4,6256.2
16908,6781,5,2,207.02,414.04
16909,6782,15,5,927.22,4636.1
16910,6782,14,1,155.86,155.86
16911,6782,14,3,129.79,389.37
16912,6783,8,2,503.54,1007.08
16913,6784,1,2,1753.44,3506.88
16914,6785,19,3,1128.59,3385.77
16915,6786,2,3,782.26,2346.78
16916,6786,7,6,536.34,3218.04
16917,6786,20,5,226.67,1133.35
16918,6787,7,1,581.44,581.44
16919,6788,2,3,892.59,2677.77
16920,6788,17,2,2019.06,4038.12
16921,6789,14,3,140.05,420.15
16922,6789,7,2,525.85,1051.7
16923,6790,15,3,764.35,2293.05
16924,6791,7,3,556.68,1670.04
16925,6791,20,3,207.67,623.01
16926,6791,20,2,194.34,388.68
16927,6791,13,2,498.08,996.16
16928,6792,5,2,198.82,397.64
16929,6792,10,3,759.13,2277.39
16930,6792,20,2,224.04,448.08
16931,6792,9,2,1721.45,3442.9
16932,6793,20,3,246.27,738.81
16933,6793,15,3,777.81,2333.43
16934,6794,12,2,273.61,547.22
16935,6794,15,5,766.38,3831.9
16936,6794,17,1,2246.11,2246.11
16937,6794,11,2,816.22,1632.44
16938,6795,13,2,470.8,941.6
16939,6795,15,3,901.96,2705.88
16940,6795,14,2,119.93,239.86
16941,6796,15,5,835.21,4176.05
16942,6796,6,2,106.44,212.88
16943,6797,12,5,232.43,1162.15
16944,6797,18,6,1495.71,8974.26
16945,6798,20,6,211.72,1270.32
16946,6798,5,6,206.36,1238.16
16947,6798,8,3,508.05,1524.15
16948,6799,7,4,670.74,2682.96
16949,6799,11,4,980.78,3923.12
16950,6799,10,4,765.99,3063.96
16951,6800,8,2,505.26,1010.52
16952,6801,9,2,1819.7,3639.4
16953,6801,17,2,1806.71,3613.42
16954,6801,14,2,124.42,248.84
16955,6801,19,2,1106.53,2213.06
16956,6802,9,3,1881.43,5644.29
16957,6802,11,2,887.38,1774.76
16958,6802,13,3,414.65,1243.95
16959,6803,3,3,984.18,2952.54
16960,6803,15,3,831.27,2493.81
16961,6803,11,3,1019.54,3058.62
16962,6804,1,2,1949.24,3898.48
16963,6805,20,4,205.27,821.08
16964,6805,5,1,195.29,195.29
16965,6806,2,1,868.15,868.15
16966,6806,12,1,225.45,225.45
16967,6806,7,3,642.48,1927.44
16968,6806,1,3,1819.57,5458.71
16969,6807,13,3,546.62,1639.86
16970,6807,4,2,450.16,900.32
16971,6807,1,1,1625.85,1625.85
16972,6808,4,3,389.48,1168.44
16973,6808,8,5,607.03,3035.15
16974,6808,3,1,998.57,998.57
16975,6809,17,3,1777.14,5331.42
16976,6809,20,2,234.53,469.06
16977,6809,2,3,778.78,2336.34
16978,6809,9,4,2042.66,8170.64
16979,6810,3,1,807.4,807.4
16980,6810,15,3,1008.99,3026.97
16981,6810,14,2,155.12,310.24
16982,6810,16,3,993.61,2980.83
16983,6811,15,2,982.19,1964.38
16984,6811,6,5,106.97,534.85
16985,6812,16,3,968.51,2905.53
16986,6812,6,2,104.71,209.42
16987,6812,19,2,1210.33,2420.66
16988,6813,7,2,676.31,1352.62
16989,6813,8,2,549.81,1099.62
16990,6813,12,3,212.62,637.86
16991,6814,3,1,958.6,958.6
16992,6814,10,2,905.28,1810.56
16993,6814,11,2,946.62,1893.24
16994,6814,8,6,517.21,3103.26
16995,6815,18,5,1442.55,7212.75
16996,6815,9,2,2208.97,4417.94
16997,6815,9,1,1919.34,1919.34
16998,6816,19,4,1206.99,4827.96
16999,6816,15,2,741.7,1483.4
17000,6816,3,4,919.39,3677.56
17001,6817,19,1,1414.27,1414.27
17002,6817,2,2,733.12,1466.24
17003,6818,10,5,954.15,4770.75
17004,6818,20,3,216.02,648.06
17005,6818,3,1,779.75,779.75
17006,6818,20,2,248.96,497.92
17007,6819,14,2,158.3,316.6
17008,6819,9,3,2340.64,7021.92
17009,6819,17,2,2161.18,4322.36
17010,6819,13,2,415.06,830.12
17011,6820,19,2,1319.47,2638.94
17012,6821,20,2,251.51,503.02
17013,6822,4,2,384.51,769.02
17014,6822,1,3,1732.53,5197.59
17015,6822,17,2,2161.66,4323.32
17016,6822,14,2,142.07,284.14
17017,6823,19,2,1242.5,2485.0
17018,6823,4,4,461.03,1844.12
17019,6824,12,6,217.92,1307.52
17020,6824,9,5,2061.24,10306.2
17021,6825,8,4,613.19,2452.76
17022,6825,8,4,534.93,2139.72
17023,6825,4,3,376.54,1129.62
17024,6825,13,3,480.39,1441.17
17025,6826,7,5,640.67,3203.35
17026,6826,19,2,1265.89,2531.78
17027,6826,18,2,1559.61,3119.22
17028,6826,14,4,135.3,541.2
17029,6827,11,5,961.0,4805.0
17030,6827,20,3,221.89,665.67
17031,6827,6,2,120.74,241.48
17032,6827,11,4,809.0,3236.0
17033,6828,1,4,1721.67,6886.68
17034,6828,8,2,504.35,1008.7
17035,6828,9,2,1924.01,3848.02
17036,6828,16,3,988.98,2966.94
17037,6829,1,1,1812.27,1812.27
17038,6829,5,2,195.01,390.02
17039,6829,11,1,787.73,787.73
17040,6830,15,2,927.08,1854.16
17041,6830,9,2,2186.17,4372.34
17042,6830,14,3,131.83,395.49
17043,6831,17,5,2232.19,11160.95
17044,6831,7,2,658.07,1316.14
17045,6831,18,3,1898.38,5695.14
17046,6831,16,3,1198.21,3594.63
17047,6832,4,4,357.23,1428.92
17048,6833,12,2,226.81,453.62
17049,6833,17,5,2096.6,10483.0
17050,6834,10,1,942.43,942.43
17051,6835,1,4,2043.55,8174.2
17052,6835,3,2,827.03,1654.06
17053,6835,4,3,415.08,1245.24
17054,6835,17,2,2019.12,4038.24
17055,6836,2,3,681.05,2043.15
17056,6836,18,3,1559.44,4678.32
17057,6836,4,4,435.77,1743.08
17058,6837,7,1,683.19,683.19
17059,6837,2,1,756.32,756.32
17060,6837,15,1,802.25,802.25
17061,6837,18,2,1678.9,3357.8
17062,6838,14,3,131.29,393.87
17063,6838,13,1,519.61,519.61
17064,6838,1,2,1749.64,3499.28
17065,6839,4,4,456.68,1826.72
17066,6839,10,2,850.88,1701.76
17067,6840,15,4,870.31,3481.24
17068,6840,6,1,122.68,122.68
17069,6841,9,2,1819.57,3639.14
17070,6841,8,1,616.84,616.84
17071,6842,11,3,1000.14,3000.42
17072,6842,17,1,2282.94,2282.94
17073,6842,16,3,1109.31,3327.93
17074,6842,15,2,743.59,1487.18
17075,6843,12,5,230.01,1150.05
17076,6843,18,3,1725.5,5176.5
17077,6844,16,1,1322.37,1322.37
17078,6845,7,2,563.26,1126.52
17079,6845,17,2,2328.19,4656.38
17080,6846,5,3,185.13,555.39
17081,6846,18,1,1747.1,1747.1
17082,6847,3,1,887.8,887.8
17083,6847,8,3,497.94,1493.82
17084,6848,12,3,243.81,731.43
17085,6848,8,2,480.68,961.36
17086,6849,17,4,1811.0,7244.0
17087,6849,7,1,543.49,543.49
17088,6850,6,5,120.39,601.95
17089,6851,10,4,758.96,3035.84
17090,6851,17,2,1889.32,3778.64
17091,6851,7,2,634.07,1268.14
17092,6852,17,3,2089.78,6269.34
17093,6852,14,4,130.24,520.96
17094,6853,11,2,934.46,1868.92
17095,6853,8,4,454.58,1818.32
17096,6853,3,6,785.95,4715.7
17097,6854,7,1,594.16,594.16
17098,6854,3,2,943.64,1887.28
17099,6854,19,2,1224.25,2448.5
17100,6854,6,3,132.16,396.48
17101,6855,20,2,206.93,413.86
17102,6856,5,4,209.7,838.8
17103,6856,11,3,900.35,2701.05
17104,6856,20,3,232.43,697.29
17105,6857,15,2,831.13,1662.26
17106,6857,1,2,2155.97,4311.94
17107,6858,2,5,887.28,4436.4
17108,6858,5,3,209.47,628.41
17109,6858,18,2,1619.93,3239.86
17110,6858,19,4,1029.49,4117.96
17111,6859,10,2,974.98,1949.96
17112,6859,18,3,1482.52,4447.56
17113,6860,12,2,253.94,507.88
17114,6860,20,2,234.47,468.94
17115,6860,13,2,541.06,1082.12
17116,6861,18,2,1802.8,3605.6
17117,6861,12,2,248.88,497.76
17118,6861,10,4,804.47,3217.88
17119,6862,14,2,138.33,276.66
17120,6863,17,3,2076.57,6229.71
17121,6863,5,5,209.17,1045.85
17122,6863,17,3,2209.54,6628.62
17123,6863,19,3,1270.74,3812.22
17124,6864,7,1,644.41,644.41
17125,6865,14,1,154.31,154.31
17126,6865,14,2,157.77,315.54
17127,6865,15,1,823.94,823.94
17128,6866,17,2,2168.43,4336.86
17129,6866,5,4,163.88,655.52
17130,6866,2,2,672.99,1345.98
17131,6866,1,4,1697.81,6791.24
17132,6867,17,2,2138.19,4276.38
17133,6867,14,1,123.41,123.41
17134,6868,15,2,963.08,1926.16
17135,6869,5,2,206.62,413.24
17136,6869,16,1,1060.71,1060.71
17137,6869,5,3,201.17,603.51
17138,6870,16,4,1103.66,4414.64
17139,6870,3,2,791.65,1583.3
17140,6870,18,3,1536.71,4610.13
17141,6871,9,3,1923.92,5771.76
17142,6871,5,2,177.25,354.5
17143,6871,9,2,1964.43,3928.86
17144,6871,3,4,788.09,3152.36
17145,6872,12,2,252.38,504.76
17146,6872,4,2,414.9,829.8
17147,6872,1,5,2204.78,11023.9
17148,6872,19,3,1394.31,4182.93
17149,6873,1,3,1859.16,5577.48
17150,6873,8,3,517.81,1553.43
17151,6873,1,2,2154.76,4309.52
17152,6873,5,2,177.82,355.64
17153,6874,13,2,473.07,946.14
17154,6874,5,2,169.73,339.46
17155,6875,3,4,907.22,3628.88
17156,6875,4,4,439.39,1757.56
17157,6875,8,3,471.49,1414.47
17158,6876,18,5,1491.65,7458.25
17159,6877,9,2,2384.18,4768.36
17160,6877,8,2,577.84,1155.68
17161,6877,5,4,159.99,639.96
17162,6877,11,3,1031.19,3093.57
17163,6878,2,3,858.08,2574.24
17164,6878,13,1,398.38,398.38
17165,6878,3,1,762.17,762.17
17166,6879,7,4,545.78,2183.12
17167,6879,17,3,2090.1,6270.3
17168,6879,4,2,371.69,743.38
17169,6880,3,6,946.09,5676.54
17170,6880,19,2,1069.53,2139.06
17171,6880,1,2,1896.16,3792.32
17172,6881,17,4,2173.51,8694.04
17173,6881,15,4,880.82,3523.28
17174,6882,12,1,255.67,255.67
17175,6883,11,4,1064.31,4257.24
17176,6884,9,3,1905.23,5715.69
17177,6885,15,5,880.64,4403.2
17178,6885,1,5,1763.62,8818.1
17179,6885,7,6,592.93,3557.58
17180,6886,6,3,130.69,392.07
17181,6886,13,2,544.07,1088.14
17182,6886,7,3,603.19,1809.57
17183,6886,5,3,185.57,556.71
17184,6887,9,3,2267.95,6803.85
17185,6887,19,1,1403.0,1403.0
17186,6887,10,4,788.83,3155.32
17187,6888,3,5,984.46,4922.3
17188,6889,12,2,273.77,547.54
17189,6890,13,1,516.89,516.89
17190,6890,7,1,692.49,692.49
17191,6890,16,4,1010.09,4040.36
17192,6890,18,3,1493.04,4479.12
17193,6891,13,2,510.43,1020.86
17194,6891,16,2,1290.92,2581.84
17195,6892,5,3,162.85,488.55
17196,6892,3,1,804.3,804.3
17197,6892,13,2,482.67,965.34
17198,6893,2,2,814.57,1629.14
17199,6893,9,1,2155.02,2155.02
17200,6893,5,3,192.13,576.39
17201,6894,19,3,1273.93,3821.79
17202,6894,18,1,1456.75,1456.75
17203,6894,12,1,252.49,252.49
17204,6894,13,2,458.46,916.92
17205,6895,2,3,842.66,2527.98
17206,6895,15,6,940.22,5641.32
17207,6895,13,3,527.99,1583.97
17208,6896,12,5,221.53,1107.65
17209,6896,19,1,1233.33,1233.33
17210,6896,5,2,208.11,416.22
17211,6897,9,2,1800.24,3600.48
17212,6897,14,2,132.95,265.9
17213,6897,11,1,919.88,919.88
17214,6898,10,3,823.74,2471.22
17215,6899,14,5,135.76,678.8
17216,6899,14,5,143.1,715.5
17217,6899,19,2,1035.39,2070.78
17218,6899,16,4,1152.0,4608.0
17219,6900,15,2,768.41,1536.82
17220,6900,18,2,1911.86,3823.72
17221,6900,2,2,776.21,1552.42
17222,6900,12,1,249.05,249.05
17223,6901,2,2,718.82,1437.64
17224,6901,13,5,454.04,2270.2
17225,6902,18,2,1788.84,3577.68
17226,6902,8,2,602.42,1204.84
17227,6902,1,2,1746.54,3493.08
17228,6902,3,3,1023.71,3071.13
17229,6903,19,2,1084.71,2169.42
17230,6903,17,1,2160.77,2160.77
17231,6904,6,6,124.9,749.4
17232,6904,10,3,930.77,2792.31
17233,6904,16,1,1093.82,1093.82
17234,6904,7,2,541.72,1083.44
17235,6905,1,3,2028.42,6085.26
17236,6905,19,3,1094.42,3283.26
17237,6905,16,2,1117.81,2235.62
17238,6906,16,1,964.98,964.98
17239,6906,12,4,229.64,918.56
17240,6907,8,3,563.32,1689.96
17241,6908,1,1,1915.78,1915.78
17242,6908,7,5,612.52,3062.6
17243,6909,9,3,1815.51,5446.53
17244,6909,2,2,819.47,1638.94
17245,6910,8,4,525.07,2100.28
17246,6911,8,3,458.18,1374.54
17247,6911,20,1,225.08,225.08
17248,6911,3,2,815.06,1630.12
17249,6911,3,5,866.47,4332.35
17250,6912,15,6,740.5,4443.0
17251,6913,17,6,1822.87,10937.22
17252,6913,2,2,702.45,1404.9
17253,6913,1,2,1806.87,3613.74
17254,6913,17,3,2203.49,6610.47
17255,6914,9,3,1831.1,5493.3
17256,6914,3,3,911.76,2735.28
17257,6914,3,2,863.0,1726.0
17258,6915,3,2,863.69,1727.38
17259,6915,8,1,496.84,496.84
17260,6915,5,1,192.14,192.14
17261,6915,19,1,1390.85,1390.85
17262,6916,11,3,1053.33,3159.99
17263,6916,16,3,1089.71,3269.13
17264,6917,14,1,136.84,136.84
17265,6917,18,3,1827.14,5481.42
17266,6917,19,3,1217.41,3652.23
17267,6917,3,2,860.65,1721.3
17268,6918,6,5,108.83,544.15
17269,6918,3,1,920.39,920.39
17270,6918,10,2,928.83,1857.66
17271,6918,5,5,163.39,816.95
17272,6919,3,1,996.55,996.55
17273,6919,3,4,911.9,3647.6
17274,6919,4,1,346.71,346.71
17275,6919,6,2,105.08,210.16
17276,6920,11,6,965.78,5794.68
17277,6920,12,3,277.88,833.64
17278,6920,20,2,194.25,388.5
17279,6921,10,3,830.9,2492.7
17280,6922,10,2,817.45,1634.9
17281,6922,2,2,699.92,1399.84
17282,6922,2,3,730.95,2192.85
17283,6923,13,4,529.18,2116.72
17284,6923,6,1,132.36,132.36
17285,6923,6,4,131.64,526.56
17286,6924,3,1,962.03,962.03
17287,6925,8,5,507.99,2539.95
17288,6926,20,4,211.2,844.8
17289,6926,1,4,1980.04,7920.16
17290,6927,20,4,199.47,797.88
17291,6927,2,5,814.36,4071.8
17292,6927,12,5,261.25,1306.25
17293,6928,15,3,738.9,2216.7
17294,6928,20,2,241.62,483.24
17295,6928,10,3,798.27,2394.81
17296,6929,20,2,245.13,490.26
17297,6929,10,4,933.7,3734.8
17298,6929,4,3,369.44,1108.32
17299,6929,15,1,956.77,956.77
17300,6930,9,2,2030.06,4060.12
17301,6931,6,3,102.11,306.33
17302,6931,13,2,512.72,1025.44
17303,6931,18,6,1713.01,10278.06
17304,6931,12,3,237.49,712.47
17305,6932,19,1,1030.24,1030.24
17306,6932,2,3,891.99,2675.97
17307,6933,1,2,2043.73,4087.46
17308,6933,9,3,2012.47,6037.41
17309,6934,7,2,698.39,1396.78
17310,6934,4,3,380.39,1141.17
17311,6934,19,2,1102.42,2204.84
17312,6934,19,2,1117.72,2235.44
17313,6935,8,1,481.49,481.49
17314,6935,4,1,443.7,443.7
17315,6935,4,3,426.32,1278.96
17316,6936,5,3,207.18,621.54
17317,6936,3,6,845.7,5074.2
17318,6936,12,3,245.83,737.49
17319,6937,10,5,930.7,4653.5
17320,6938,14,4,130.44,521.76
17321,6938,15,2,736.63,1473.26
17322,6938,20,6,207.17,1243.02
17323,6939,16,3,1033.87,3101.61
17324,6939,20,3,220.62,661.86
17325,6939,3,4,798.47,3193.88
17326,6939,2,3,924.02,2772.06
17327,6940,11,6,825.32,4951.92
17328,6940,8,2,618.22,1236.44
17329,6941,13,2,466.71,933.42
17330,6941,6,1,125.0,125.0
17331,6942,14,3,122.96,368.88
17332,6942,1,2,1771.43,3542.86
17333,6942,7,2,664.5,1329.0
17334,6942,13,2,450.15,900.3
17335,6943,15,4,984.66,3938.64
17336,6944,7,3,589.5,1768.5
17337,6944,2,1,790.16,790.16
17338,6945,11,3,815.2,2445.6
17339,6945,9,3,2069.47,6208.41
17340,6945,15,4,774.35,3097.4
17341,6946,7,2,667.03,1334.06
17342,6946,8,2,483.35,966.7
17343,6946,6,1,105.45,105.45
17344,6946,7,3,680.11,2040.33
17345,6947,4,2,448.73,897.46
17346,6947,16,3,1270.56,3811.68
17347,6947,10,5,781.41,3907.05
17348,6947,17,2,2272.93,4545.86
17349,6948,1,1,1844.99,1844.99
17350,6948,1,3,1875.59,5626.77
17351,6948,15,2,1001.03,2002.06
17352,6948,7,2,639.12,1278.24
17353,6949,3,1,1002.05,1002.05
17354,6949,13,2,460.74,921.48
17355,6950,12,3,242.5,727.5
17356,6951,11,2,1002.76,2005.52
17357,6951,3,2,981.24,1962.48
17358,6951,14,2,124.99,249.98
17359,6951,15,4,777.43,3109.72
17360,6952,1,1,1935.4,1935.4
17361,6952,15,1,994.28,994.28
17362,6952,3,1,740.42,740.42
17363,6953,5,4,173.7,694.8
17364,6953,9,1,1844.17,1844.17
17365,6953,7,6,576.04,3456.24
17366,6954,11,3,922.49,2767.47
17367,6954,10,5,981.23,4906.15
17368,6955,13,5,497.2,2486.0
17369,6955,1,4,2038.64,8154.56
17370,6956,12,3,256.48,769.44
17371,6957,17,2,1987.55,3975.1
17372,6957,3,3,978.71,2936.13
17373,6957,9,1,2356.71,2356.71
17374,6957,16,3,1085.98,3257.94
17375,6958,7,3,541.12,1623.36
17376,6958,15,3,735.43,2206.29
17377,6958,16,5,999.55,4997.75
17378,6958,4,2,348.96,697.92
17379,6959,15,2,881.53,1763.06
17380,6959,10,2,859.11,1718.22
17381,6960,4,2,396.58,793.16
17382,6960,6,1,107.96,107.96
17383,6960,1,3,1997.39,5992.17
17384,6961,17,4,1717.16,6868.64
17385,6961,8,3,553.68,1661.04
17386,6961,4,2,465.21,930.42
17387,6962,16,2,1055.17,2110.34
17388,6963,12,2,210.65,421.3
17389,6963,1,2,2174.59,4349.18
17390,6963,14,2,137.51,275.02
17391,6963,1,2,1778.0,3556.0
17392,6964,18,3,1913.29,5739.87
17393,6964,11,3,1069.85,3209.55
17394,6964,11,1,1002.97,1002.97
17395,6964,8,1,487.11,487.11
17396,6965,18,4,1569.06,6276.24
17397,6966,10,3,943.49,2830.47
17398,6967,5,3,155.78,467.34
17399,6967,9,2,2288.96,4577.92
17400,6968,4,2,395.26,790.52
17401,6968,7,2,544.53,1089.06
17402,6969,16,4,978.76,3915.04
17403,6969,4,3,451.12,1353.36
17404,6969,10,1,919.94,919.94
17405,6969,8,2,536.45,1072.9
17406,6970,13,2,448.04,896.08
17407,6970,6,1,105.04,105.04
17408,6970,18,2,1513.04,3026.08
17409,6971,19,6,1059.59,6357.54
17410,6971,9,2,1759.71,3519.42
17411,6972,7,2,641.82,1283.64
17412,6973,16,4,1034.79,4139.16
17413,6973,3,4,886.05,3544.2
17414,6973,2,1,903.34,903.34
17415,6973,4,1,440.18,440.18
17416,6974,4,1,449.74,449.74
17417,6974,5,1,207.06,207.06
17418,6975,15,4,948.57,3794.28
17419,6975,13,5,405.72,2028.6
17420,6976,12,3,236.25,708.75
17421,6977,19,2,1099.58,2199.16
17422,6977,12,3,213.99,641.97
17423,6977,10,1,861.41,861.41
17424,6978,16,1,1219.77,1219.77
17425,6978,3,2,986.06,1972.12
17426,6979,12,4,217.25,869.0
17427,6979,18,2,1837.31,3674.62
17428,6980,3,1,858.3,858.3
17429,6980,18,5,1842.61,9213.05
17430,6980,17,3,1859.44,5578.32
17431,6980,7,1,565.57,565.57
17432,6981,4,6,418.62,2511.72
17433,6982,10,3,954.46,2863.38
17434,6982,15,4,830.67,3322.68
17435,6983,10,2,723.2,1446.4
17436,6983,4,1,404.64,404.64
17437,6984,12,2,272.77,545.54
17438,6985,11,4,962.73,3850.92
17439,6985,1,3,1885.5,5656.5
17440,6985,2,1,760.44,760.44
17441,6986,5,3,203.55,610.65
17442,6986,16,2,1317.69,2635.38
17443,6986,5,4,200.53,802.12
17444,6986,18,3,1946.85,5840.55
17445,6987,10,1,900.25,900.25
17446,6988,1,2,1976.21,3952.42
17447,6988,13,3,550.03,1650.09
17448,6988,16,4,1260.17,5040.68
17449,6988,12,3,255.14,765.42
17450,6989,7,3,541.12,1623.36
17451,6989,17,6,1787.75,10726.5
17452,6989,4,1,406.47,406.47
17453,6990,6,2,128.37,256.74
17454,6990,1,3,1882.1,5646.3
17455,6990,20,5,195.85,979.25
17456,6991,4,3,354.14,1062.42
17457,6992,15,2,840.89,1681.78
17458,6992,11,5,1004.35,5021.75
17459,6992,12,3,249.5,748.5
17460,6992,17,2,1818.32,3636.64
17461,6993,14,2,158.77,317.54
17462,6993,5,1,162.81,162.81
17463,6993,2,2,810.47,1620.94
17464,6993,1,4,2091.67,8366.68
17465,6994,6,4,123.04,492.16
17466,6995,15,4,951.16,3804.64
17467,6996,16,2,1303.23,2606.46
17468,6997,11,1,1021.11,1021.11
17469,6997,13,2,457.78,915.56
17470,6997,16,6,1070.04,6420.24
17471,6997,18,1,1744.61,1744.61
17472,6998,16,3,1154.09,3462.27
17473,6998,1,3,2090.42,6271.26
17474,6998,6,3,106.82,320.46
17475,6998,6,3,104.74,314.22
17476,6999,17,2,2226.23,4452.46
17477,6999,17,2,1986.53,3973.06
17478,7000,5,6,155.11,930.66
17479,7001,15,2,937.73,1875.46
17480,7002,13,2,530.67,1061.34
17481,7002,17,3,2318.6,6955.8
17482,7003,4,2,467.52,935.04
17483,7003,9,1,2293.34,2293.34
17484,7003,7,2,526.44,1052.88
17485,7004,2,2,681.72,1363.44
17486,7004,18,1,1853.36,1853.36
17487,7005,20,1,217.78,217.78
17488,7005,3,3,916.66,2749.98
17489,7006,17,4,2334.81,9339.24
17490,7006,18,3,1811.13,5433.39
17491,7006,1,2,1933.56,3867.12
17492,7007,11,3,1073.27,3219.81
17493,7007,3,3,1024.39,3073.17
17494,7007,17,1,1771.99,1771.99
17495,7008,12,1,217.95,217.95
17496,7008,3,1,880.3,880.3
17497,7009,14,3,157.74,473.22
17498,7009,9,5,1928.88,9644.4
17499,7010,17,2,1748.63,3497.26
17500,7011,18,5,1770.77,8853.85
17501,7011,1,4,2185.46,8741.84
17502,7012,2,1,693.3,693.3
17503,7012,18,2,1819.9,3639.8
17504,7012,3,1,750.55,750.55
17505,7013,13,2,546.56,1093.12
17506,7013,11,3,1043.1,3129.3
17507,7013,11,4,1073.64,4294.56
17508,7014,19,3,1303.76,3911.28
17509,7014,16,1,1169.05,1169.05
17510,7014,11,1,814.24,814.24
17511,7015,11,1,940.14,940.14
17512,7015,4,1,451.24,451.24
17513,7016,1,2,2150.68,4301.36
17514,7017,12,2,257.66,515.32
17515,7018,17,2,2009.74,4019.48
17516,7018,17,4,2173.17,8692.68
17517,7018,17,1,2013.68,2013.68
17518,7019,18,2,1697.24,3394.48
17519,7019,7,1,544.13,544.13
17520,7019,11,3,1059.79,3179.37
17521,7020,16,1,972.61,972.61
17522,7020,12,4,286.04,1144.16
17523,7020,8,2,470.76,941.52
17524,7020,9,2,2193.41,4386.82
17525,7021,2,1,680.97,680.97
17526,7021,6,4,135.94,543.76
17527,7021,15,3,765.99,2297.97
17528,7022,11,2,963.56,1927.12
17529,7023,2,3,933.6,2800.8
17530,7023,10,1,747.83,747.83
17531,7023,16,3,1034.01,3102.03
17532,7023,12,2,278.71,557.42
17533,7024,20,3,188.82,566.46
17534,7025,15,4,802.25,3209.0
17535,7025,5,2,163.52,327.04
17536,7026,11,4,886.1,3544.4
17537,7026,2,5,688.92,3444.6
17538,7027,10,4,772.31,3089.24
17539,7027,1,4,1816.31,7265.24
17540,7027,17,2,1995.01,3990.02
17541,7028,5,4,203.78,815.12
17542,7028,13,6,463.78,2782.68
17543,7029,1,3,2115.93,6347.79
17544,7029,7,5,718.3,3591.5
17545,7029,1,2,1889.04,3778.08
17546,7029,11,3,846.32,2538.96
17547,7030,7,2,679.84,1359.68
17548,7030,6,2,118.94,237.88
17549,7030,10,2,878.39,1756.78
17550,7031,1,2,1614.01,3228.02
17551,7032,12,3,211.19,633.57
17552,7032,9,3,2006.5,6019.5
17553,7032,3,3,865.36,2596.08
17554,7033,3,1,865.31,865.31
17555,7033,15,2,872.3,1744.6
17556,7033,15,2,939.87,1879.74
17557,7034,13,5,547.38,2736.9
17558,7034,19,3,1353.23,4059.69
17559,7035,1,2,1857.71,3715.42
17560,7035,6,5,124.33,621.65
17561,7036,11,3,1034.43,3103.29
17562,7036,15,2,954.53,1909.06
17563,7037,17,2,2260.14,4520.28
17564,7037,18,2,1570.82,3141.64
17565,7037,13,4,539.62,2158.48
